Attendance_Percentage,Study_Hours_Per_Day,Previous_Semester_Marks,Assignments_Completed,Sleep_Hours,Internet_Access,Extra_Curricular_Activities,Parental_Education,Class_Participation,Mock_Tests_Attended,Disciplinary_Records,Family_Income,Distance_From_College_KM,Age,Final_Score
87.5,3.7,58.5,7,7.4,Yes,No,Diploma,6,4,0,Middle,9.3,20,96.5
80.5,3.7,63.7,7,7.3,No,Yes,Bachelor,6,5,0,Middle,18.2,22,83
89.1,1.3,59.6,8,6,Yes,Yes,Diploma,5,3,0,Low,12.9,20,94.4
98.8,3.9,69.5,9,7.6,Yes,No,Bachelor,5,1,0,Low,8.7,20,100
79.4,5.8,84.8,6,5.4,Yes,Yes,Bachelor,8,1,0,Low,7.5,20,96.3
79.4,2.2,57.2,6,6.3,Yes,No,Bachelor,9,3,0,Middle,9.7,19,83.9
99.4,6.4,82,10,4.8,No,No,Diploma,7,1,1,Middle,1.8,20,97.4
90.4,5.4,57.1,7,8.7,No,Yes,High School,6,7,0,Middle,2.7,18,97.4
76.8,3.2,56.1,5,6.7,Yes,Yes,Bachelor,5,4,0,Middle,11.8,19,84.3
88,4.2,79.5,7,9.4,No,No,Master,7,6,1,High,12.6,19,100
76.9,7.4,80.9,7,7.9,Yes,Yes,High School,6,6,0,Middle,1.4,21,100
76.9,5.8,79.9,10,7.5,Yes,No,Diploma,7,4,0,Low,12.3,21,98.3
84.7,4.5,49.6,9,6.4,Yes,Yes,Diploma,6,10,0,High,7.1,18,100
61,4.1,61.5,10,5.8,Yes,Yes,Master,6,10,0,Middle,3.8,20,93.6
63,4.6,79.5,9,7.6,Yes,No,High School,7,7,0,High,6.4,20,100
75.8,3.6,68.6,9,6.9,Yes,No,High School,8,2,1,Middle,12.4,19,90.5
70.9,0.7,53,6,5.5,Yes,Yes,High School,9,7,0,Middle,11,18,78.3
85.5,8.2,74.4,7,5.3,Yes,Yes,Bachelor,6,1,2,Low,9.5,18,97.4
72,4.8,58,6,5.9,Yes,No,Master,8,7,0,High,9.9,19,88.9
66.5,5.2,93.1,7,9,Yes,No,Diploma,10,0,0,Low,2.3,20,100
98.1,4.4,89.6,9,9.4,Yes,Yes,High School,8,3,0,Low,10.7,18,100
79.5,3.2,76.5,8,7.2,Yes,No,Bachelor,9,6,0,Low,5.7,19,100
82.7,4.2,87.1,10,7.2,Yes,Yes,High School,6,5,0,Middle,18.1,18,100
66.3,1.6,68.9,5,6.6,Yes,Yes,High School,6,1,0,Middle,6.1,19,70.5
76,8.6,78.7,9,6,Yes,No,Master,7,4,0,High,19.1,19,100
83.2,2.3,88.7,5,8.5,Yes,No,Master,7,5,0,High,7.2,19,100
69.3,2.6,71.4,8,9.1,Yes,Yes,Master,9,4,0,High,7.5,20,97.6
86.1,3.7,64.4,9,6,Yes,Yes,Diploma,6,3,0,High,6.5,18,93.5
75.4,6.8,44.1,7,6.9,Yes,Yes,Diploma,7,6,0,High,1.7,18,100
78.8,4.5,66.8,9,6.5,No,No,Bachelor,9,6,0,High,14.6,20,100
75.4,2.3,79.5,6,6.5,Yes,Yes,High School,7,4,1,High,8.5,22,97.6
100,6.8,81.2,4,8.3,Yes,Yes,High School,7,7,0,High,11.1,20,100
81.9,5.8,75.1,9,5.6,Yes,Yes,Diploma,7,4,0,Middle,16.1,21,100
70.4,5.5,60.4,10,7.5,Yes,Yes,Master,5,3,0,Low,7.3,22,97.2
91,5.8,40.3,6,7.8,Yes,No,Bachelor,5,7,0,Middle,7.5,21,82.9
68.6,8.8,61.1,10,6.8,Yes,Yes,High School,4,7,0,Low,8.7,22,100
84.3,8.4,63.7,8,8,Yes,No,High School,7,3,0,Low,1.6,20,100
60.4,3.3,63.6,5,7.2,No,Yes,Bachelor,9,2,0,Middle,0.5,21,69.8
67.4,7.4,76.7,5,8.3,Yes,No,Bachelor,9,8,0,Middle,0.5,19,100
84.2,5.2,95.8,8,5.3,Yes,Yes,Bachelor,9,4,0,Middle,14.2,19,100
90.1,5.4,69.7,7,6.6,Yes,Yes,High School,10,4,0,High,6.4,22,100
83.9,1.5,65,5,6.9,Yes,Yes,Diploma,7,3,0,Middle,11.9,18,80.3
80.7,4.2,64.4,4,4.1,Yes,No,Bachelor,7,7,0,Middle,6.7,22,87.8
78.7,3,69.7,6,5.8,No,No,Master,10,8,0,Middle,0.5,19,97
65.7,6,56.4,8,6.1,Yes,Yes,High School,6,4,1,Middle,12.3,17,87.3
74.1,6.4,69.7,7,8,Yes,Yes,Bachelor,5,9,0,Middle,3.6,20,100
76.9,0.8,74.3,6,6.2,Yes,Yes,High School,6,3,0,Low,10.9,19,78.1
93.6,4.5,70.9,8,6.1,Yes,No,Diploma,6,3,0,Middle,12.6,20,97.4
85.8,6.5,74.4,10,7.9,Yes,No,High School,7,5,0,High,7.8,18,100
62.6,4.2,74.1,8,5.2,Yes,No,Bachelor,5,2,0,Middle,10.4,22,86.9
85.6,5.8,43.2,7,4.7,Yes,No,Diploma,8,5,1,Middle,0.9,20,92.8
77.8,5.1,76.9,9,6.6,Yes,Yes,Diploma,6,3,0,High,22.6,18,96.9
74.6,5.1,58.6,6,5.4,Yes,No,Diploma,9,1,0,Middle,10.2,17,87.7
88.7,4,52.7,7,5.4,Yes,Yes,Master,5,1,1,Middle,11.9,19,89.1
93.3,2.3,52.5,7,7.6,Yes,No,Bachelor,7,3,0,Low,12.7,22,88.7
92.2,2.5,74.1,5,8,Yes,Yes,High School,6,5,0,High,7.3,19,84
72.8,5.8,64.9,7,7.9,Yes,Yes,High School,7,1,0,Middle,8.4,19,95.7
78.6,4.5,44.5,3,8.2,No,Yes,Bachelor,9,4,0,Low,13.4,21,74.6
85.6,4.3,74.7,10,8.4,Yes,Yes,Diploma,8,4,0,Low,6.2,22,100
92.7,3.7,47.8,6,4.7,Yes,No,Diploma,7,4,0,High,10,20,87.4
76.7,4,70,10,7.5,No,No,Bachelor,8,2,0,Low,10.3,20,90.1
80,6.4,71.3,8,6.4,Yes,No,High School,9,4,0,High,4.3,17,99.1
69.8,3.9,80.4,9,6.2,Yes,No,Master,8,4,0,Middle,10.2,19,99.8
68.8,2.1,92.9,7,7.6,Yes,Yes,High School,8,6,0,Middle,0.5,21,97.1
90.9,5.8,48.9,8,5.1,Yes,No,High School,8,1,0,Middle,12.6,19,80.5
96.9,4.1,67.3,9,5.1,No,No,Diploma,4,4,0,Middle,15.8,19,96.7
81.2,4.6,64.1,9,7.7,Yes,No,Bachelor,6,1,0,Middle,12.5,19,98.8
93,7.4,74.1,9,7.5,Yes,Yes,High School,8,4,0,Middle,15.5,19,100
86,4.5,71,7,7.2,No,Yes,Bachelor,6,2,0,Middle,4.2,21,90.3
74.9,5,63.1,7,6,Yes,Yes,Diploma,6,2,1,Middle,6.9,18,89.4
86,2.4,61.8,4,7.8,Yes,No,High School,8,4,0,Middle,8.6,20,81.6
98.9,4.1,52.4,9,7.7,Yes,No,Master,8,3,0,Middle,8.6,20,91.8
81.6,5.6,81.8,10,7.1,Yes,Yes,Master,8,7,0,Middle,5.8,21,100
99.2,1.7,74.4,10,5.7,Yes,No,Bachelor,5,6,0,Middle,3.4,19,85.2
53.2,4.9,80.8,8,6.5,Yes,Yes,Bachelor,4,6,0,Low,16.6,19,87.8
91,4.7,63.7,6,7.9,No,Yes,High School,9,6,0,Middle,3.8,20,92.3
83,4.6,58.8,4,8.5,Yes,No,Diploma,6,4,0,Middle,16.3,20,87.8
78.7,6.4,52.9,10,6.6,Yes,Yes,Diploma,5,7,0,Middle,10.5,18,100
83,5.1,73,4,6.7,Yes,Yes,Master,5,3,0,Middle,9,18,83.8
60.1,7.2,53.4,7,6.8,Yes,No,Bachelor,9,8,0,High,10.7,18,100
79.6,2.7,93.9,7,7.3,Yes,No,High School,7,2,0,Low,15.6,18,91.2
85.9,4.7,49.7,7,6.4,No,No,Diploma,8,2,0,High,0.5,20,82.8
98.3,4.7,71.8,8,4,Yes,Yes,High School,8,1,0,Middle,9.8,19,87.2
76.3,2.6,89.9,8,8.3,Yes,Yes,High School,7,2,0,Middle,8.7,19,93.2
73.1,6.2,76.4,3,9,Yes,Yes,Diploma,9,1,0,Middle,8.9,17,94.8
76.5,8.7,70.5,8,6.3,Yes,No,Diploma,5,4,0,Middle,12.7,22,100
92.1,4.5,54.4,3,5.8,Yes,Yes,High School,5,6,1,Low,4.9,21,82.4
85.6,5.4,48.7,9,6.8,Yes,Yes,High School,5,4,2,High,2.2,19,88.3
76.2,4.7,78.8,6,6.8,Yes,Yes,Bachelor,8,1,0,Middle,1.1,18,99.8
87.6,3.2,89.1,3,8.1,Yes,No,Bachelor,8,3,1,Middle,3.5,20,95.7
83.1,1.2,61.9,6,7.1,Yes,Yes,Diploma,6,6,0,Middle,11.4,19,76.4
92.7,3.2,52.1,6,6.1,Yes,Yes,Bachelor,7,3,0,Middle,10.5,20,83.8
74.3,2,33.6,10,5.5,No,Yes,High School,10,2,1,High,12.4,20,70.1
78.4,7.6,54.3,8,8,No,Yes,High School,6,1,1,Low,5.7,18,90.9
77.7,4.3,66.4,8,7.7,Yes,Yes,Bachelor,8,3,0,High,5.9,19,95.7
65.9,3.9,90.4,10,8.2,No,Yes,Diploma,6,3,0,Low,16.3,17,94.8
85.3,6.1,77.4,7,5.9,Yes,No,Diploma,9,4,1,Middle,13.1,22,100
84.9,2.5,72.3,9,9,Yes,Yes,Master,8,5,0,Middle,11.8,20,100
82.1,3.1,62.4,9,5.1,Yes,Yes,Diploma,4,3,0,Middle,0.5,21,91.4
79.4,4.6,59.8,5,7.8,Yes,Yes,High School,6,4,1,Low,17.8,18,83.1
66.4,6.4,87.7,10,4.9,Yes,No,Master,3,5,0,Middle,7.5,19,100
77.4,5.4,70.8,5,6.1,Yes,Yes,High School,9,2,0,High,8.9,20,93.2
78.2,4.9,38.6,9,8.7,Yes,No,Bachelor,10,8,0,Middle,10.2,18,100
73.2,4.6,58.6,4,7.9,Yes,No,Diploma,3,3,0,Low,8.8,20,63.9
80.2,5.2,56,9,6.4,Yes,Yes,Diploma,4,5,0,Low,7.1,20,94.4
86.4,4.9,60.4,10,6.4,Yes,Yes,Bachelor,7,2,0,Middle,8.7,22,99.8
100,2.6,75.9,7,7.1,No,No,Diploma,7,4,0,Low,11.2,18,97.3
83.9,4.6,66.5,7,7.6,Yes,No,Bachelor,6,4,0,Low,12.2,20,88.7
84.8,2.6,66.9,9,8.4,Yes,No,Master,4,7,0,Middle,14.1,22,93
81.2,4.6,86.4,7,6.5,Yes,No,High School,8,4,0,Low,2.5,20,96.8
60.9,3.6,58.2,10,5.2,Yes,Yes,Bachelor,9,7,0,Low,5.3,19,96.6
81.7,9.1,94.1,8,7.2,Yes,No,High School,10,5,0,Middle,12.3,18,100
82.7,4.4,58.6,7,6.5,Yes,Yes,High School,10,8,2,Middle,0.5,22,87.1
100,2,69.2,6,5.6,Yes,No,Master,4,0,0,Low,8.8,18,84.2
79.9,4.3,64.1,6,7.3,Yes,No,Diploma,7,5,0,Middle,4.1,22,88.7
85.3,5.4,69.7,6,6.8,Yes,Yes,High School,8,0,0,Middle,10.8,19,100
81.6,7.5,74.2,7,7.3,Yes,Yes,Bachelor,6,4,0,Low,3.8,21,100
69.1,3.4,74.1,7,6,No,Yes,Diploma,9,6,0,Middle,6.2,19,92.6
94.6,1.7,57.5,6,7.5,Yes,Yes,Diploma,8,7,1,Middle,6.5,21,89
90.3,6,52.3,10,5.6,Yes,No,Bachelor,9,5,0,Low,9.2,19,100
90.7,2,100,5,6.1,No,No,Master,9,3,0,Middle,12.8,21,99
72,3.7,61.2,8,6.7,Yes,No,High School,8,5,1,High,13.2,18,78.4
97.4,4,77.8,9,8.9,Yes,Yes,High School,6,9,2,High,9,19,100
66.6,4.4,45.5,9,7.9,Yes,Yes,High School,4,4,0,Middle,2.5,21,89.4
88.5,5.7,64.1,7,8.2,Yes,Yes,High School,7,6,0,Low,20.9,18,97.5
100,3.3,66.2,7,8.6,Yes,Yes,Master,6,3,0,Middle,7.6,20,100
71.1,4,74.6,8,10,Yes,No,Master,6,6,0,Low,9.4,19,97.7
75.8,4.5,30,8,7,Yes,No,Bachelor,9,6,0,Middle,9.2,19,82.7
83.1,4.8,70.3,7,8.6,Yes,Yes,Bachelor,10,3,0,High,9.8,19,100
76.5,4.7,51.9,4,8.1,Yes,No,Bachelor,5,6,0,Middle,3.8,18,90.1
64.9,5.3,72.5,7,8.1,Yes,Yes,High School,7,6,0,Middle,10.2,18,100
82.8,6,53.5,5,9,No,Yes,High School,6,5,1,Low,17.1,17,92.7
70.3,5.2,56,6,6.5,Yes,Yes,Diploma,8,4,0,Low,0.5,19,92.6
87.2,5.3,64.2,8,6.5,Yes,No,Bachelor,2,6,0,High,8.2,18,100
71.9,1.7,53.3,8,7.4,Yes,No,Diploma,4,2,0,Middle,2.4,20,86.2
99,4.6,61.3,10,6.8,Yes,Yes,Bachelor,7,4,0,Middle,12.9,20,100
73.4,5.4,51.3,6,7.4,Yes,No,High School,9,4,0,Middle,13.7,19,86.3
78.5,5.8,42.3,9,8.7,Yes,No,Bachelor,7,6,0,Middle,7.4,20,96.5
90.9,3.3,82.3,8,6.5,Yes,Yes,Master,8,2,2,Middle,8.3,19,86.4
68.5,3.3,49.9,10,6.7,No,No,Diploma,7,4,0,Middle,3.6,17,85.7
84.5,3.5,65.5,9,7.2,Yes,No,Bachelor,10,3,0,Middle,0.5,21,96.5
96.4,5.5,78.5,5,6.7,Yes,Yes,Diploma,10,4,0,Middle,6.6,18,100
64.3,6.4,59.4,4,4.9,Yes,No,Bachelor,5,5,0,Low,6.9,19,84.2
84,3.8,56.4,8,6.4,Yes,Yes,Diploma,9,1,0,Middle,8.2,18,78.1
84.9,6.1,71.2,6,7.8,Yes,No,Diploma,8,7,1,Low,0.5,20,100
90.6,4.7,83.7,6,8.6,Yes,No,Diploma,10,5,0,High,0.5,19,100
68.4,4.3,51.6,5,5.7,Yes,Yes,High School,5,2,0,Middle,0.6,18,68.5
67.5,4.1,65.9,8,5.7,Yes,Yes,Master,7,3,0,High,8.4,18,99.3
87.7,5.8,43.7,10,7,Yes,Yes,Master,5,7,0,Middle,10.9,18,100
85.3,5.1,62.5,7,4.7,No,Yes,Diploma,5,5,0,Low,2.2,20,99.4
84.8,8.6,68.5,9,6.5,Yes,Yes,High School,8,2,0,Middle,6.6,20,100
85.8,3,56,7,5.1,Yes,No,Bachelor,7,2,0,Middle,5.1,18,86.2
74.5,5.4,61.6,5,8.5,Yes,Yes,Diploma,8,5,0,Middle,18.2,18,100
84.6,3.5,48.3,9,6.2,Yes,Yes,Diploma,8,5,1,Middle,6.1,19,96.9
85.2,2.9,69.1,5,8.8,Yes,No,High School,7,5,0,Low,5.9,22,100
74.1,4.5,82.8,8,8.2,Yes,No,Master,7,3,0,Middle,3.9,19,100
100,4.7,52.6,7,6.3,Yes,Yes,Bachelor,5,6,0,High,0.5,20,94.8
87.2,9.8,59.3,9,5.8,Yes,No,Bachelor,6,3,0,Middle,11.2,19,100
68.9,4.2,75,5,6.8,Yes,No,Diploma,7,2,0,Middle,6.7,18,82.2
89.2,2.5,85,8,6.9,Yes,Yes,Bachelor,7,7,2,Low,6.1,22,100
71.3,5,47.1,6,7.4,Yes,Yes,Bachelor,8,5,0,Low,8.9,18,100
90.7,0.8,65.6,6,6.1,Yes,No,Diploma,8,2,0,Middle,0.5,20,92
94.7,4.3,72,0,7.8,Yes,No,Bachelor,10,4,0,Middle,16.9,22,90.5
73,4.5,66.6,10,7.3,Yes,Yes,Master,5,4,1,Middle,0.5,19,100
92.6,5.9,33.3,9,6.6,Yes,Yes,Master,7,3,0,Middle,16.9,18,89
86.5,6.3,75,6,6.2,Yes,No,Bachelor,5,4,0,Low,7.9,19,97.1
91,3.6,89.3,5,6.8,Yes,No,Bachelor,10,2,0,Low,6.1,20,95.1
100,4.2,69.6,7,6.1,Yes,No,Bachelor,6,6,1,Low,11.4,22,92.6
79.3,3.1,53.6,9,7.1,Yes,No,Master,9,4,0,High,6.3,20,96.7
73.7,2.5,60.8,4,7.1,No,No,Diploma,10,1,0,Middle,12.7,19,84.8
72.2,5.1,92.8,7,7.3,Yes,No,High School,8,4,0,High,9.5,19,100
73,2.2,80.7,10,8.9,Yes,No,Bachelor,8,3,0,Middle,11.6,20,100
81.2,3.8,77,5,6.9,Yes,No,Master,7,0,0,Low,13.2,20,92
85.8,2.7,73,8,8.1,Yes,Yes,Diploma,6,4,0,Middle,7.1,18,96.5
85,5.5,58.7,10,7.3,No,No,Bachelor,6,6,0,Middle,12.8,20,98.2
91.1,7.7,65.2,9,6.7,Yes,Yes,Diploma,7,4,1,Middle,10.6,22,100
82.1,2.2,66.9,8,6.9,Yes,Yes,Master,10,5,1,Middle,14.7,20,84.1
98,1.2,75.7,9,6.9,Yes,No,Bachelor,5,4,0,Middle,6.2,17,92.7
79.1,4.3,89.1,7,7.3,Yes,Yes,Bachelor,7,3,0,Middle,14.8,18,97.5
100,4.5,83.7,10,5.9,Yes,Yes,Bachelor,8,3,0,Low,4.1,19,100
88.9,4.9,48.1,7,5.4,Yes,No,Bachelor,6,1,0,High,0.5,20,79.6
72.6,3.7,71.1,4,7.7,Yes,No,Master,8,6,0,Middle,1.2,19,99.2
70.2,4.1,78.3,7,8,No,No,Master,4,5,0,Middle,6.3,18,97.2
87.3,5.2,76.7,6,7.8,No,No,High School,10,3,2,Middle,9.3,20,97.8
79.5,6.4,59.2,7,7.2,Yes,Yes,High School,9,0,0,Low,8.1,21,90.6
89.9,1,100,7,7.8,Yes,Yes,Bachelor,7,5,0,High,11.9,18,96.2
87.2,3.8,50.1,10,7.8,No,Yes,Master,5,2,0,Middle,2,18,94.7
81.2,4.9,52.8,9,7.9,Yes,No,Diploma,9,4,0,Middle,16.6,20,100
72.7,2.8,71.3,8,6.1,Yes,No,High School,5,1,0,High,14.7,20,85.8
65.3,7.6,97.6,7,5.8,No,No,Diploma,5,4,0,Middle,12.7,20,100
77.1,3.4,56.3,5,6.6,Yes,Yes,Diploma,7,4,1,High,14.3,19,74.5
91.4,4.4,64.3,3,7,No,Yes,Bachelor,10,0,2,Middle,0.5,19,80.8
84.4,5.5,83.1,8,6.7,Yes,Yes,High School,8,7,0,Middle,11.5,22,100
68.3,3.4,67.7,9,4.9,Yes,Yes,High School,6,3,0,Low,11.7,20,81.7
83.9,1.2,63.3,7,8.9,Yes,No,Master,4,3,0,Middle,12.8,19,78.4
86.2,3.7,75.9,6,6.7,Yes,Yes,High School,7,5,0,Low,12.2,21,87.5
72.3,6.4,71.8,8,7.2,Yes,Yes,Bachelor,8,4,0,High,10.2,22,100
83.7,3.9,82.4,7,8.4,Yes,Yes,Diploma,7,5,0,Middle,10,19,100
82.6,3,86.1,10,4.4,Yes,No,Bachelor,10,2,0,Middle,14,21,100
69.4,6.2,72.3,10,6.4,Yes,Yes,High School,7,4,0,Low,4.9,18,90.9
85.9,3.9,72.1,9,6.6,Yes,Yes,Diploma,2,0,2,High,9.8,18,92.2
88.2,3.6,71,9,6.6,Yes,No,Diploma,6,4,0,High,5.2,18,100
93.9,4.8,74.8,5,6.8,Yes,No,Master,8,7,0,Middle,7.2,19,100
93.6,5.9,68.8,9,8.6,Yes,No,Bachelor,8,1,1,High,0.5,19,100
66.8,8.8,68,8,7.7,Yes,Yes,High School,7,3,0,High,3.6,20,100
71.7,6,84.8,9,8.1,Yes,No,Bachelor,6,0,0,Middle,5.8,21,100
87.7,6.6,89.2,8,7.1,Yes,Yes,High School,3,4,0,Low,5.9,18,100
87.7,3.6,46.9,8,5.5,No,Yes,Master,7,5,1,Middle,6.3,19,81.8
87.7,2.7,68.1,10,4.7,Yes,No,High School,6,5,0,Middle,2.1,19,96.2
100,4.6,58.4,7,5.3,Yes,Yes,Diploma,7,3,0,Middle,6.3,19,93.9
88.3,4.7,63.6,9,7.4,Yes,No,High School,8,0,0,High,13.4,20,98.8
94.5,2.6,73.6,7,7,Yes,No,Bachelor,9,2,0,Middle,6.5,19,94.3
92.5,4.2,77.4,9,6.8,Yes,Yes,Diploma,5,7,0,High,14.5,19,98.8
89.2,5.2,66.4,9,6.6,Yes,Yes,Diploma,4,6,0,High,14.2,21,94.4
78.5,5.1,41.2,8,9.2,Yes,Yes,High School,6,4,0,High,5.1,21,86.9
90.3,5.4,54.5,10,6.1,No,No,Master,6,4,0,Middle,10.8,19,100
73.5,5,80.6,6,8,No,No,Bachelor,5,2,2,Middle,1.4,18,87
79.4,3.6,30,7,7,Yes,No,Bachelor,10,7,0,High,2.7,22,88.9
76.7,3.6,84.6,8,6.9,Yes,No,Bachelor,7,3,0,Low,8.6,20,88.8
82.9,2.3,75.3,9,8.3,Yes,Yes,Bachelor,10,5,0,Middle,10.5,20,100
100,7.7,86.4,8,8.6,Yes,No,High School,7,1,0,Middle,16.1,18,100
61.5,4.5,65.2,10,6.7,Yes,Yes,Master,5,4,0,Middle,7.2,21,100
89.5,4.1,39.1,6,7.9,Yes,No,Diploma,5,6,0,Middle,8.9,20,86.2
64.3,2.8,74,5,7.4,Yes,Yes,Bachelor,9,2,0,Middle,8.5,20,90.6
76.8,9.8,85.8,8,7,Yes,No,Bachelor,5,5,0,High,17,18,100
94,2.6,80.9,7,7.2,No,Yes,Bachelor,8,2,0,Middle,14.7,20,96.4
82.7,3.7,58.7,9,6.2,No,Yes,Master,6,2,0,Middle,9.9,18,98.2
70.1,5.2,69.2,7,6.7,Yes,No,Diploma,5,4,0,Middle,12,18,92.4
74.1,5.6,60.5,7,6.4,Yes,No,Bachelor,10,6,0,Low,9.7,19,95.1
89.5,6.2,56.5,7,8,Yes,No,Bachelor,6,3,1,Middle,13.4,17,93.7
74,7.8,81.4,8,6.9,Yes,No,High School,5,5,0,Middle,12.3,18,100
84.4,5.4,51.2,7,5.6,No,Yes,Diploma,7,6,0,Low,6.5,20,89.7
82.5,2.6,55.5,7,6.2,Yes,No,Bachelor,6,2,0,Middle,8.5,21,78.6
74.8,4,52.5,7,4,Yes,No,Diploma,10,1,0,High,8.8,18,80.9
100,5.1,47.1,9,6.5,Yes,Yes,Diploma,9,3,0,Middle,8.8,21,100
89,8.2,70,8,7,No,No,Diploma,6,7,0,Middle,5.5,19,100
59.7,2,84.3,10,6.9,Yes,No,Bachelor,6,2,0,Low,9.7,22,91.1
84.1,6.7,65.4,8,9.2,Yes,No,Master,3,6,0,Middle,5.5,18,100
74.7,4.8,46.9,6,7.6,No,Yes,High School,7,3,1,Middle,5.1,18,88.5
91.4,6,79.8,10,7.6,Yes,No,Bachelor,6,8,0,Middle,7.4,21,100
73.3,4.3,91.6,8,5.2,Yes,Yes,Diploma,7,8,1,Low,9.3,19,100
80.7,3,59,9,6.6,Yes,No,Diploma,3,6,0,Low,14.1,19,82.4
87.6,5.9,61.3,9,6.5,No,No,Master,7,1,0,Middle,11.6,19,94.2
91.5,5.7,75.2,9,6.1,Yes,No,High School,10,0,1,Middle,13.6,21,100
68.8,6.2,90.7,9,6.1,Yes,No,High School,7,4,1,Low,16.9,18,100
78.3,4.5,60.7,5,5,Yes,Yes,Bachelor,5,6,1,Middle,5.1,19,84.9
76.8,3.4,49.3,8,5.6,Yes,No,Diploma,7,5,0,Middle,11.6,19,85.9
74.8,1.7,76.8,5,8,Yes,Yes,Bachelor,7,3,0,Low,11.8,19,84.9
100,6,79.2,7,6.8,Yes,Yes,Bachelor,10,1,1,Middle,9.3,19,100
86.5,5.3,68.1,6,6.4,Yes,Yes,Diploma,6,6,0,Middle,12.5,21,97.6
68.1,2.8,60.2,8,7,Yes,Yes,High School,5,8,0,Middle,8.4,18,87.6
92.1,3.5,81.9,8,8.3,No,No,High School,7,3,0,Middle,11.4,19,100
100,3.7,75.4,8,7,Yes,No,High School,7,6,0,Middle,0.9,19,100
93.4,1.8,57.2,8,7.6,Yes,No,Diploma,8,9,0,Middle,8,20,100
65.3,3,68.7,6,6.1,Yes,Yes,Master,9,4,0,High,11.5,19,100
76.7,2.5,49.1,7,6.3,Yes,No,Bachelor,10,4,1,High,13.1,20,70.6
95.9,3.8,77.6,9,7.4,Yes,No,High School,6,5,0,Middle,3.7,19,99.5
74.2,3.2,64.3,10,9.1,Yes,Yes,Master,6,3,0,Middle,7.6,20,91.1
86.9,1.6,61.9,5,8.6,Yes,No,High School,3,7,0,High,2.7,19,81.1
90.5,8.1,67.5,4,7.6,No,No,Bachelor,8,3,0,Low,6.1,18,100
71.8,6.8,68.6,6,7.2,Yes,No,High School,5,4,0,Low,9.6,20,79.2
81.3,3.1,80.5,10,8.5,Yes,Yes,High School,9,1,0,High,13.2,20,100
46.3,5,76.3,10,7.9,Yes,Yes,Bachelor,6,4,0,High,12.5,20,88.6
70.7,5.3,65.8,6,4.5,Yes,No,Diploma,10,2,0,High,9.1,19,90.1
79.2,6.6,78.7,8,5.8,Yes,No,Bachelor,4,5,1,High,4.7,18,100
68.3,3,73.6,10,7.4,Yes,No,Diploma,9,1,0,Middle,7.3,21,98.5
100,6.5,62,8,5,No,No,High School,9,6,1,High,20.7,18,100
66.3,3.5,66.3,10,6,Yes,No,Bachelor,8,2,0,Low,1,19,90.4
77.2,2.1,65.9,9,6.2,Yes,No,Bachelor,5,8,0,High,2,21,83.8
83.4,5.8,75.1,6,6.7,Yes,Yes,High School,8,7,0,Middle,8.9,19,100
97.9,6.8,62.9,7,6.7,Yes,No,Diploma,7,5,0,Low,11.5,19,100
66.2,9.2,62.5,8,6.7,Yes,Yes,Bachelor,3,1,2,Middle,12.3,20,94
94.8,2.3,95.6,8,7.9,Yes,Yes,Bachelor,10,3,0,Middle,9.4,22,100
82.1,5.8,81.2,9,6.7,No,No,Bachelor,6,2,0,Low,0.5,18,100
71.2,3.8,57.4,8,6.6,Yes,Yes,Bachelor,10,2,1,Low,6.9,18,89
87.1,5.9,76,2,5.5,Yes,Yes,Master,7,7,0,Low,0.5,19,100
84.2,1.9,69.7,5,8.1,Yes,Yes,Diploma,9,4,2,Middle,10,19,76.9
75.4,2.2,73.5,3,6.3,Yes,Yes,Bachelor,5,3,0,Middle,10.3,20,82.8
82.8,3.1,69.9,8,5.8,Yes,Yes,Bachelor,7,3,0,High,7.4,19,100
77.8,4.6,84.7,8,7.2,Yes,Yes,Bachelor,7,3,0,Middle,2.1,19,100
83.2,3.3,72.8,8,6.2,Yes,No,Diploma,6,5,0,High,3.9,19,100
89.3,5.7,67.1,6,6.4,Yes,No,Bachelor,5,1,0,High,0.5,18,100
99.4,6.3,82.6,9,7.3,Yes,No,Bachelor,1,4,0,Low,7.7,18,100
68.4,5.6,71.3,9,6.6,Yes,No,Bachelor,5,5,0,Low,23.8,19,92.5
100,7.4,69.7,5,9.5,Yes,No,High School,8,1,0,Middle,7.5,20,100
60.5,5.2,72.4,5,6.9,Yes,Yes,Bachelor,4,1,0,High,5.9,19,100
80.3,2.3,66.7,7,7.7,Yes,Yes,Master,5,4,1,High,9.1,19,89.3
88.5,7,68.1,10,4.9,Yes,No,Master,4,7,0,Middle,2.2,19,100
85.1,3.4,59.8,10,6.1,Yes,No,Bachelor,7,6,1,Low,2.4,22,89.3
75.2,6.1,57.5,9,5.8,Yes,Yes,Bachelor,5,3,1,High,4.9,18,94.1
79.7,7.3,54,6,6,Yes,Yes,High School,9,7,0,Middle,12.4,19,92.4
76.6,5.3,48.5,9,7.5,Yes,No,Diploma,8,3,0,Low,9.7,19,100
75.5,1.8,55.7,7,8.1,Yes,No,High School,7,3,0,High,7.2,22,86.1
91.3,2.8,65.6,6,7.4,Yes,No,Bachelor,8,4,0,High,11.7,19,95
85.9,6.9,69.4,3,6.8,Yes,Yes,Diploma,5,6,0,Low,16.5,19,90.2
74.4,4.2,64.2,8,6.3,Yes,No,Bachelor,5,3,0,Middle,11.7,18,81.6
91.9,4.6,35,6,8.2,Yes,No,Bachelor,8,3,0,High,2.9,17,90.1
85.4,5.9,90,8,9.3,Yes,No,Master,9,2,0,Middle,0.5,19,100
90.9,5.8,83.2,3,7.1,Yes,No,Bachelor,8,5,2,High,0.5,20,93.9
88.9,5,74.2,8,8,No,No,Bachelor,6,6,1,High,12.3,20,100
72.9,4.1,94.7,3,7.4,No,No,Bachelor,6,6,0,Low,4.2,20,96.3
75.8,3.9,54.3,10,7.8,Yes,No,Diploma,5,1,0,Middle,12.1,21,90.6
90.2,6,94.4,9,5.7,Yes,Yes,High School,9,3,0,Middle,5.7,18,100
88.7,5.5,54.5,7,6.5,Yes,No,High School,3,6,1,Low,9.9,18,77.2
81.8,4,71.3,9,7.4,Yes,No,High School,3,4,0,Low,11.5,20,97.6
83.3,6.4,50.2,6,8.3,Yes,No,Master,3,4,2,Middle,4.1,19,84
96.1,4.3,68.2,8,6.1,Yes,No,High School,3,4,0,Middle,12.1,22,96.3
75.5,3,73.4,9,4.8,Yes,No,Bachelor,10,5,0,Middle,4.7,22,98.6
88,3.1,65.8,1,6.5,Yes,No,High School,9,5,0,Low,4.5,18,86.8
79.8,2.7,78,7,8.1,Yes,Yes,Master,5,3,0,Middle,12.1,20,86.9
79.6,4,69.4,7,5.3,Yes,Yes,Diploma,7,6,1,Middle,11.2,18,97.8
94.1,6.7,60.7,7,5.7,Yes,No,Diploma,10,2,0,High,10.3,19,100
91.1,3.1,60.1,10,7.2,Yes,Yes,Diploma,8,7,2,Middle,2.5,21,100
90.9,4.8,79.4,5,6.9,Yes,No,Bachelor,10,2,1,High,6.1,19,100
96.4,3.3,58.8,6,7.7,No,Yes,High School,7,5,1,Middle,11.4,18,90.1
82.2,4,80.8,4,5.6,Yes,No,Bachelor,6,4,0,Middle,19.4,18,95.6
89.5,1.8,85.1,10,6.6,Yes,No,Bachelor,5,3,0,Middle,17.1,18,100
78.6,4.1,44.6,7,8.3,Yes,Yes,High School,7,7,0,High,5.7,19,98.9
85.6,4.2,83.9,7,5.7,No,No,High School,9,5,2,High,4.7,20,100
80.6,5.5,96.8,7,8.6,Yes,No,Bachelor,7,4,0,High,16.6,20,100
83.1,4.9,71.5,9,5.8,Yes,Yes,High School,6,7,0,Middle,11,20,100
88.5,2.3,76.4,8,7.9,Yes,Yes,Master,10,6,1,Middle,5.7,19,95.8
73,6.5,82.5,10,6.6,Yes,No,High School,8,2,0,Middle,8.6,18,100
100,4.9,64.1,8,5.7,Yes,Yes,Bachelor,7,0,0,High,1.8,18,96.3
70.9,4.9,70.6,7,6.5,Yes,No,Bachelor,5,4,0,Middle,13,22,94.9
68.6,4.5,49.6,6,7.6,Yes,Yes,Bachelor,6,7,1,High,15,18,84.3
94.7,3.6,69.9,7,7,Yes,Yes,Diploma,8,5,0,Middle,15.7,18,98.3
90.7,4.9,75,4,8.2,Yes,Yes,Master,5,7,1,High,13.6,17,100
88.9,5.4,75.2,8,8.6,Yes,Yes,Bachelor,5,3,0,Middle,6.4,19,100
88.9,1.4,82.9,9,5.7,Yes,Yes,Bachelor,6,4,0,High,12.5,20,98.5
81.9,3.5,57.2,6,5.6,Yes,No,Bachelor,7,4,0,Middle,15.3,19,88.9
72.1,4,60.5,6,5.6,Yes,Yes,Bachelor,10,4,0,Middle,12.7,20,92.8
82.8,5,94.5,10,6,Yes,Yes,Master,5,6,0,Middle,12.3,22,100
74.6,6.6,65.9,5,8.2,Yes,Yes,Master,7,7,0,High,9,21,100
92.7,3.1,70.8,3,7.6,Yes,No,High School,6,8,0,Middle,3.5,18,89.8
80.4,3.6,67.1,5,6.4,Yes,No,Diploma,7,7,0,High,17.3,19,92.3
72.9,3.6,56.5,4,7,No,No,Master,10,5,0,Low,7.8,20,79.4
78.5,3.1,90.7,8,8.5,Yes,Yes,High School,7,3,0,Low,14.1,22,97.7
86.5,3.9,60.6,7,9.1,Yes,No,Master,5,4,0,Middle,20.4,20,94.6
75.8,5.9,52.2,7,7.3,Yes,No,Bachelor,9,5,0,High,12.5,18,93.3
73,2.6,61.7,10,4.1,No,No,High School,9,4,0,Low,13.9,18,83.5
84.7,5.3,40,6,7.3,No,Yes,Diploma,5,2,0,Middle,3.3,19,80.8
84.7,1.4,58.9,9,8,Yes,No,Diploma,5,3,1,Middle,4.4,18,81.4
76.4,3.5,54.4,10,7.2,Yes,Yes,Bachelor,8,6,0,Middle,14.3,18,89.6
76.8,3.9,76.6,7,7.8,Yes,Yes,Diploma,7,4,0,Middle,5.3,20,100
84.6,7.5,58.6,9,7.4,Yes,Yes,Diploma,6,4,0,Low,1.3,19,100
66.1,4,80.4,7,5.6,Yes,Yes,Master,9,4,0,Middle,0.5,18,100
66.5,0.5,87.6,9,6,Yes,Yes,High School,6,2,1,Middle,6.9,18,89.3
74.1,0.9,78.9,4,6.6,Yes,No,Bachelor,8,4,0,Middle,6.9,17,81.6
79.7,4.6,65,4,8.2,Yes,No,Bachelor,9,3,0,High,13,18,92.6
85.4,5.6,70,7,6.2,No,No,High School,6,3,0,High,3.1,21,92.2
98.2,5.2,46.7,6,7.5,Yes,Yes,High School,3,2,0,Middle,14.9,20,84.4
91.4,4.8,66.1,6,7.3,Yes,No,Diploma,6,4,0,Middle,1.9,19,96.9
80.2,6.6,56,7,8.7,Yes,No,High School,7,5,0,Low,2.1,20,91.6
81.8,3.5,77.7,9,7,Yes,Yes,Diploma,9,6,0,Middle,8.7,19,100
71,6.1,100,7,5.1,Yes,No,Bachelor,6,1,0,High,8.3,20,100
81.8,1.6,75,6,7.7,Yes,No,Bachelor,10,7,0,High,10.9,18,98.5
78.8,2.9,40.1,7,9.4,Yes,Yes,Bachelor,4,5,0,Low,2.1,18,81.4
85.5,1.2,62.9,6,7.8,Yes,Yes,Diploma,7,2,0,Low,9.8,18,84
72.9,4,69.7,6,6.1,Yes,Yes,High School,7,3,0,High,0.5,18,94.4
87.7,4.4,69.2,4,5.8,Yes,No,High School,10,0,0,Low,0.5,18,81.5
98.9,4.7,57.8,8,6,No,Yes,Diploma,4,1,0,Middle,17.1,20,86.6
80.8,4.6,71.4,6,9.2,Yes,Yes,Master,8,7,0,Low,13.2,18,100
86.4,2.8,50.6,9,6.6,No,No,High School,7,3,0,High,8,19,92.2
89.6,4.2,54.8,5,6.3,Yes,No,Diploma,10,5,0,Low,0.5,20,100
77.6,1.8,77,6,6.8,Yes,Yes,Bachelor,5,4,0,Middle,5.7,20,88.7
84.5,7,53.8,10,6.7,Yes,No,Bachelor,8,4,2,Low,10.2,18,100
82.1,4,75.5,6,8.7,Yes,No,Master,5,5,1,Low,5.7,18,87.2
83.1,3.6,48.8,7,5.9,Yes,No,High School,7,0,0,Middle,15.8,21,79
73.5,7.4,92.7,5,8.3,Yes,No,High School,6,7,0,Low,11.1,20,100
82.3,2.3,57.2,5,7.1,Yes,Yes,Diploma,6,4,0,Low,3.4,20,89.5
87.5,2.5,64.9,10,8.3,Yes,No,High School,3,3,1,Low,0.5,19,87.6
98,2.5,72.6,8,8.7,Yes,No,Bachelor,8,5,1,Low,12.4,18,94.6
92.6,4.4,60.1,8,7.1,Yes,No,Master,5,3,0,High,12.2,19,87.9
100,5.3,70,4,6.7,Yes,No,Bachelor,5,4,0,Middle,11.8,18,97.1
73.6,5.8,76.1,8,7.1,Yes,No,High School,4,4,0,High,16.4,20,94.3
91.6,9.1,81.4,10,6.9,No,Yes,High School,5,5,0,Middle,10.3,20,100
84,0.5,79.1,10,5.2,Yes,Yes,Master,8,4,0,Low,8.5,20,98.2
100,5.6,65.6,9,8.7,Yes,Yes,Diploma,8,2,0,Middle,11.8,19,100
73.1,3.5,65.9,5,7.3,No,Yes,Master,8,5,1,Low,14.2,19,88.8
72.8,3.4,100,8,5.7,Yes,No,Bachelor,5,3,0,Middle,11.4,20,100
75.4,3.4,81.3,9,4.7,Yes,Yes,Master,7,0,0,Low,8.2,20,86.5
58.6,2.9,55.1,4,4.4,Yes,Yes,Master,6,4,0,Middle,12.8,18,68.6
76.2,7.5,69.4,5,7.8,Yes,No,Diploma,9,3,1,High,8.5,20,100
73.6,6,63.3,9,6.3,Yes,No,Bachelor,8,5,0,High,5.6,19,98.5
83.7,4.5,66.1,9,6.5,Yes,No,Diploma,6,2,0,Middle,8.6,19,98.2
85.8,6.9,50.8,4,7.5,Yes,No,High School,9,2,0,Middle,6.4,19,97.8
100,1.8,62.2,9,6.4,Yes,No,High School,8,6,0,Low,7.6,18,95.5
92.5,2.1,93.4,8,7.6,Yes,No,Diploma,4,6,0,Middle,3.8,18,100
75.7,0.6,76.1,9,7.1,Yes,No,High School,4,4,0,High,13,20,83.9
72.1,3.2,33.1,6,6.9,Yes,No,High School,4,5,0,Middle,9.1,21,81.5
87.4,4.8,85,9,5.3,Yes,Yes,Bachelor,10,6,0,Middle,11.6,19,100
67.5,4.7,83.3,9,6.1,Yes,No,Master,5,4,0,Middle,10.4,21,94
100,4.8,63,7,7.7,Yes,No,Bachelor,10,2,0,Middle,3.5,19,100
95,2,78,8,6.2,Yes,No,Diploma,5,5,0,Middle,14.6,21,98.7
76.8,5.9,56,6,8.3,Yes,No,High School,5,6,0,Low,6.9,19,93.5
63.2,4.9,61.4,10,9.6,Yes,No,High School,9,5,0,Middle,6.2,18,100
96.9,5.8,89,7,7.7,Yes,No,Bachelor,9,4,0,Low,9.1,21,100
80.7,1.1,64.2,6,8.6,Yes,Yes,Bachelor,8,5,0,Middle,9.2,20,84.3
95.6,5.1,41.8,6,7.8,Yes,Yes,Diploma,8,4,0,Low,21,19,85.8
64.5,2.4,67.1,8,6.4,Yes,Yes,Bachelor,5,6,0,High,11,21,89.7
75.4,3.8,66.9,9,7.2,Yes,Yes,Bachelor,9,7,0,High,5.6,17,100
82.1,5.5,84.8,5,9.2,Yes,Yes,High School,7,1,0,Middle,17.5,20,90.3
82.5,4.7,68.2,10,6.4,Yes,No,Diploma,6,6,0,Low,0.5,20,100
77,3,62.1,8,5.9,Yes,No,Bachelor,7,8,1,High,5.6,19,91.5
88.9,4.5,82.6,8,5.8,No,No,Bachelor,9,5,0,High,5.2,20,100
70.3,1.7,69.7,7,6.8,Yes,No,High School,8,6,0,Middle,8,18,89.3
80.4,6.6,57.5,8,5.9,Yes,No,High School,3,3,1,High,9.7,18,98.8
83.3,4.1,84.2,7,8.8,Yes,Yes,Bachelor,9,3,0,Low,10.2,19,99.2
87.7,6.5,70.7,10,7.2,No,No,Diploma,9,4,0,Middle,10.1,21,100
89.8,3.6,68,7,8.1,Yes,No,Bachelor,6,3,0,Middle,11.1,18,97.8
69.6,3.6,70.5,9,6.7,Yes,Yes,High School,7,1,0,Low,7.7,19,90.5
65.1,3.1,53,7,5.7,Yes,Yes,High School,7,4,0,Middle,14.4,20,77.2
96.1,6.1,60.6,8,5.6,No,Yes,Diploma,3,6,0,Middle,0.5,20,96.8
85.7,3.2,68.1,6,6,Yes,No,Master,6,1,0,Low,0.5,20,87.2
73.8,5.7,65.3,10,7.4,Yes,No,Bachelor,6,4,1,Middle,11.7,22,87.8
99.1,3.8,85.8,6,7.6,Yes,No,Master,7,4,0,Low,6.3,19,100
83.3,0.9,71,7,7.7,Yes,Yes,Diploma,6,3,0,Middle,16.6,21,79.7
95,3.5,80,7,5.4,Yes,Yes,Bachelor,8,5,0,Middle,13.2,20,100
82.7,2.4,68.1,7,7,Yes,Yes,Master,5,5,0,Low,10.9,20,93.9
100,4.6,82.8,9,5.9,Yes,Yes,Diploma,9,3,0,Middle,5.6,19,100
100,2.4,73.6,7,7.4,Yes,Yes,Master,8,6,0,Middle,11.4,18,95.6
79.3,6.2,68.2,10,7.5,Yes,Yes,Master,10,5,1,Middle,6,18,100
92.7,4.3,67.8,6,5.7,No,No,Master,10,7,1,Middle,8.3,20,100
89.1,4.2,54.6,8,8.1,No,Yes,Master,10,4,0,Middle,6.4,19,100
97.1,5.7,75.1,6,9.6,Yes,Yes,Bachelor,5,3,0,Middle,9.3,19,100
71.4,6.2,67.4,8,7.9,Yes,No,Master,8,4,0,High,6.7,20,100
89.5,4.5,61,7,6.8,Yes,No,Diploma,6,6,0,Low,13,20,100
93.6,3.1,83.5,7,6.7,Yes,No,Bachelor,10,4,0,Low,10.3,19,97.5
62.7,1.3,50.5,10,6.8,Yes,Yes,High School,8,4,0,Low,5.5,19,78.1
69,3.3,62.1,6,6.2,Yes,No,Bachelor,10,8,0,Low,5.8,20,96.4
59.6,3.4,82.4,9,7.3,Yes,No,Bachelor,8,1,0,Low,1.6,19,78.4
79,4.7,72.4,6,5.7,Yes,Yes,Bachelor,2,5,0,Low,0.5,21,91
89.9,3.9,67.3,8,4.9,Yes,Yes,Bachelor,5,4,0,Low,12.7,21,98.4
98.5,5.7,71.5,5,7.2,Yes,No,Diploma,6,3,0,Middle,6.2,20,98
82.8,3.4,70.5,6,7,Yes,No,Bachelor,6,2,1,Low,1.9,18,91
99.9,4.4,46.8,7,6.4,Yes,Yes,High School,8,3,0,Low,10.2,19,79.2
66.8,6.6,63.1,10,5.6,Yes,Yes,High School,8,3,0,Middle,4.4,21,100
63.3,5.1,90.6,8,7.3,Yes,No,Bachelor,2,5,0,Middle,7.7,17,97.3
81.4,4.4,58.8,10,5.9,No,Yes,Bachelor,7,6,0,Middle,1.5,20,98.2
86.2,3.4,63.5,8,6.8,Yes,No,High School,6,0,0,Middle,11.2,19,80.7
81.6,3.4,60.4,7,8.9,Yes,Yes,High School,10,2,0,Middle,8.4,20,100
59.3,3,66.8,10,7.7,Yes,No,Diploma,8,5,0,Middle,10.5,19,92.6
81,3.5,59.8,8,5.5,Yes,Yes,Bachelor,7,5,0,High,5.9,19,94.4
67.7,5.9,74.8,6,5.6,Yes,Yes,Bachelor,7,1,0,Middle,9.2,20,100
89.4,4.1,70.8,8,7.2,Yes,No,High School,4,6,0,Low,0.7,20,93.7
86,2.1,78.8,7,5.5,No,Yes,Bachelor,8,4,0,Middle,19.4,20,92.2
71.7,7.7,53.3,4,4.8,Yes,Yes,Diploma,6,5,0,Middle,10.1,19,85.4
76.3,5.1,63.2,9,7.6,Yes,No,Bachelor,5,2,0,Middle,16.5,19,88.5
70.3,2,64.8,10,7.4,Yes,Yes,High School,10,1,0,Middle,6.7,21,90.8
81.3,3.7,74.4,10,7.5,Yes,Yes,Master,8,3,0,Middle,2.8,19,100
92.5,4.7,56.9,8,7.3,Yes,Yes,High School,6,3,0,Low,5.5,20,100
71.2,7.6,80.8,7,6.9,Yes,No,Bachelor,6,3,0,Middle,7.8,22,100
87.5,2.5,84.6,9,6.3,Yes,No,Bachelor,8,3,0,High,7.4,20,100
76.2,6.3,54.2,9,7.6,Yes,No,High School,8,7,1,Middle,17.3,18,89.1
73.3,7,61.1,10,8.7,Yes,No,High School,7,1,0,Low,3.7,21,98.3
80.8,3.4,60.6,7,6.4,Yes,Yes,Diploma,5,2,0,Middle,5,18,91.3
70.6,4,100,7,5.9,Yes,Yes,Bachelor,5,3,0,High,11.6,18,95.6
75.9,2.6,62,6,5.8,Yes,No,High School,6,4,0,High,0.5,18,92.3
68.8,4.1,91.5,9,6,Yes,No,Bachelor,7,5,0,Middle,7.8,18,100
100,4.4,50.3,4,7.2,Yes,No,Bachelor,7,6,0,Middle,8.7,21,85.7
82.4,5.7,54.1,9,4.6,Yes,No,Diploma,7,6,0,Middle,10.2,18,92.9
74.3,6.5,58.4,9,7.5,Yes,Yes,High School,7,5,0,Middle,9.7,18,97.6
84.4,3.2,56.2,9,7.7,Yes,No,Master,10,1,0,Middle,17.9,19,86.7
80.8,1,64.2,8,5,Yes,No,Diploma,9,1,0,Low,3.6,20,75
79.6,4.5,58.1,10,5.9,Yes,Yes,High School,9,6,0,High,4.8,19,97.8
88.8,5,56.5,9,7.1,Yes,Yes,Bachelor,8,6,0,High,11,19,100
90.3,4.9,84.2,6,6.8,Yes,No,High School,7,5,0,Middle,9.1,19,100
76.2,3.9,85.1,6,7.6,Yes,No,Diploma,8,2,2,Low,9.8,17,92.5
75.7,4.7,81.3,6,6.8,Yes,No,High School,7,3,0,Middle,1,19,99.5
79,7.2,75.3,9,8.4,No,No,Master,9,3,0,Middle,18.9,22,100
56.7,5.2,69.3,5,6.6,Yes,No,Diploma,5,2,0,Middle,10.3,20,77.7
65.3,3.8,61,10,5.9,Yes,Yes,Master,8,5,0,Middle,0.5,18,100
97,3.6,54.7,10,5.8,Yes,No,Diploma,7,8,0,Middle,11.1,20,98.1
100,4.2,73.1,6,7.8,Yes,No,Diploma,3,3,0,High,2.5,19,95.6
79.3,7.4,51.6,7,7,Yes,No,Master,7,7,0,Middle,12.6,21,100
88.3,4.2,54.1,8,7.7,Yes,No,Diploma,4,2,0,Low,1.4,18,100
85.4,4.5,84.1,9,7.7,Yes,No,Diploma,6,1,0,Middle,13,18,97.8
100,3.6,94.6,10,4.8,No,Yes,High School,7,6,0,Middle,1.9,20,100
94.3,6.5,73.5,4,5.7,Yes,No,Master,4,4,0,Low,3.1,21,100
80.6,8,83.5,7,5.9,Yes,No,High School,7,7,1,High,8.7,19,100
71.5,5.3,64.6,7,6.1,Yes,No,Bachelor,7,7,1,Middle,4.9,17,92.9
64.3,4.6,49.3,5,6.5,Yes,Yes,Bachelor,9,3,1,High,5.2,21,78
84.2,4.6,76.6,7,8.1,Yes,Yes,High School,6,7,0,Middle,0.5,19,98.4
73.7,0.5,76,8,8.3,Yes,No,High School,8,2,1,Middle,6.4,18,85.6
66.4,5.8,69,7,6.7,No,No,Master,7,2,0,Middle,12.4,20,100
74.9,4.7,64.6,4,6.7,Yes,Yes,Bachelor,6,6,1,High,17.4,19,97
70.1,5.3,81.5,10,6.2,No,No,Bachelor,4,1,0,Middle,12.1,18,97
100,3.2,54.2,8,7.1,Yes,No,Diploma,7,4,0,Low,11.4,20,89.9
91.7,3.8,57.2,8,7.2,Yes,Yes,High School,8,6,0,High,0.5,19,100
81.9,3.8,53.9,5,7.9,Yes,Yes,Bachelor,5,7,1,Low,7.9,20,84.4
98.3,6.3,69.2,8,7.9,Yes,Yes,Bachelor,7,3,0,High,4.7,21,100
82.9,3.8,52.8,7,4.5,Yes,Yes,Bachelor,7,6,1,Low,0.5,19,88.4
72.5,8.2,58.4,4,6.8,Yes,Yes,Diploma,9,2,0,Middle,1.6,18,100
98.8,5.3,58.1,5,8.5,Yes,No,Master,7,3,0,Middle,11.3,22,95.8
87.9,2.2,64.4,9,6.5,Yes,Yes,High School,8,4,0,Middle,5.2,19,92.8
70.6,4.3,47.2,10,8.3,No,Yes,High School,7,5,0,High,0.6,22,91.1
79.9,3.3,69.2,8,6.7,Yes,No,Master,6,2,0,Middle,4.8,17,96.4
72.4,0.6,85.5,10,7.2,Yes,No,Bachelor,5,8,1,Middle,9.4,19,99.7
66.8,7.4,69.9,7,5.7,Yes,Yes,Diploma,6,0,1,Middle,4.6,20,85.6
92.2,5.8,89.6,7,5.8,Yes,No,Bachelor,8,4,0,Low,1.9,21,100
100,5.5,86.7,10,7.8,Yes,Yes,Diploma,7,4,1,Middle,3.4,20,100
66.6,4.8,78.9,10,8,Yes,Yes,High School,10,1,0,Middle,12.4,18,99.2
88.2,2,69,10,7,Yes,No,Bachelor,9,7,0,Middle,0.5,18,100
74.8,3.6,68.3,5,5.6,Yes,No,High School,9,3,0,High,6.7,19,90.9
76.6,6,78.7,7,7,Yes,No,High School,3,4,0,Middle,7.4,18,100
75.5,2.6,62.5,8,8.4,Yes,No,High School,10,5,0,High,4.2,20,93
72.5,0.5,41.6,7,8.9,Yes,Yes,Diploma,8,1,0,High,3.2,22,77.6
82.5,4.1,74.9,8,6.7,Yes,No,High School,8,2,0,High,12.9,20,100
72.9,4.2,52.2,9,5.2,Yes,No,Master,9,7,0,Low,12.9,19,99.2
85,4.7,54.5,10,7.9,Yes,No,Bachelor,7,4,0,High,8.5,19,100
81.4,5.8,68,10,6.7,Yes,Yes,Diploma,5,0,0,Low,5.3,19,100
79.4,5.6,66.7,7,8,Yes,Yes,Bachelor,10,3,0,Middle,8.6,20,98.7
72,5,48.2,5,7.3,Yes,No,Bachelor,5,4,0,High,10,20,82.5
75.7,6.7,70.3,8,6,Yes,No,Bachelor,5,4,0,Middle,7.4,20,91.9
90.3,1.8,81.5,10,7.1,Yes,Yes,High School,7,0,0,Middle,10.2,20,93.7
87.5,5.4,52.2,7,8.4,Yes,Yes,High School,6,4,0,Middle,6.2,22,90.2
71.2,5.6,85.8,9,6.8,Yes,Yes,Master,7,2,1,Middle,0.5,21,100
83.1,2.3,46.2,9,5.9,Yes,No,High School,7,4,0,Middle,7,21,88.1
90.3,1.8,97.6,8,5.3,No,Yes,High School,10,5,0,High,11.4,18,100
63.6,3.2,62.2,8,6.2,Yes,Yes,Bachelor,8,5,0,Middle,8.2,20,93.5
88,3.3,70,6,6.5,Yes,No,High School,5,7,0,Low,9.7,19,92.9
74.7,5.9,41.5,3,7.9,Yes,Yes,Master,6,8,0,Low,6.6,20,87
88.3,3.4,67.1,5,5.8,Yes,Yes,Master,6,2,0,Low,7,20,80.9
73.6,3,71.2,7,8.7,Yes,Yes,Bachelor,6,3,0,Middle,8.9,20,80.9
62.1,3.4,66.8,10,5.5,Yes,Yes,Bachelor,6,5,0,Low,17.7,21,81.1
64.1,6.5,60.1,7,9.6,Yes,Yes,Diploma,5,4,0,Middle,12.2,21,90.9
82.5,4.5,54.7,6,8.9,Yes,Yes,Bachelor,8,0,0,Low,11.5,20,92.5
84.9,4.2,83.8,6,7.2,Yes,Yes,Bachelor,6,4,0,Middle,9,21,93.8
72.1,4.3,68.4,9,5.2,Yes,No,High School,5,6,0,Low,1.3,20,89.3
89,6.8,89.6,10,6.9,Yes,Yes,Master,8,1,1,High,14.1,18,100
63.7,3.2,60.6,10,6.6,Yes,No,Master,9,4,0,Middle,12.5,18,98.3
81.3,6.9,61.9,9,5.6,No,Yes,Master,7,0,1,Low,9.8,17,93.5
68.7,4.9,79.4,5,7.3,Yes,Yes,Bachelor,10,6,0,High,7.8,19,100
74.8,4.2,45.3,7,6.1,No,No,Diploma,10,4,0,Middle,10.7,19,86.3
82.5,9,51,10,6.2,Yes,Yes,High School,8,3,0,High,6.8,20,100
72.5,2.6,83.4,10,6.8,Yes,Yes,High School,6,3,1,Middle,11.6,21,93.5
77.8,3.9,51.6,4,6.4,Yes,No,High School,8,1,0,Middle,3.8,18,67.8
93.1,2.3,42.5,7,9.3,No,No,High School,5,6,0,Middle,0.5,21,85.9
75.7,6.2,94.2,8,6.4,Yes,No,Bachelor,5,2,0,Middle,2,18,100
91.2,7.5,48.5,6,7.5,Yes,No,Bachelor,4,5,0,Middle,8.7,21,100
69.6,7.5,70.6,3,7.2,Yes,Yes,Diploma,6,2,0,Middle,6.5,21,93.7
87.8,6.7,69,8,7.4,Yes,No,Bachelor,5,8,0,Middle,7.3,20,100
97.9,4.1,30,6,7.5,Yes,No,Diploma,8,7,0,Middle,1.5,19,79.4
54.8,3.8,64.3,6,8,Yes,Yes,Bachelor,6,8,0,Middle,9.5,18,79
73.2,1.5,74.3,7,7.3,Yes,No,Master,8,8,0,Middle,2.8,20,100
88.3,8.2,73,7,7.2,Yes,Yes,Bachelor,8,3,1,Middle,10.5,18,100
79.8,5.3,80.6,7,7.1,No,No,High School,9,2,0,Middle,0.9,19,97.1
86.1,3.6,62.6,6,6.8,Yes,Yes,Diploma,6,8,0,Low,3.8,19,96.5
75.4,6.9,78,7,6,Yes,No,Bachelor,8,4,0,Middle,3.1,20,100
83,2.7,58.3,4,6.9,No,Yes,Bachelor,8,6,0,High,10.9,19,95.4
80.3,5.2,48.3,8,7.3,Yes,No,Master,10,3,0,Middle,5.7,20,94.9
94.8,4.2,49.8,2,7.4,Yes,Yes,High School,9,3,0,Middle,10.1,20,88
84.8,5.6,47.5,7,7.2,Yes,No,Diploma,10,6,0,Middle,13.7,20,100
85.7,4.4,82.1,9,6.7,Yes,No,High School,4,0,0,Middle,16.9,19,92.6
77.5,1.9,46.8,5,6.9,Yes,No,Bachelor,6,6,1,High,9.2,21,76.3
76.6,4.6,71.8,9,6.4,Yes,Yes,Bachelor,9,5,0,Low,2.5,19,97.8
77.2,6.4,64.3,10,7.3,Yes,No,High School,8,3,0,Low,14.3,19,94.8
86.3,4.4,66.6,1,6.8,Yes,Yes,Diploma,7,4,1,High,15.6,19,88.3
77.4,5.9,87.1,7,7.2,Yes,No,Bachelor,6,4,0,Middle,7.7,19,100
85.2,2.6,61.9,2,8.1,Yes,No,Master,9,4,0,Middle,14.6,20,90.5
100,4.5,76.6,7,6.2,Yes,No,Diploma,3,5,0,Middle,9.7,19,94.1
91.6,3.4,68.5,7,7.7,Yes,No,High School,9,2,1,Middle,0.5,20,92.4
78.4,5.8,65.9,3,7,Yes,No,Diploma,7,9,0,Middle,4.8,20,100
95.2,4.6,100,10,9.2,Yes,Yes,Diploma,6,4,2,Middle,5.5,18,100
77.5,5.7,47.8,8,6.8,Yes,No,Bachelor,8,4,0,Middle,6.2,18,96.2
59.6,6.5,86,6,7.8,Yes,No,Diploma,6,8,0,Middle,3.3,21,100
70.9,5.7,77.2,10,7,Yes,Yes,Bachelor,7,0,0,High,3.2,18,100
61.4,5,61.3,4,5.5,Yes,Yes,Master,7,8,0,Low,14.7,18,74.2
78.1,2.7,90.8,5,6.4,Yes,No,High School,8,4,1,Middle,0.5,19,95.3
82.2,4.5,42.1,3,8,Yes,No,Bachelor,7,3,0,Middle,4.4,18,81.5
100,3.5,60.7,10,6.5,Yes,Yes,Master,3,2,0,Middle,11.1,18,96.6
85.6,3.9,51.1,8,4.6,Yes,No,Diploma,4,1,0,Middle,5.2,18,81.4
79.6,3.8,73.8,9,7,Yes,Yes,High School,5,3,0,Low,10,20,92.5
91.1,2.7,52.4,8,5.8,Yes,No,Bachelor,8,5,0,Low,6,20,77.4
57.7,1,74.1,9,7.1,No,No,Bachelor,8,5,0,High,10.2,18,88.5
84.6,3.3,65.4,8,8.7,Yes,Yes,High School,10,5,0,Middle,2.8,19,100
90.5,4.8,61.3,8,7.8,Yes,Yes,Diploma,5,3,0,Middle,0.5,18,95.1
65.7,2.1,73.4,8,8.7,No,No,Bachelor,10,7,0,Middle,6,19,100
94.6,4.5,64.2,6,6.4,Yes,No,High School,3,9,0,Low,0.5,19,88.5
85.7,7.9,52.8,7,6.8,Yes,No,Bachelor,7,7,0,Middle,7.7,18,95.5
77.4,6.3,100,8,5.9,Yes,No,Bachelor,7,3,0,Middle,2.3,22,100
89,7.5,61.2,8,6.2,Yes,No,Master,7,5,1,Middle,2.4,22,100
100,5.2,37,5,6,Yes,No,Bachelor,6,5,1,Middle,15.4,19,88.8
84,6.6,56.2,5,5.6,Yes,No,Bachelor,7,7,0,Middle,9.4,18,94.5
84.7,3.2,50.3,10,8.5,Yes,No,Bachelor,5,3,0,Middle,0.5,19,99.2
76.9,3.3,79.6,7,4.7,Yes,No,Diploma,9,2,0,High,7.8,21,88.8
72.7,0.5,72.5,9,8.5,Yes,No,Bachelor,7,6,0,Low,7.3,19,92.2
91.1,6.6,73.6,5,8.4,Yes,Yes,Bachelor,8,5,0,Middle,0.5,18,99
72.6,7.3,62.8,5,7.5,Yes,No,Bachelor,6,2,0,High,9.7,20,93.4
82.8,3.5,64.1,6,5.8,Yes,No,Bachelor,6,5,0,Middle,12.8,20,89
76.7,4,62.8,7,5.3,Yes,No,Bachelor,8,8,1,Low,5.9,17,99.5
87.3,3.1,66.9,6,6.4,Yes,No,High School,10,3,0,Middle,6.5,21,83.2
85.7,5.2,79.7,10,7.7,Yes,No,Master,4,2,0,Low,5.2,20,100
93.4,6.5,72.7,8,7,Yes,Yes,Diploma,4,4,0,High,9.9,18,100
76.4,1.4,75,10,5.9,Yes,No,Master,8,5,0,Low,6.8,17,100
79,5.2,75,8,8.3,Yes,Yes,Diploma,6,4,0,Middle,7,22,98.3
71.2,4,80.4,3,8.9,Yes,Yes,High School,7,6,0,High,4,20,91.8
77.1,4.7,72,10,6.8,Yes,No,Master,7,5,0,Low,18.2,19,92
86.2,5.3,73,4,7.1,Yes,Yes,Bachelor,8,6,0,High,6.7,19,90.7
90.3,4.2,84.6,8,5.3,Yes,Yes,Bachelor,6,3,0,Low,11.5,19,98.9
71.9,4.3,58.7,6,6.5,Yes,No,High School,5,2,0,High,9.3,20,78
91.6,4.1,56,10,7.6,Yes,Yes,Master,5,3,2,Middle,0.5,18,100
96.9,6.2,51.4,10,7.4,Yes,Yes,Bachelor,7,1,1,Low,6.1,18,100
86.5,5.3,70.6,6,6.4,No,No,Diploma,4,5,0,Middle,2.2,18,94.2
100,4.9,42,7,6.7,Yes,No,Master,7,0,1,Middle,12.9,22,88.1
73.5,2.2,74.5,8,6.5,Yes,Yes,Bachelor,7,3,0,Low,1.7,21,96.8
68.3,3.8,66.5,9,6.7,Yes,Yes,High School,6,3,0,Middle,10.5,19,96.4
62.4,6.1,83.9,8,7.5,Yes,No,Bachelor,7,2,0,Middle,13,19,100
98.5,4.6,58.6,5,4.8,Yes,Yes,Bachelor,4,3,2,High,9.4,18,83.7
89.2,5.7,65.2,6,6.9,Yes,No,Master,5,4,1,High,8,19,96.8
81.4,7.7,83.7,7,7.4,Yes,No,Diploma,5,7,0,Middle,6,20,100
85.1,6.4,87.4,10,6.4,Yes,No,Bachelor,9,2,0,Low,7.4,20,100
69.6,4.7,58.5,8,6.5,Yes,No,Bachelor,10,5,0,Middle,1.3,17,100
100,3.6,70.5,6,6.5,No,Yes,High School,5,5,0,Low,8.9,20,92.7
83.4,0.5,72.1,9,6.5,Yes,Yes,High School,7,4,0,Low,13.3,21,82
83.2,4.2,73.2,7,7,Yes,No,Bachelor,6,3,1,Middle,3.6,18,93.9
90,3.9,64.3,9,7.1,Yes,No,Bachelor,7,2,0,Middle,8.1,20,100
87.3,5.2,85.9,10,4.7,Yes,No,Bachelor,6,8,0,High,7.5,21,100
84.5,4.2,41.5,7,7.7,Yes,No,Bachelor,8,4,0,High,9.6,18,87.1
73.3,3.9,62.1,9,6.7,Yes,No,Bachelor,8,3,0,Middle,5.3,20,88.9
87.2,1.3,74.3,6,9.1,No,Yes,Bachelor,5,8,0,High,0.5,18,100
100,2.8,74.4,7,5.7,Yes,Yes,High School,8,4,0,Middle,2.4,20,99.4
96.8,5.4,86.9,8,6,Yes,Yes,High School,3,9,0,High,0.5,19,100
99.5,7.6,84.8,7,6.8,Yes,Yes,Bachelor,6,1,0,Low,11.9,21,100
76.4,4.3,64,10,7.5,Yes,No,Bachelor,6,4,0,Low,10,19,98.1
71.1,5.1,86.2,7,4.9,Yes,No,Bachelor,7,1,0,Middle,7.9,19,95.1
80.6,6.2,58,9,6.1,Yes,No,Bachelor,6,4,0,Low,4.5,21,96.9
82.6,3,81,4,7.7,Yes,No,Bachelor,6,4,0,Low,7.2,21,91
94,5.2,93.3,8,6,Yes,Yes,High School,6,3,0,Low,7.9,18,100
63.4,3.2,85,10,8.5,Yes,No,Bachelor,7,4,0,Middle,5.4,19,100
98.8,6.1,69.5,6,6.5,Yes,No,Diploma,8,3,0,High,5.6,18,94.9
80.3,4.8,63.4,2,6,Yes,No,Bachelor,7,4,1,Middle,14.5,18,82.5
77.3,5,46.6,7,7.7,Yes,Yes,Bachelor,6,2,0,High,1.7,20,81.9
70.9,3.1,72.3,8,8.8,No,No,Bachelor,9,7,0,High,13,18,99.6
63.8,5.8,52.4,9,7.5,Yes,Yes,Diploma,10,2,0,Low,0.5,17,95.8
91.1,8.3,56.9,10,8.4,Yes,No,Diploma,4,4,0,Middle,16,20,100
82.8,2.7,51.3,7,8.8,Yes,Yes,Diploma,7,2,0,High,0.5,20,88.9
67.8,3.9,61.6,6,6,Yes,Yes,Bachelor,6,2,0,High,10.3,21,81.6
67.8,4.9,67.6,5,8,No,Yes,Diploma,9,3,0,Middle,4.7,19,87.8
78.3,5.9,71.8,8,5.3,Yes,No,High School,7,4,0,Middle,7.2,22,100
100,3.5,59.6,8,7.5,Yes,No,Master,7,4,0,High,7.3,20,98.8
79.1,0.5,83,6,6.9,Yes,No,Diploma,8,2,0,Middle,11,19,81.2
65.5,6.9,65.1,9,8.4,Yes,No,High School,6,3,0,Low,0.5,20,100
79.3,5.9,57,8,8.3,Yes,Yes,Bachelor,10,2,0,Middle,7.8,20,89.7
79,1.4,71.2,8,7.6,No,No,Bachelor,8,2,0,Middle,8.9,19,87.6
52.3,3.4,95.5,6,7.3,Yes,No,Bachelor,9,6,1,Low,4.7,19,91.7
81.4,7.3,72.7,7,7.6,Yes,Yes,Bachelor,7,1,0,Middle,7.4,20,100
79.5,7.1,62.9,3,7.1,Yes,No,High School,7,4,0,Middle,4.7,19,100
89.7,6.2,46.6,8,6.9,Yes,Yes,Diploma,9,7,0,Middle,10.8,19,99.7
100,4.2,64.9,8,8.6,Yes,Yes,High School,8,6,0,Middle,9.8,22,100
94.4,4.6,71.3,8,8.7,Yes,No,Diploma,5,5,1,High,9.1,18,100
79,4.3,62.6,9,6.8,Yes,No,Bachelor,7,4,0,Middle,11.3,20,100
69.8,6.5,44.7,8,7.3,Yes,No,Diploma,8,5,0,Middle,14.2,21,94.2
100,2.9,56.1,7,7.1,Yes,Yes,Bachelor,7,5,0,Middle,3,18,89.7
82.7,3,88.4,8,5.2,Yes,No,Bachelor,8,7,0,Low,19.1,18,98.3
82.2,6.3,88.1,5,6.6,Yes,No,Diploma,7,4,1,Middle,10,19,95.2
81.7,4.4,55.6,6,8.8,Yes,No,High School,3,6,0,Middle,5.5,18,87.3
84.2,7,77.4,8,6.2,Yes,No,Diploma,4,3,0,Low,19.5,19,98.4
80.4,3.3,51.5,6,9.3,Yes,No,High School,9,8,0,Low,5.9,20,87.5
75.7,4.4,87.7,9,8.3,Yes,Yes,Bachelor,7,4,0,Middle,1.9,20,100
76,2.8,71.4,6,7.4,Yes,No,Bachelor,7,1,1,Middle,5.5,18,81.5
81.6,4.5,81.3,8,7.6,Yes,No,Bachelor,7,4,0,High,5.2,19,100
76,1.8,44,8,6,Yes,Yes,Bachelor,5,6,0,Low,13.4,20,69.8
74.2,3.6,77.5,9,6.7,Yes,No,Diploma,6,7,0,Middle,7.4,20,100
83.2,1.9,67.9,9,8.6,No,No,Bachelor,8,2,0,High,8.5,18,91.8
79.2,5.7,79.9,9,6.3,Yes,No,Bachelor,8,1,0,Middle,8.3,17,99.9
98.5,5.8,80.8,3,8.2,No,Yes,High School,10,5,0,Middle,13.8,20,100
52.8,1.4,68.9,10,5.5,Yes,Yes,Master,6,5,0,Middle,6.4,18,86.2
94,6.9,59.6,10,5.7,Yes,Yes,High School,10,1,0,Low,7,19,100
95.7,9,78.9,7,9.1,Yes,No,Bachelor,5,3,0,High,4.6,18,100
59.2,4.6,67.2,8,7,Yes,Yes,Bachelor,8,3,1,Low,5.9,19,93.3
78.2,3.3,55.8,6,6.4,No,Yes,Bachelor,7,6,0,Low,10.6,18,95
77.9,9.6,55.1,4,8.5,Yes,No,Master,7,3,0,Middle,11.6,20,100
66.5,2.1,47.3,6,8.4,Yes,Yes,Master,7,3,0,Middle,16.5,20,71.2
73.4,4.5,60.9,6,8,Yes,No,Bachelor,6,4,0,Low,7.5,18,86.8
69.8,4.8,83.4,7,6.4,Yes,No,Bachelor,9,1,0,Low,6.7,18,94.3
100,6.9,70.5,6,6.7,Yes,No,High School,5,8,0,Low,10,19,100
92.3,5.1,60.6,6,7.3,Yes,No,Diploma,8,6,0,Middle,5.7,18,86.3
96,3.6,79.3,7,7.8,Yes,No,Master,9,3,0,Low,4.8,17,100
89.9,2.8,56.3,6,6.4,Yes,No,Diploma,10,2,0,Middle,9.6,18,86.5
69.6,3.9,69.3,9,7.2,Yes,No,High School,9,2,0,Low,6,18,100
76.2,2.7,65.5,9,7.3,Yes,Yes,High School,8,5,2,Middle,6.6,20,99.6
87.4,4.6,78.9,10,8.4,Yes,No,Diploma,6,2,0,Middle,11,21,100
68.6,3.5,45.9,10,7.8,Yes,No,High School,5,4,0,Middle,9.6,18,86.7
89.8,1.8,56.1,8,5.3,Yes,No,Diploma,5,1,0,Low,18,18,72.4
79.4,6.8,45.1,6,6.8,Yes,No,Diploma,5,5,0,Middle,12.6,19,90
77.9,3.6,64.4,8,6,Yes,No,Diploma,7,5,0,High,4.2,18,93.1
89.8,2.2,85,8,7.6,Yes,No,High School,6,4,0,High,6,22,100
86.9,4.2,60.9,6,8,Yes,Yes,Master,9,4,0,Middle,1.1,18,94.5
78,4.6,60.9,9,7.1,Yes,Yes,Bachelor,6,6,0,Middle,3.1,18,100
94.8,1.4,80.2,5,6.7,Yes,No,Bachelor,7,4,1,Middle,14.3,19,80.8
70.1,5.1,83,7,7.1,No,Yes,Bachelor,6,6,0,Middle,6.6,19,100
88.8,2.6,66.8,9,7.2,Yes,Yes,Diploma,4,2,0,Low,1.1,20,99.2
88.5,7.6,77.6,7,6.3,Yes,No,Bachelor,9,5,0,Middle,0.5,22,100
78.6,5.4,52.9,7,5.7,Yes,Yes,Master,8,4,0,High,0.6,19,88.6
85.6,3.8,87.3,7,4.7,Yes,No,High School,9,6,0,Middle,4,19,94.8
68.2,3.2,98.1,6,8.4,Yes,Yes,High School,8,4,2,Middle,8,19,97.1
92.2,4.3,75.3,10,7.5,Yes,No,Bachelor,5,4,0,High,6,20,100
80,5.6,38.8,5,7.4,Yes,No,High School,6,3,1,Middle,11.5,20,88
76.3,4.5,60.2,8,8.4,Yes,Yes,Master,8,7,0,Middle,3.3,19,100
93.5,4.1,76.6,8,5.6,No,No,Bachelor,10,0,0,Middle,14.1,19,96.8
74.3,4.6,62.1,6,5.1,Yes,No,Diploma,8,5,0,Middle,7.3,19,98
66.5,3.4,85.8,8,7.4,Yes,Yes,Diploma,9,4,0,Middle,10.3,20,100
64.9,3.9,76.2,6,7.3,No,No,Bachelor,6,4,0,Middle,5.4,20,90.9
88.7,0.7,58.1,10,5.1,Yes,No,High School,9,3,1,Middle,13.1,20,88.2
67.9,6.3,68.5,5,7.4,No,Yes,Master,6,4,0,Middle,1.4,18,91.3
100,5,55.5,6,6.6,Yes,No,High School,7,5,0,Low,1.8,21,100
59.1,3.1,65.4,5,6.1,Yes,Yes,Master,6,2,0,Middle,3.2,18,82.8
100,7.9,60.2,5,6.6,Yes,Yes,High School,9,4,0,Low,13.9,19,98.7
84.3,4.7,84.4,10,4.3,Yes,Yes,Bachelor,9,5,0,Middle,6.8,20,100
80.9,2.6,97.6,9,6.3,Yes,Yes,High School,4,2,0,Middle,3.3,21,96.9
76,6,48,8,6.2,Yes,Yes,Diploma,10,5,0,High,7,19,88.6
86.4,5.2,41.1,6,7.6,Yes,Yes,Bachelor,10,5,1,Middle,8.9,19,86.8
81.6,5.2,64.6,9,6.8,Yes,Yes,High School,6,2,0,Middle,2.6,18,91.2
94.1,3.7,46.7,6,7.7,Yes,No,Diploma,7,2,0,Middle,8.8,20,86.2
83.3,5.3,68.6,9,4.2,Yes,No,Diploma,9,2,0,High,7.3,18,100
83.7,4,78.5,6,6.1,Yes,No,Diploma,7,4,0,Low,5.5,19,96.9
78,5.5,88.9,6,7.6,No,Yes,Bachelor,7,4,0,Middle,1.7,22,100
81.4,1.1,70.8,9,6.7,Yes,No,Bachelor,10,7,0,Middle,12.4,21,100
85.4,3.7,65.3,9,7.9,No,Yes,High School,4,3,0,Middle,5.7,19,78
63.2,7.6,40.3,9,5,Yes,Yes,High School,5,2,0,High,0.5,18,92.2
67.2,3.1,68.4,5,7.8,Yes,No,Diploma,8,5,0,Middle,9.8,18,84
90.2,3.4,69,7,6.3,Yes,No,Master,4,2,0,High,9.9,20,93.6
83.9,3.7,76.9,8,6.2,Yes,Yes,Master,6,2,0,Low,12.7,20,95
80,2.3,58.1,6,8.1,Yes,Yes,Bachelor,6,2,0,Middle,10.1,18,97.9
82.2,0.5,61.9,10,8.3,Yes,No,Master,9,0,0,Middle,8.7,18,89.5
85.8,4.1,47.3,3,8.1,Yes,No,Bachelor,8,5,0,High,5.6,19,89.7
76.1,4.7,35.9,6,9.2,Yes,Yes,Diploma,4,6,0,Middle,5.6,19,90.3
73.4,4.4,52.5,6,8.4,Yes,No,High School,6,6,2,Middle,11.4,21,74
84.2,4.2,46,2,6.1,Yes,Yes,Diploma,6,8,0,Middle,7.2,17,88.8
71.2,4.6,72.7,5,7.2,Yes,No,High School,7,7,0,High,0.8,20,95.3
86.5,6.3,60.7,9,6.6,Yes,Yes,Bachelor,5,3,0,Low,6.3,21,96.3
63.3,4.2,60.5,8,9.2,Yes,Yes,Bachelor,8,6,0,Middle,7.7,20,100
93.3,3.5,54.2,10,8.2,Yes,Yes,Bachelor,6,4,0,Middle,0.5,18,91.1
87.2,4,30,10,6.8,Yes,No,High School,8,3,0,Middle,11.7,19,89.4
84.8,5.5,89.1,8,8,Yes,Yes,Bachelor,7,2,0,Middle,8,21,100
92.8,7,54,8,5.6,No,No,Diploma,5,3,0,Low,1.2,18,95.5
100,3.4,62.2,8,7.3,Yes,No,Diploma,10,5,0,High,6.5,22,90.3
93.2,4.7,47.6,2,6,Yes,No,Master,10,7,0,Middle,7.5,18,95.2
61.8,5.1,81.6,5,5.1,Yes,Yes,Diploma,8,5,2,Middle,12.7,18,89.9
67.9,2.7,70,8,7.9,Yes,Yes,Diploma,7,2,0,Middle,12.6,20,85.1
75.1,4.5,56.4,9,8,No,No,Bachelor,5,2,2,Low,13.4,21,76.8
82.3,1.9,62.5,8,7.5,Yes,Yes,Master,9,5,0,Middle,9.9,18,98.3
87.7,1.3,91.5,6,6.8,Yes,No,High School,9,6,0,Middle,4.7,18,100
74,5.2,67,9,5.6,Yes,No,Bachelor,5,6,1,Middle,3.5,22,96.3
84.1,3.8,65.5,10,5.7,No,Yes,Master,6,3,0,Middle,4.5,18,90.8
73.7,4.9,54.8,9,5.9,Yes,Yes,Diploma,8,5,0,High,7.7,17,97.2
75.3,4.5,41.5,9,6.7,Yes,No,Diploma,5,6,0,Middle,7.9,18,88.6
66.5,2.7,65.8,6,8.2,Yes,No,Bachelor,6,1,0,Middle,13.1,20,87.4
71.8,4.4,72.6,10,8.2,Yes,No,High School,5,5,2,Low,6.7,21,87.1
67.1,2.3,83.4,8,5.2,Yes,Yes,Diploma,5,6,0,Low,0.5,18,88.8
71.3,7,36.5,9,6.2,Yes,Yes,Master,6,5,2,Middle,2,18,99.8
93.6,2.1,52.2,8,6.2,Yes,No,Bachelor,9,4,0,Low,3.1,19,90.7
71.6,4.1,59.9,7,4.2,Yes,Yes,High School,3,9,0,Middle,3.1,20,90.2
100,2.6,68,6,7.6,No,No,Diploma,8,8,0,High,0.5,20,100
87.4,5.5,66,7,6.7,Yes,Yes,Bachelor,8,4,0,Middle,15.8,19,100
84,3.9,66.3,9,6.9,Yes,No,Diploma,9,4,0,Middle,0.5,18,94
72.6,3.6,73.7,7,8.5,Yes,No,Bachelor,8,5,0,Middle,5.1,18,100
89.7,6,55.4,9,7.1,Yes,Yes,Bachelor,6,4,0,Low,11.3,18,99.9
75.7,4.6,81.1,9,6.5,Yes,Yes,Diploma,5,7,1,Low,10.9,17,100
83.3,5.4,74.1,7,7.6,Yes,No,Master,9,1,1,Middle,0.7,22,100
100,2.7,63.5,10,8.2,Yes,Yes,Master,8,4,0,Middle,14,18,100
80.9,2,90.4,7,7.3,Yes,No,High School,6,5,0,Low,13.3,21,100
94.6,4.7,89.8,10,7.8,Yes,Yes,Diploma,9,6,1,Middle,7.1,19,100
74.3,3.9,81.1,8,6.8,Yes,Yes,Diploma,6,1,0,Middle,8.1,22,88.1
81.6,5.6,30,7,6.9,Yes,No,High School,7,2,0,Middle,3.4,18,80.1
100,4.4,90.1,6,7.1,Yes,No,Diploma,6,1,0,Middle,9.3,18,94.6
75.1,4.9,79.1,7,6.2,Yes,No,Diploma,8,2,0,Middle,9.1,17,100
100,1.6,96.1,7,6.4,No,No,High School,5,1,0,Middle,5.6,20,90.8
89.8,7.9,85.3,5,8.5,No,No,High School,6,5,0,Middle,11.2,19,100
75.8,4.2,90.1,7,9.2,Yes,No,High School,6,4,0,High,9.7,21,100
89,5.8,80.3,6,8.8,Yes,Yes,High School,8,4,0,Low,24.1,20,100
92.7,3,86.9,9,5.5,Yes,Yes,Diploma,8,4,0,Middle,3.5,19,100
88.8,5.1,95.9,10,5.4,Yes,Yes,Diploma,5,6,0,Low,14.7,19,100
64.7,2.2,71,5,5.7,Yes,No,Master,8,2,0,Middle,3.7,18,83.8
74,5.3,46,10,7.1,No,No,High School,4,0,0,Middle,10.6,18,77.2
79.3,3.9,63.7,7,4,Yes,Yes,Master,10,5,0,Low,0.5,19,97.9
81.2,4.6,73.5,6,6.4,Yes,No,High School,6,3,0,Middle,5.4,18,85.2
88.8,5.8,69,9,8.5,Yes,Yes,Bachelor,9,2,1,Middle,10.4,21,100
84,2.3,50.5,7,8.1,Yes,No,High School,7,5,0,Middle,9.2,21,85.9
67.3,3.3,45.2,7,6.4,Yes,Yes,Bachelor,7,0,0,Middle,0.5,20,76.5
86.2,5.3,57.6,7,6.5,Yes,No,High School,5,2,0,Middle,5.9,19,91.6
88.7,8.3,79.3,6,7.6,Yes,No,Master,9,0,1,Middle,15.4,19,100
88.2,4.3,90.1,9,8,Yes,No,High School,7,5,0,Low,13.1,19,100
93.9,5.6,80.8,7,6.4,Yes,No,High School,8,7,0,Middle,12.8,20,100
91.2,4.3,82.8,5,6.7,Yes,No,Diploma,7,3,0,Middle,19.8,18,100
87.1,8,66.9,9,6.4,Yes,No,Bachelor,7,2,0,Middle,0.5,19,100
81.2,1.4,43.6,5,5.5,Yes,Yes,Master,5,8,0,Low,6,20,78.9
63.7,4.7,61.6,5,6.8,Yes,Yes,Diploma,7,5,0,Middle,8.2,19,85.3
86.7,1.6,64.4,10,6.7,Yes,No,Bachelor,6,9,0,Middle,4.3,17,100
84.3,0.5,61,5,5.6,Yes,No,Bachelor,6,4,0,Low,8.6,18,71.2
85,5,68.8,3,7.7,Yes,No,Bachelor,7,4,0,High,14.5,20,100
68,4.8,74.2,9,7.5,Yes,Yes,Bachelor,8,7,0,High,8.6,21,100
70.1,4,79.9,7,7.8,Yes,No,High School,8,4,0,Middle,0.5,21,100
93.6,4.3,64.1,7,6.2,Yes,Yes,Diploma,7,4,0,Low,11.4,21,97.9
81.6,10,41.3,7,4.8,Yes,Yes,Bachelor,8,0,0,High,7.9,22,95.8
89.5,4,61.2,8,7.5,Yes,No,Diploma,7,7,0,Middle,0.5,18,100
82.3,5.4,68.6,6,6.3,Yes,Yes,Master,7,5,0,Low,4.9,17,91.8
82.3,3.3,85.1,10,6,Yes,Yes,Bachelor,7,4,0,Middle,0.5,19,100
92.3,5,60.1,5,5.6,Yes,No,Master,9,6,1,Middle,6.6,19,94.8
76.3,4.1,75.2,8,6.7,Yes,Yes,High School,5,2,0,Low,5.5,19,84.5
83.1,3.8,72.1,9,8.7,Yes,No,High School,6,3,0,Low,0.5,18,100
76.9,7.8,68.6,6,6.4,Yes,No,High School,8,5,0,Middle,9.3,19,100
77.2,6.6,81,5,5.8,Yes,No,Master,4,4,1,Low,2.6,18,87.1
78.6,4.7,58.7,10,7.7,Yes,No,High School,10,5,1,Low,14.6,20,94.5
84.4,0.5,59.9,6,7.2,Yes,No,Diploma,8,4,0,Low,8.8,18,79.6
76.7,3.9,67.8,6,4.7,Yes,No,Diploma,9,5,0,High,6.7,22,93.8
95.8,9.4,59,9,7.7,Yes,No,High School,9,1,1,Middle,14.3,21,100
72.2,4.1,75.1,8,9.3,Yes,No,Diploma,8,7,0,Middle,9.3,21,100
79.9,6.5,58,4,4.1,Yes,Yes,High School,3,3,0,Middle,9.7,20,88
77.2,7.1,71.2,10,5.6,Yes,No,Diploma,7,4,0,Middle,7.7,20,100
97.9,4.9,66.6,6,4,Yes,No,Master,7,3,1,Middle,6.4,18,90.1
84.2,3,71,7,6.9,No,No,Bachelor,5,3,0,Low,10,20,89.1
93.4,0.5,61.6,8,8.1,Yes,No,Bachelor,3,4,0,Middle,15.6,20,76.6
65.7,5.7,63.3,9,7.1,No,No,Diploma,8,5,1,Low,0.5,18,93.6
84.9,3,69.3,10,8.5,Yes,No,Bachelor,5,6,0,Middle,17.3,20,98.5
91.8,4.8,70.8,4,7.9,Yes,No,Master,10,5,0,High,3,19,100
82.9,2.3,67.9,9,8.9,Yes,Yes,Master,8,3,0,Low,9,19,100
93.7,4,91.9,9,8.3,Yes,No,High School,10,5,0,Middle,0.5,18,100
76.3,4.6,54.1,7,6.6,Yes,Yes,Master,7,4,0,Low,15.5,20,89.9
97.5,5,67.1,9,7.1,Yes,No,High School,9,4,1,High,1.1,21,100
100,2.5,46,9,6,Yes,No,Diploma,7,5,1,Middle,13.6,20,89.5
78,6.7,73.2,5,6.7,No,No,Diploma,9,1,0,High,6.8,19,99.8
77.1,3.4,52.4,10,7.1,Yes,No,Bachelor,3,0,0,Middle,7.2,22,90.8
98,1.5,64.1,4,6.9,Yes,No,Bachelor,9,6,0,Low,1.7,19,95.7
99.4,4.3,62.8,5,8.5,Yes,Yes,High School,8,4,0,High,14.1,18,86.2
76.2,4.6,71.9,7,6.6,Yes,No,Bachelor,7,5,0,Middle,7.3,22,100
77.4,4.8,60.3,10,6,Yes,Yes,Diploma,6,2,0,Middle,11.6,20,88.2
78.9,7,59.7,7,6,Yes,Yes,High School,6,7,0,Middle,0.5,20,98.6
67.2,4.1,88.1,7,7.7,Yes,No,Diploma,8,5,0,Middle,3.5,18,100
71.9,4.3,72,10,5.5,Yes,No,Bachelor,9,4,0,Middle,9.3,18,89.2
71,2.5,60.1,7,6.8,Yes,No,High School,6,5,0,Middle,0.5,17,93.9
73.6,6,64.5,5,8.5,Yes,No,High School,4,1,0,High,9.8,20,91.6
81.6,4.8,91,7,7.3,Yes,Yes,Master,10,5,1,Low,4.7,18,100
84.6,3.7,64.7,10,6.9,Yes,No,Master,8,7,0,Middle,4.1,18,100
99.1,1.1,58.4,8,7,Yes,Yes,High School,6,5,0,High,10.6,18,95.9
71,7.1,58.4,10,5.9,Yes,Yes,Bachelor,9,4,0,Low,8.9,20,100
92.8,2.3,60.3,9,6.1,Yes,No,Diploma,9,3,0,Middle,2.4,19,97.7
79.6,3.4,59.7,6,6.8,Yes,Yes,Bachelor,8,6,2,Low,13.6,22,80
81.5,5.1,50.1,8,7.3,Yes,Yes,Diploma,6,6,0,Middle,10.5,19,99.1
89.4,2.3,52.3,6,8,Yes,Yes,High School,8,3,0,Middle,0.5,21,89.8
69.7,1.8,56.4,6,7.1,Yes,No,Diploma,9,5,1,High,6.5,19,88.4
86.2,0.7,76.3,10,8.5,Yes,No,High School,4,4,0,Middle,9.9,20,92.9
83.8,5.8,62.7,10,8.8,Yes,No,Diploma,7,5,0,Middle,7.4,18,100
87.4,3.5,65.1,9,7.9,Yes,No,Master,8,2,0,High,0.5,20,94.7
85.2,9.8,85.8,6,8.3,Yes,Yes,Master,8,6,0,Low,8.3,18,100
100,2.7,86.1,10,5.9,Yes,Yes,Master,7,5,0,Middle,11.8,20,100
75,2.8,64.1,10,5.7,Yes,Yes,Master,9,6,0,Middle,7.6,19,100
76.2,3.5,59.2,10,7.6,Yes,No,High School,7,2,0,Low,8.3,18,98.7
75.1,4.9,55.9,10,5.5,Yes,No,Bachelor,7,2,0,High,13.1,19,94.2
75.9,3.7,77.7,5,6.7,Yes,No,Diploma,8,8,1,Middle,0.5,21,95.9
75,5.6,65.1,5,7.8,Yes,Yes,Master,7,6,0,High,11.7,18,100
95.1,2.7,62.6,5,8.6,Yes,Yes,Bachelor,4,2,0,High,9.7,18,84.3
97.6,2,56.6,6,6.7,Yes,Yes,Diploma,7,6,0,Middle,0.5,19,98.8
75.7,1.3,57.2,8,6.3,Yes,No,Diploma,7,3,0,High,11.5,20,76.5
72.8,0.5,72.5,6,7.4,Yes,Yes,Diploma,6,1,0,Middle,17,19,74.5
87.2,3.6,49.6,10,5.8,Yes,No,Diploma,7,0,0,High,9.7,18,80.5
75.9,4,81.9,10,6.8,Yes,Yes,Master,1,4,0,Low,10.8,18,98.3
89,3.4,60.5,7,7,Yes,No,Master,9,7,0,Low,2.7,18,100
84.2,6.7,65.9,10,7,Yes,Yes,High School,9,7,1,Low,4.9,18,100
65.3,6.7,49.3,10,7.1,Yes,Yes,Diploma,4,7,0,Low,2.9,21,96.9
99,3.9,67.8,7,6.1,Yes,Yes,High School,6,6,0,Middle,10,18,97.7
100,1.3,63.4,3,6.2,Yes,Yes,Master,10,5,0,Low,5.4,19,73.9
75.3,3.5,67.3,7,6.2,Yes,Yes,Master,5,6,0,Low,5.1,22,93.7
77.7,3.4,88.6,6,5.2,No,No,Bachelor,8,0,0,Low,11.5,21,89.2
85.1,3.3,70.5,8,7.4,Yes,Yes,Bachelor,6,6,0,Middle,16.3,18,98.2
85.7,3.2,56.9,8,8,Yes,Yes,Bachelor,8,2,1,Middle,7.6,19,97.8
89.2,3.3,58,8,7.9,Yes,No,High School,7,2,1,Middle,0.5,20,91.7
100,3.8,76.3,9,6.7,Yes,No,Master,6,5,0,Low,8.2,18,100
80.1,3.4,86.2,5,6.1,No,Yes,Bachelor,8,6,0,Middle,9,20,93
73.2,4.9,71.9,8,7.8,No,No,High School,6,3,0,Low,12.2,22,85.8
66.8,5.1,77.6,7,7.7,Yes,No,Diploma,3,5,0,Low,6.4,19,92
74,2.9,76.5,8,7.2,Yes,Yes,Bachelor,5,5,2,Middle,12.4,19,91.3
81.6,6.8,87.9,9,8.9,Yes,No,Diploma,5,3,0,High,11.6,20,100
100,2.7,40.7,5,7,Yes,Yes,Bachelor,4,4,0,Middle,6.5,20,80.2
76.3,1.6,77.3,7,6.7,Yes,Yes,Master,8,8,0,High,12.1,20,100
84.5,5.2,81.8,7,6.6,Yes,No,Bachelor,7,3,0,Middle,12.7,18,95.8
81.8,3,49.3,6,5.3,Yes,Yes,Bachelor,8,4,0,Middle,2.5,20,83.3
95.1,5.1,55.6,9,7.7,Yes,Yes,Bachelor,8,4,0,High,12.8,21,97.7
100,0.5,56.1,6,6.9,Yes,No,Diploma,9,4,0,Middle,7.4,18,70.2
76.2,7,57.8,6,7.6,Yes,No,Diploma,8,6,1,Low,6.8,18,92.2
76.6,5.7,61.3,6,9,Yes,No,Diploma,5,7,0,High,7.5,19,92.6
93.5,1.8,71.4,10,6.6,Yes,No,Master,8,4,1,Low,14.2,19,99.5
89.5,1.8,80.1,7,4.4,Yes,No,Master,7,2,1,Middle,14.2,22,89.8
100,7.5,83.1,8,7.5,Yes,No,High School,10,8,0,Low,10.4,19,100
88.4,3.2,56.3,10,7.2,Yes,Yes,Bachelor,7,4,0,Low,9.3,19,100
78,3,56.2,7,6.2,No,Yes,Bachelor,8,1,0,Middle,7.5,19,86.3
88.5,0.5,86.4,10,7.4,Yes,Yes,Master,7,8,0,Low,21.5,19,100
94.2,3.9,77.1,10,7.9,Yes,Yes,Diploma,7,6,1,High,4.6,20,100
91,4.1,69.2,10,6,Yes,Yes,Bachelor,7,7,1,Middle,5.8,19,99.6
87.6,5.8,74.6,7,6.7,Yes,No,Bachelor,6,7,0,Middle,9.5,17,92.7
93.7,2,67.6,9,8.6,Yes,Yes,High School,7,9,0,Middle,3.5,21,100
94.9,1.8,75.3,5,6.2,No,Yes,High School,8,2,1,Middle,13.2,18,76.1
97.2,5.3,63.3,6,7.1,No,No,High School,6,2,0,Middle,0.6,18,92.9
89.1,6.3,71.8,6,4.1,Yes,No,Diploma,9,3,2,Middle,4.4,20,97.5
80.2,1.7,46.9,10,5.4,No,No,Diploma,8,3,0,High,6,19,70.9
83.6,6.4,58.4,6,7.2,Yes,No,Bachelor,5,4,1,High,3,19,95.5
95.3,4.6,58.5,6,8.4,Yes,No,Bachelor,5,3,0,Low,13.2,19,96.1
73,6.5,62.8,5,5.5,Yes,No,Master,8,2,0,High,1.4,19,81.9
86.1,4.4,55,9,7.1,Yes,No,Diploma,6,2,0,Middle,3.2,19,96.1
77.7,0.5,60.5,8,6.6,No,No,Master,5,3,1,High,4.6,18,87.7
82.3,4.2,46.8,10,8,Yes,No,Bachelor,10,6,0,Middle,12.2,22,97.4
96.1,6.4,75.7,9,5.7,Yes,No,Diploma,5,3,0,Middle,15.3,19,100
84.1,2.9,66.8,5,7.5,Yes,No,Bachelor,4,6,0,Low,10.6,19,82
82.5,3.8,44.1,6,6.3,Yes,Yes,Bachelor,5,1,1,Middle,1.4,20,81.8
67,4.2,56.3,10,7.2,Yes,No,High School,7,0,0,Middle,4.9,21,88.8
90.2,0.5,72.7,7,7.1,Yes,No,Bachelor,7,4,0,Middle,15.9,19,89.1
89.1,7.5,60.4,10,6.7,Yes,No,Bachelor,10,3,0,Middle,8.1,19,100
100,2.9,58.2,7,7.5,Yes,Yes,Master,5,2,0,Middle,0.8,19,94.5
78.6,5.4,67,6,7,Yes,Yes,Master,7,2,0,Middle,19,18,92.8
84.4,4.3,72.8,7,6.9,Yes,Yes,Bachelor,9,3,0,High,5.2,20,95.9
84.7,6.8,47.9,6,6.6,Yes,No,Bachelor,6,2,1,High,7.6,19,87.6
99.4,5.2,75.7,6,7.1,Yes,No,Master,8,2,0,Middle,4.6,18,100
81,4.1,56.8,8,7.2,Yes,Yes,Master,3,1,0,High,3.2,22,81.7
85.1,2.9,67.7,9,5.9,Yes,No,Bachelor,10,0,0,Middle,14.5,19,90.7
88.7,5.9,67.5,4,6.6,Yes,Yes,Bachelor,9,0,0,Middle,9,21,93.8
84.1,1.1,60.6,7,5.8,Yes,Yes,High School,6,9,0,Low,9.6,19,84.2
77.1,5.7,53.7,6,7,Yes,No,Bachelor,9,4,0,High,1.6,19,96.9
84.1,2.5,64,6,6.3,No,No,Diploma,10,7,0,Middle,6.5,19,95.5
93.8,6.8,90.8,8,7.8,No,No,Bachelor,4,4,0,Low,4.9,19,100
70.7,4.8,48.9,6,7.7,Yes,Yes,Diploma,6,4,0,Middle,3.9,18,86.7
83.5,5.7,91.7,10,6,Yes,No,Diploma,10,5,0,Middle,10.3,22,100
74.3,4.6,64.4,10,7,Yes,No,Diploma,7,5,1,High,6.3,18,91.9
95.1,1.3,68.5,10,7.7,No,Yes,Master,8,2,0,Middle,11.5,19,86.3
65.2,3,52.8,7,6.8,Yes,No,Bachelor,7,3,0,Middle,11.6,18,74.2
75.9,5.7,57.2,6,6.2,Yes,No,Bachelor,9,5,0,Middle,5.8,22,97.9
86.1,4.8,61,8,5.8,No,Yes,Bachelor,8,0,1,Middle,10.3,19,85.8
99.2,6.6,53.4,7,7.9,No,No,Master,7,7,0,Low,5.7,20,98.7
81.3,5.2,65.1,6,8,Yes,Yes,Diploma,3,6,2,Middle,4.1,19,98.1
75.9,2.8,62.3,5,6.8,Yes,No,Bachelor,8,0,0,High,2.7,20,75
100,3.1,93.9,7,7.8,Yes,No,Bachelor,8,2,0,Low,8.4,19,100
66.1,4.7,51.7,7,4,Yes,Yes,Master,5,4,0,High,4.3,19,87.9
57.8,0.5,69.4,9,8.5,Yes,No,Diploma,5,6,0,Middle,14.9,19,86.3
86.8,7.5,71.5,9,6.8,Yes,No,Master,8,7,0,Middle,16.1,17,100
76.5,5.3,53,10,7.2,Yes,No,Diploma,7,3,0,Low,10.4,19,89.6
70.8,6.7,77.6,5,6.6,Yes,Yes,High School,3,9,0,Low,9.2,22,100
89.8,1.7,62.4,8,8.5,Yes,No,High School,5,4,0,Middle,8.1,20,88.5
84.7,6.7,33.1,6,5.8,Yes,No,Diploma,8,4,0,Low,19.9,21,86.5
75.8,8.5,77.2,5,8.6,Yes,Yes,Bachelor,8,5,0,Low,17.8,18,100
67.9,2.1,52.4,7,7.4,Yes,Yes,Bachelor,6,5,0,Middle,7,19,75.3
91.6,5.9,53.3,10,7.7,No,No,Diploma,7,5,0,Middle,7,18,100
89.2,4.5,77.6,7,6.6,Yes,No,Bachelor,5,8,0,Middle,9.6,20,100
80.9,1.7,63.1,10,5.6,Yes,Yes,Bachelor,10,4,0,Low,2.1,20,99.3
100,5.4,80.8,9,8,Yes,No,Bachelor,7,2,0,Low,0.5,20,100
70.2,6,84.9,7,7.3,Yes,Yes,Bachelor,6,2,0,Middle,1.3,18,100
65.2,3.4,59,10,8.5,Yes,No,Master,5,7,0,Middle,6.5,18,99.7
74.4,6.6,79.1,8,6.8,Yes,No,Bachelor,4,5,0,Middle,3.3,20,100
81.5,1.5,57.4,6,6.5,Yes,No,High School,10,1,0,Middle,15.3,20,75.4
84.7,1.8,99.3,10,8.5,Yes,Yes,Diploma,7,1,0,High,0.7,18,100
79.3,4.7,58.3,8,9.1,Yes,No,Diploma,6,4,0,Low,1.3,19,88.4
85.9,4.5,82.4,8,7,No,No,Bachelor,7,5,0,Middle,0.5,19,100
68.2,3.2,79.8,6,6.2,Yes,No,Master,6,3,1,Middle,4.8,17,83.2
97.9,6,72.4,10,7.9,Yes,No,Bachelor,7,1,0,Low,6,19,100
81.1,5.5,58.6,9,6.7,Yes,Yes,High School,7,2,0,Middle,7.6,20,96.5
94.3,6,65.9,9,7.7,No,No,Bachelor,7,7,2,Low,7.8,18,100
85.8,4.3,37.8,6,6.7,No,Yes,Bachelor,4,5,0,Middle,4.9,20,85
87,5.6,71.1,9,8.7,Yes,No,Master,9,6,0,Low,2.7,18,100
88.3,3.7,72.9,9,6.2,Yes,Yes,High School,6,6,0,High,10.1,20,99.7
86.9,8.2,69.9,6,7.5,Yes,Yes,Diploma,6,3,0,Low,3.5,19,100
89.1,3,30,5,6.5,Yes,Yes,Master,6,3,0,Middle,11.9,21,79.3
96.6,8.3,50.3,9,6.7,Yes,No,Master,5,4,0,Low,0.6,19,100
84.2,4.6,57.5,4,6.5,Yes,Yes,Diploma,8,5,0,Low,4.3,18,86.9
89.8,2,72.1,8,7.8,Yes,No,High School,9,6,0,Middle,18.2,21,99.3
81,7,72.1,7,8,Yes,No,Bachelor,6,8,0,Middle,18.9,20,100
97.8,4.7,65.6,10,7.6,Yes,Yes,Master,3,6,0,Middle,1.2,18,100
74.6,6,76.9,7,6.9,Yes,Yes,Diploma,5,6,0,Middle,14,18,98.6
100,6.7,53.6,10,7.2,Yes,No,Master,6,8,0,High,16.1,18,100
81.6,5.1,76.5,6,8,Yes,Yes,Diploma,5,4,0,Middle,13.3,21,96.5
66.3,3.4,74.6,9,8,Yes,Yes,Bachelor,6,6,0,Low,7.7,19,100
83.4,6.3,73.3,10,4,Yes,Yes,Bachelor,6,5,1,High,0.5,19,100
74.5,4.5,65.5,5,6.7,No,Yes,Diploma,7,5,0,High,8.4,20,91.9
91.2,5.7,93.6,8,6.8,Yes,Yes,Diploma,4,4,0,Middle,10.1,20,100
74.8,0.6,74.9,10,7.7,Yes,No,Diploma,8,1,0,Low,9.2,21,90.8
77.1,5.3,54.4,8,6.9,Yes,No,Bachelor,10,5,0,Low,10.4,19,95.8
61.2,3.4,71.5,8,7.8,Yes,No,High School,10,5,0,Middle,3.9,19,97.8
77,7.5,78.5,9,5.8,Yes,Yes,Bachelor,6,3,0,Middle,5.6,18,100
55.3,5.6,59.8,8,7.3,Yes,No,Bachelor,8,4,0,Low,0.5,20,94.9
64.6,4.9,83.2,4,8,Yes,Yes,Bachelor,8,2,0,Middle,12.5,19,98.9
90.4,5.4,73.3,10,5.4,Yes,No,Master,7,2,0,Low,3.5,19,100
90.6,2.7,35.2,3,9.8,Yes,No,Bachelor,7,3,0,High,6.8,19,70.7
86.7,7.4,72.2,7,8.3,Yes,Yes,Bachelor,8,1,0,Middle,9.3,20,100
71.4,8.1,62.3,10,7,Yes,Yes,Bachelor,9,3,1,High,5.2,20,100
81.5,5.2,75.5,7,6.1,Yes,Yes,Bachelor,5,5,0,Middle,2.6,19,89.4
82,7.4,81.2,6,6.8,Yes,Yes,High School,8,7,0,Middle,9.3,18,100
69.3,3.5,70.7,9,7.1,Yes,No,Master,10,8,0,Low,0.5,20,100
98.5,3.1,91.3,6,7.5,Yes,Yes,High School,9,3,0,Middle,11.8,20,100
91.7,4.6,65.5,5,8.7,No,No,Bachelor,10,6,0,Low,11.3,19,100
79.6,5.3,76.7,8,6.5,Yes,Yes,Bachelor,2,5,0,High,5.3,18,100
82.3,3.8,79.3,7,7.6,Yes,No,High School,8,4,0,Low,5.5,18,100
84.3,5.5,66.6,5,5.6,Yes,Yes,High School,8,5,0,High,3.1,19,95.6
59.5,5.1,78.9,9,6.5,Yes,Yes,High School,9,6,0,Middle,6.1,21,100
79.3,2.7,59.7,8,7.4,Yes,No,Diploma,5,3,0,Low,7,20,85.4
74.5,5.4,62.1,7,7.8,Yes,No,Master,6,3,0,Middle,6.4,21,97.6
71,6.1,49.6,7,6.2,Yes,No,Master,9,3,0,Middle,15.2,21,84.8
78.9,4.8,71.4,8,6.5,Yes,No,High School,5,3,0,Middle,0.5,19,99.8
100,6.6,72.6,10,8.6,Yes,No,Diploma,7,6,0,Low,3.5,19,100
89,2.3,84.5,7,8.3,Yes,No,Master,7,2,0,Low,11.7,18,100
75.7,5.3,79.1,9,7.2,Yes,Yes,High School,7,3,0,Middle,18.3,20,92.8
88.3,2.4,64,9,4.5,Yes,Yes,Master,8,5,1,Middle,3.7,19,89.4
97.4,2.5,51.5,9,9.8,Yes,No,Diploma,5,4,0,High,13.1,18,81.4
92.2,3.4,74.1,8,7,Yes,No,Bachelor,5,3,0,Middle,2.2,18,100
82.7,2.8,83.6,6,6.7,Yes,No,Diploma,7,7,1,Low,6.1,20,89
74.9,3.5,78.6,7,6.4,Yes,Yes,High School,5,3,0,Low,8.1,19,94.4
89.7,4.1,83.2,8,7.4,Yes,No,Diploma,9,4,0,Low,4.5,17,100
86.3,6,65,10,7.4,Yes,No,Bachelor,5,0,0,Middle,5.9,21,94.5
91.8,3.9,61.5,7,8,Yes,No,Diploma,9,3,0,High,1.2,20,100
89,1.6,57.7,9,6,Yes,Yes,Bachelor,5,1,1,Middle,11.4,18,74.7
93.5,6.6,67.2,7,6.7,Yes,No,High School,8,2,0,Middle,3.5,19,97.8
76.1,3,66.9,8,9.2,Yes,No,Diploma,4,0,0,Middle,4.7,20,77.5
96.5,4.4,70.9,10,7.2,No,No,Bachelor,10,2,0,High,4.1,18,100
84.2,5.3,66.2,9,6.8,Yes,No,Diploma,9,4,0,Low,4.4,20,92
100,4.9,66.1,5,6,Yes,No,High School,6,4,0,High,8.7,19,97.3
74.4,6.5,57.1,6,7.6,Yes,Yes,Diploma,5,3,0,Low,8.3,20,90
100,5.4,81.2,10,8.1,Yes,No,Bachelor,8,3,0,Middle,20.6,21,100
84.2,2.9,69.1,8,8,Yes,No,Master,4,3,0,Middle,6.8,20,92.8
74.8,8.4,65.6,5,6.7,Yes,Yes,Bachelor,7,4,0,Low,7.5,18,100
76.7,4.8,57.5,6,7.4,Yes,Yes,High School,5,4,0,Middle,14.7,19,89.7
78.5,4.2,49.4,9,8.8,Yes,Yes,Diploma,6,5,1,Middle,9.1,19,90.4
86.7,6.2,86.3,9,8.2,Yes,No,High School,6,4,1,Middle,7.5,19,100
87.8,4.9,75.8,8,6.1,Yes,No,High School,5,3,0,Middle,7.3,22,100
75.7,5.2,45.3,10,4.2,Yes,Yes,Diploma,10,6,0,Low,9,18,99.5
81.7,9,78.7,9,7.3,Yes,No,High School,9,5,0,Low,12.9,21,100
100,4,80.9,7,7.9,No,No,High School,4,4,0,Middle,14.7,22,100
100,3.9,69.7,6,5.8,No,No,High School,5,6,0,Middle,13.2,22,98.3
86.8,4.7,90.4,6,7,Yes,No,Diploma,9,4,0,Middle,10.3,20,99.9
82.4,6.4,71,8,6.7,Yes,No,High School,9,4,0,High,9.1,19,100
83.3,1.8,48.2,7,7.1,Yes,Yes,Diploma,4,4,0,Middle,18.2,18,67.5
88.7,1,73.1,10,6.4,Yes,No,Bachelor,8,4,0,Low,5.6,20,86.6
70.7,3.4,71.4,10,8.4,Yes,No,High School,8,2,1,Middle,11.5,20,91.7
79.2,1.6,59.6,9,7.2,Yes,Yes,High School,3,0,0,High,13.9,19,87.6
63.6,3.7,76,5,6,Yes,No,High School,6,5,0,Middle,13.2,20,95.7
86.4,5.4,44.7,6,8,Yes,Yes,Diploma,7,6,0,Middle,4.2,18,92.6
89.1,2.9,81.9,10,5.6,Yes,No,Bachelor,7,2,0,Middle,22.1,20,92.2
76.7,1.9,55.7,6,8.4,Yes,No,High School,4,6,0,Middle,16.4,21,84.6
99.3,4.6,54.2,10,8.1,Yes,No,Bachelor,5,1,0,Low,13.3,19,84.1
68.5,6.1,66.4,8,8.5,Yes,No,Bachelor,6,3,0,Low,3,20,95.4
65.9,1.4,74.1,8,6.8,Yes,No,Bachelor,6,7,0,Middle,12.9,20,85
84.5,6,70.3,6,6.5,No,No,Master,6,5,0,Middle,0.5,17,100
93.5,6,57.6,7,7.1,Yes,No,Master,7,3,0,High,6.8,18,100
100,6.2,60.9,8,6.9,Yes,No,High School,8,5,0,Low,8.5,20,90.7
77,6.7,52.1,10,6.3,Yes,No,Diploma,10,6,0,Low,5.8,18,100
93.9,8.5,64.9,6,6.4,No,No,Bachelor,9,1,1,Low,15.9,22,100
81.6,3.9,83.1,7,6.6,Yes,Yes,Master,10,7,0,Middle,8.5,21,100
80.1,4.7,67.9,8,5.7,Yes,No,Bachelor,6,3,0,Middle,3.2,19,96.7
91.7,3.8,80,9,7.7,Yes,Yes,High School,5,5,2,Middle,11.8,19,100
89.2,4.5,88.4,6,6.9,Yes,No,Diploma,9,3,1,Low,10,20,100
64.7,7.3,59.8,5,6.7,Yes,Yes,Bachelor,7,7,0,Middle,0.5,20,87.4
98.2,2.1,65.4,9,5.8,Yes,No,Diploma,8,4,0,Middle,14.7,18,89.2
97.2,3,98.4,4,5.7,Yes,Yes,Bachelor,5,1,0,Middle,8.5,18,100
75.1,7,88.2,10,9.1,Yes,Yes,Bachelor,8,5,0,Middle,12.9,20,100
86.4,6.3,44.6,7,6.3,Yes,No,High School,7,7,0,Low,10.1,20,94.6
87.4,3.8,73.4,4,7.7,Yes,Yes,Master,6,6,0,High,6.3,18,94.4
84.9,6,68,7,7.2,Yes,Yes,Master,6,4,0,Middle,10.1,20,100
75.9,5.1,79.6,8,4,Yes,Yes,Diploma,8,6,1,High,7.5,21,100
74.6,7.2,57.6,6,9,Yes,No,Bachelor,9,3,0,Middle,9.5,18,100
81.7,4.6,56.2,8,7.8,Yes,Yes,Bachelor,6,5,0,Low,11,19,96.9
94.9,6.3,58.5,9,6.2,Yes,No,High School,8,5,1,Middle,8.7,21,99.9
88,9.3,60,7,7,Yes,No,High School,8,0,0,Middle,10.3,19,89.8
77.9,5.6,79.4,6,5.7,Yes,Yes,High School,8,2,1,Middle,6.1,18,90.2
90.5,4.6,51.5,7,9,Yes,No,Master,9,4,0,Middle,5.1,20,91.8
50.7,5.8,59.3,10,6,Yes,No,Diploma,10,4,1,Low,11.9,19,83.3
94.6,3.8,43,10,6.4,Yes,No,High School,6,4,0,Low,15.3,20,91
62.9,8.8,82.1,3,6.2,Yes,Yes,Diploma,10,4,0,Low,5.4,18,100
78,4.8,85.8,10,7.1,Yes,No,High School,7,6,0,High,9.6,19,96.1
69.7,4,63.4,8,8.5,Yes,No,High School,5,5,1,Low,1,19,80.7
67.8,3,63.8,9,9,Yes,No,Diploma,6,0,0,Middle,17,22,85
94.8,6.5,74.3,6,6.6,Yes,No,Bachelor,8,8,0,Middle,13.7,19,100
76.9,6.1,88.6,4,7.4,Yes,Yes,Bachelor,8,0,0,Middle,5.1,20,100
85.8,3.6,73.7,9,7.1,Yes,Yes,Bachelor,5,6,1,High,6.2,18,100
81.5,5.5,58.2,6,5.9,Yes,Yes,Bachelor,5,1,0,Low,14,22,92.9
87.2,1.8,45.3,5,9.7,Yes,No,Diploma,6,7,0,Low,8.9,18,85.7
82.8,4.8,52.4,5,8.5,Yes,No,Bachelor,5,3,0,Middle,11.2,18,90.9
67.9,5.3,69,9,7.2,Yes,No,Diploma,3,5,0,Middle,3.1,18,100
93,7.6,58.8,8,8.7,No,Yes,Diploma,3,0,0,Middle,10.9,21,90.8
76.6,3.1,70.7,9,8.3,Yes,No,Diploma,6,5,0,Middle,7.3,20,99.9
64.9,2.2,60.3,9,7.1,Yes,Yes,Diploma,8,5,0,High,9.5,22,92.3
77.3,2.9,53.2,7,7.4,Yes,No,High School,8,5,0,High,6,18,85.3
98.5,2.1,51.5,7,8.7,Yes,No,High School,4,6,0,High,6.9,20,87.1
91.4,6.9,89.9,6,6,No,No,Bachelor,4,4,0,Middle,8.5,19,100
78.2,7.3,80.4,7,8.8,Yes,Yes,Bachelor,6,4,0,Low,5.1,20,100
78.2,5.1,92.2,6,6.8,Yes,No,Diploma,7,2,0,Low,19.3,19,90.3
78.5,6.7,75.6,8,8.7,Yes,Yes,Master,9,3,1,Middle,2.7,20,100
100,4.7,62,10,7,Yes,Yes,Bachelor,8,6,0,Middle,10.5,21,100
86.2,4.3,86.5,6,7.4,No,Yes,Master,6,2,0,Middle,9.5,19,99.4
86.7,3.9,67.5,10,7,Yes,No,Bachelor,8,0,0,Middle,11.8,21,87.9
93.3,3.9,71.1,8,6.4,Yes,Yes,High School,5,2,0,High,0.5,20,100
84.6,1.7,67.4,8,6.7,Yes,Yes,Master,7,5,1,Middle,0.5,21,90.4
79.2,5,30,4,8.5,No,No,Master,7,3,0,Middle,5.3,20,76.8
79.8,4.4,90.5,4,4.5,Yes,Yes,Diploma,10,5,0,Low,12.6,19,100
81.2,5.8,74.9,8,5.6,Yes,Yes,High School,8,0,0,Middle,6.7,18,100
81.6,4.7,72.6,9,6.2,Yes,No,High School,5,0,0,Middle,6.5,21,79.4
90,4.2,67.1,6,5.8,Yes,Yes,Bachelor,5,5,0,Middle,8.1,18,96.6
82.6,2.9,70.3,10,8.7,Yes,Yes,High School,6,6,0,Low,3.8,18,100
90.1,4.6,59.6,9,8.4,Yes,No,Bachelor,4,1,0,High,10.4,19,96.3
81.1,5.8,76.6,6,7.7,Yes,Yes,Bachelor,7,5,0,Middle,9,20,100
82.9,2.4,49.7,8,6.3,Yes,No,High School,7,6,0,Low,10.5,20,84.5
60,4.7,70.6,10,8.5,Yes,Yes,Bachelor,8,4,0,Low,15.6,20,92.3
92.1,4.9,75.9,5,5.3,No,No,Bachelor,8,6,0,High,6.8,20,100
85.8,3.2,65.2,9,9.4,No,Yes,Diploma,7,4,1,High,8.6,20,100
93,3.4,73.2,7,6.2,No,No,Diploma,4,3,0,Middle,3.1,20,100
50.1,4.9,54.1,9,6.7,Yes,No,Bachelor,5,6,0,Middle,1.7,20,83.9
100,2.5,54.5,10,6.5,Yes,Yes,Bachelor,6,8,0,High,8,19,100
80.5,5.1,71.3,7,5.8,Yes,Yes,Bachelor,8,3,0,Low,8.5,18,100
94.2,2.9,77.5,10,9.1,Yes,Yes,Diploma,8,4,2,Middle,11.4,20,98.4
70.6,6.4,41.8,10,7.9,No,Yes,High School,7,2,0,Low,10.9,18,83.1
88.7,8.7,75.3,8,8.3,No,Yes,Master,10,4,1,Middle,9.3,21,100
70.4,3,60.4,9,5.7,Yes,No,Bachelor,10,4,0,Middle,16.4,20,95.6
75.1,5.5,65.3,6,7.2,No,Yes,Diploma,9,6,0,High,6.4,20,95.4
100,3.2,49.2,8,7.6,Yes,Yes,Bachelor,8,7,0,Middle,7.1,19,100
79.9,6.4,56.1,7,7.3,Yes,No,Bachelor,8,6,0,High,9.4,20,96
84.4,2.2,81.5,9,5.7,No,No,High School,8,6,1,Middle,2.1,19,100
91.6,5.4,68.5,10,8.2,Yes,Yes,Master,3,3,0,Low,11.4,18,99.5
87.5,2.9,62.6,7,7.1,Yes,No,High School,5,2,0,High,8.4,20,83.6
83.7,4.1,66.4,10,5.9,Yes,No,Bachelor,7,5,0,Middle,8.5,19,100
86,2.6,74.8,10,5,Yes,Yes,Diploma,7,4,0,Middle,10.7,18,96.1
100,6,74.2,9,7.7,Yes,Yes,Diploma,7,8,0,Low,9.9,19,100
81.4,3,66.9,6,9.7,Yes,Yes,Bachelor,8,0,1,Middle,10.1,18,82.6
84.2,5.5,83.3,6,5.9,Yes,Yes,Bachelor,3,5,0,Low,6.1,19,100
93.6,3.9,81.6,6,7.2,Yes,Yes,Bachelor,8,5,0,Low,15.8,18,100
94.2,4.3,73.8,9,8.2,Yes,Yes,Diploma,7,2,2,Low,0.7,19,100
95.1,4.8,68.8,5,5.6,No,No,Master,7,2,0,Middle,4.6,20,90
89,3.1,77.2,9,6.5,Yes,No,Diploma,9,3,1,Middle,5.2,22,92.8
69.4,4.9,72.4,5,6.1,Yes,No,Bachelor,5,1,0,Middle,4.4,18,81.3
100,7.3,82.9,9,8.1,Yes,No,Master,7,7,0,Low,0.5,19,100
69.4,3.1,80.6,8,8.5,No,No,High School,8,9,0,Middle,16.2,17,99.8
85.3,6.6,53.7,10,7.2,Yes,No,High School,5,3,0,Middle,11.2,18,91.1
73.7,7.2,52.8,10,6.1,No,No,Master,3,3,0,Low,4.8,19,99.4
81.3,3,58.2,10,6.5,Yes,Yes,Master,5,1,0,Low,11.5,19,90.1
85.6,1.9,81.7,10,6.3,Yes,Yes,Bachelor,7,2,0,Middle,7.2,18,93.3
85.5,5,45.9,8,5.9,Yes,No,Diploma,7,3,0,Middle,6.5,18,88
86.6,3.5,73.5,5,6.9,Yes,Yes,Bachelor,7,6,1,Low,3.2,19,89.8
99.8,7.9,73.1,5,7.6,Yes,Yes,Diploma,6,10,0,Low,8.1,19,100
87,4.6,84.3,3,7.5,Yes,Yes,Diploma,4,3,0,Middle,4.8,19,89.8
79.3,3.1,70.5,5,7,Yes,No,Diploma,7,2,0,Middle,3.1,21,98.4
92.6,2.4,49.2,8,7.1,Yes,Yes,High School,7,2,0,High,12.8,19,76.2
95.1,6.5,54.6,6,6.9,Yes,Yes,Diploma,8,5,0,Middle,3.9,19,94.9
68.5,3.5,51.5,7,5.6,Yes,Yes,Diploma,6,5,0,Low,15,18,78.8
88.6,4.6,60.5,8,7.2,Yes,No,Bachelor,3,4,0,Middle,4.4,19,94.6
89.7,6.2,65.4,7,6.4,Yes,Yes,Bachelor,2,3,0,High,0.5,21,99
78.7,3.6,51.7,5,5.5,Yes,Yes,Master,6,7,0,High,10.6,22,91.7
97.1,4.4,88.6,7,7.4,Yes,No,Diploma,7,6,0,High,5.8,19,100
80.3,4.5,49.4,6,6.3,Yes,No,Diploma,7,5,2,Middle,0.5,18,78
83.4,5.7,86.8,7,7.3,Yes,No,Bachelor,6,5,0,Middle,9.3,21,100
80.1,5.6,84.6,10,7.9,Yes,No,High School,4,4,0,High,1.5,18,100
82.2,4.1,80.6,7,6,Yes,Yes,Diploma,3,3,0,High,0.5,19,100
69.9,4.6,58.3,10,7.1,Yes,No,Bachelor,8,5,0,Low,11.4,18,96
66.2,3.8,72.8,10,5,Yes,Yes,Diploma,7,5,0,Middle,15.4,19,100
99.5,1.8,50.1,6,8.7,Yes,No,Master,6,5,0,High,6,19,74.6
72.7,5,80.8,5,5.5,Yes,Yes,Bachelor,4,1,0,High,14.1,19,85.8
71.1,7.9,67,7,6.4,No,Yes,High School,5,5,0,Middle,12,20,93.2
58.3,2.9,62.3,10,8.5,Yes,Yes,Diploma,7,3,0,Middle,11.3,20,92.1
75,3.1,50.9,7,6.7,Yes,Yes,Bachelor,8,2,0,Middle,7.2,22,79.2
67.4,2.9,33.3,9,5.7,Yes,No,Bachelor,7,5,0,Middle,5,19,83.7
100,5.8,53.5,10,7.8,Yes,No,Master,10,4,0,Middle,9.7,21,100
93.1,5.3,83.6,6,7.8,Yes,No,Bachelor,6,9,0,Middle,11.2,19,100
74.4,4.2,62.4,6,6.3,Yes,Yes,High School,10,5,0,Middle,1.7,17,94.9
100,2.8,65.6,9,6.4,Yes,Yes,High School,7,3,0,Middle,6.4,18,95.8
92.8,4.7,77.2,8,6.5,Yes,No,Bachelor,7,4,0,Middle,7.1,19,100
78.4,1.7,93.3,6,6.8,Yes,No,High School,9,2,0,Middle,6.6,20,97.3
54.5,4.8,86.6,7,4.9,Yes,Yes,Bachelor,6,6,0,Middle,4.6,18,95.3
100,6.1,54.4,7,6.8,Yes,No,Bachelor,6,5,0,Middle,1.3,21,92.8
66.7,2.2,40.8,4,9,Yes,No,Bachelor,5,5,0,High,6.5,20,76.3
63.9,1.7,100,9,6,Yes,Yes,Diploma,9,2,0,Middle,6.6,18,100
93.2,7.3,99.8,7,6.4,Yes,Yes,Bachelor,8,6,0,Middle,5.6,18,100
100,3.4,70.6,2,5.7,Yes,Yes,High School,9,2,0,Low,11.2,18,86.5
97.2,6.5,50.2,7,7.7,Yes,No,Bachelor,7,3,0,Low,1.2,20,94.4
88.2,4.2,81.5,6,8.3,Yes,Yes,Bachelor,9,4,0,Low,9.4,19,100
88.5,4.2,66.5,10,8.3,Yes,Yes,Bachelor,6,3,0,High,0.5,19,100
91.4,5.3,66.4,6,5.6,Yes,No,Diploma,9,2,0,Middle,7.7,18,91.5
90.3,2.9,80.5,5,7.5,Yes,Yes,Bachelor,6,4,0,Middle,0.5,19,90.4
85.1,4.7,72.7,9,8.6,Yes,No,Bachelor,7,6,0,Middle,3.6,20,100
83.1,3.8,51.4,6,7.6,Yes,Yes,High School,8,6,0,Low,7.9,18,83.5
81.3,2.1,63.5,6,7.5,Yes,No,Master,10,5,0,Low,0.9,21,97
73.7,5.1,77.3,9,6.5,Yes,No,Bachelor,9,5,0,Middle,0.9,18,100
78.9,4,75.1,5,7.2,Yes,No,Bachelor,9,3,1,Low,12.9,20,99.1
63.4,4.2,71.7,5,8.4,No,Yes,Diploma,6,6,0,Middle,0.5,18,100
80.9,2.3,81.1,10,7.4,Yes,Yes,Master,7,1,0,High,7.4,18,100
71.1,7.4,62.9,9,5.6,Yes,No,Bachelor,7,5,0,Middle,15.4,19,100
69.9,6.1,70.5,7,6.5,Yes,Yes,Bachelor,10,6,1,Middle,8.7,20,96.5
84,6.2,30,7,8.3,Yes,No,Bachelor,7,4,1,Middle,8.1,18,78.2
97.3,4,61.7,9,7.4,Yes,No,Diploma,10,3,0,Middle,4.4,19,100
92.1,1.4,78.7,9,7.1,Yes,No,High School,4,4,0,High,4.4,19,98.6
64.7,8,62.5,6,6.4,Yes,Yes,Diploma,10,2,0,High,7.2,19,99.8
71.1,4.4,61.5,8,8.3,Yes,No,Diploma,5,5,0,Middle,0.5,22,86.3
92.3,3.2,53.4,6,8.8,No,No,Bachelor,9,6,0,Low,13.1,19,87.4
71.2,5.3,82,7,8.4,Yes,No,High School,5,5,0,High,9,22,100
79.5,6.6,75.7,8,8.6,No,No,Bachelor,8,5,0,Low,0.5,19,100
88.1,4.5,79.6,7,6.6,No,Yes,Bachelor,5,6,1,Middle,13.1,21,94.3
71.3,6.8,43.8,9,6.4,Yes,No,Diploma,9,6,0,Middle,11.4,19,91.3
83.2,6.4,65.8,8,6.8,Yes,No,Diploma,9,2,0,Low,10.2,18,99.4
67.3,2.6,64.1,4,7,Yes,Yes,Bachelor,6,1,0,High,19.2,18,74
75.4,3.3,64.1,5,8.6,No,Yes,Diploma,8,5,0,High,8.5,19,85.3
85.5,6.2,59.4,7,8.3,Yes,Yes,Diploma,9,6,0,High,15.7,21,100
64.5,0.5,63.2,10,7.6,Yes,No,Bachelor,5,1,1,Low,8.1,18,76.4
86.8,4.2,79.9,6,5.4,Yes,No,Bachelor,5,4,1,Middle,10.3,20,94.9
81.8,1.9,41.2,7,5.1,Yes,Yes,Bachelor,5,6,0,High,5.2,19,74.3
88.1,3.6,92.9,6,7.3,Yes,No,Bachelor,5,4,0,Low,0.5,20,100
84.5,4,74.8,6,8,Yes,No,Bachelor,5,7,0,Middle,0.5,18,100
97,3.9,67.4,8,6.9,No,No,High School,9,7,0,Middle,7.6,18,100
83.4,3.5,80.7,10,9.1,Yes,No,Master,8,4,0,Low,6.8,18,100
77.3,2.5,47.7,8,5.8,No,No,Diploma,4,3,0,High,2.1,18,75.4
83.3,8.6,58.7,6,5.7,Yes,No,Bachelor,6,3,0,Low,6.6,18,100
88,7.9,66.3,10,6.3,No,Yes,Bachelor,5,4,0,Middle,10.3,18,100
82.5,2.4,87.1,8,6.2,Yes,No,Bachelor,9,2,0,Middle,14.5,18,98.9
82.4,7.3,67.3,6,7.6,Yes,No,Master,6,1,0,Middle,4.5,19,99.8
74.3,3.8,74.3,10,6.5,Yes,Yes,High School,4,0,0,Low,10,22,86.6
74.7,4.7,59.7,7,5.3,Yes,Yes,Diploma,7,4,0,Middle,16.7,21,95.4
66.6,4.4,74.8,10,8,No,Yes,High School,8,8,0,High,11.8,18,100
100,3.3,91.5,6,5.1,Yes,Yes,High School,5,0,0,High,4.2,18,95.5
68.3,6.3,81.9,10,5.8,Yes,No,Bachelor,6,4,1,Middle,8.5,22,100
74.4,4.7,66.9,8,5.2,Yes,No,High School,5,4,0,Middle,8.9,19,98.4
74.1,3.6,77.5,10,7.2,Yes,Yes,Master,9,4,0,High,11.2,22,100
91.8,2.2,76.1,10,7.2,Yes,Yes,Bachelor,6,7,0,Middle,8.2,19,100
78.8,2.9,75.1,5,9.1,Yes,No,Diploma,6,2,2,Middle,10.4,21,87.7
95.7,1.5,83.6,10,8,Yes,Yes,Diploma,7,0,0,High,13.1,19,94.2
74.6,4.5,83.5,5,8.6,Yes,Yes,High School,7,3,0,Middle,2.7,20,95.3
85.1,2.3,66.2,5,7.3,Yes,Yes,Master,8,3,0,Low,1.4,19,85.1
72.8,4,77,6,5.9,Yes,Yes,Bachelor,9,0,0,Middle,11,18,95.8
100,7,62.6,9,7.1,Yes,Yes,Diploma,9,4,0,Low,7.2,20,100
68.9,6.7,55.1,8,7.7,Yes,Yes,High School,6,2,1,High,12.3,18,93.4
85.4,4.4,64.2,7,7.8,Yes,No,Diploma,8,4,0,Middle,13.4,19,100
89,4.3,66.9,8,6.5,Yes,Yes,High School,10,3,2,High,0.5,21,99.3
86.6,7.9,44.7,9,7.5,Yes,Yes,Bachelor,10,2,0,Low,3.8,19,100
80,5.4,80,9,6,No,No,Bachelor,5,6,0,High,7.4,18,100
80.6,3.9,30,10,5.9,Yes,No,Diploma,8,3,1,Middle,2.9,18,84.3
82.5,1.9,100,10,5.8,Yes,Yes,Master,8,4,0,High,5.6,18,100
80.4,5.2,89,7,7,Yes,Yes,High School,9,5,0,Middle,1.6,18,100
92.6,6,64.3,6,5.7,Yes,No,Diploma,9,5,1,Middle,5.8,18,99.8
100,3.4,68.1,9,6.5,No,No,Bachelor,5,4,0,Middle,3.2,20,99.6
75.9,5,72.2,5,8,No,Yes,High School,6,2,0,Low,9.7,20,88.4
66.9,3.8,59.8,6,5.9,Yes,Yes,Diploma,9,2,0,Middle,12.5,18,79.8
81,4.2,70.7,9,6.4,Yes,No,Bachelor,7,4,0,Low,10,19,100
100,0.5,66,7,7.1,Yes,No,Diploma,3,2,0,Middle,21,19,69.4
73.2,4.1,66.7,5,7.3,Yes,Yes,Diploma,4,6,0,Middle,12.7,19,78.9
100,6.2,70.5,5,6.5,Yes,Yes,Bachelor,8,4,0,Middle,12.5,19,100
100,3.4,49.6,8,7.9,Yes,Yes,Diploma,9,5,1,Low,7.6,21,87.2
75.9,4.6,68.6,10,7.6,Yes,Yes,High School,4,2,0,Middle,6.5,21,100
88.3,3.1,70.3,10,8.3,Yes,No,High School,9,2,0,High,14.4,19,96.8
99.9,5.1,69.8,8,6.9,Yes,Yes,Bachelor,7,7,0,Middle,6.7,19,100
77.8,4.1,65,10,6.4,Yes,No,High School,5,4,0,Middle,8.2,19,100
79.8,2.8,83.9,7,6.2,Yes,Yes,Master,6,6,2,Middle,7.1,19,95
75.6,6.9,63,7,7.3,Yes,Yes,Bachelor,5,1,0,Middle,10.7,18,96.2
70.8,6.2,71.2,2,6.6,Yes,Yes,Diploma,6,3,1,Low,12.5,19,90.7
74.9,3.4,86.2,7,6.4,Yes,No,Bachelor,3,7,0,Low,13.3,19,100
68.5,5.4,66.9,9,6.5,Yes,No,Bachelor,7,1,0,Middle,6.5,19,82.5
82.4,5.5,71,10,6.2,Yes,No,High School,8,9,0,Middle,8.9,19,100
73.5,5.7,66.7,6,7.2,Yes,No,Bachelor,4,4,0,Middle,9.7,21,94.8
84.6,1.5,85.3,8,5.4,Yes,Yes,Bachelor,7,2,0,Middle,15.3,20,93.2
64.9,6.3,64.4,10,7.3,Yes,No,High School,5,5,0,Middle,0.5,20,94.4
85.6,3.5,86,8,7.7,Yes,Yes,Diploma,8,6,0,Middle,8.1,22,98.3
91.2,3.9,66.5,3,6.4,Yes,No,High School,2,2,0,Middle,4.8,20,83.7
60.1,9.2,56,8,9.1,Yes,Yes,Diploma,8,3,0,Middle,5.3,22,98.9
86.1,5,77.5,9,7,Yes,Yes,Diploma,3,4,0,High,3.7,20,100
95.5,3.8,63.7,6,5.3,Yes,No,Bachelor,7,5,1,High,10.7,18,92.7
68.7,0.5,76.7,7,6.7,Yes,Yes,High School,6,4,2,High,0.5,18,79.1
100,7,30,5,7.1,Yes,No,High School,6,5,0,Middle,7.3,18,84.3
86.6,2.1,68.1,2,7.5,Yes,No,Diploma,4,6,0,Middle,0.5,19,82.7
74.2,2.7,61.6,10,6.7,No,Yes,Bachelor,10,4,0,Middle,4.5,19,91.6
81.4,3.9,53.1,7,5.9,Yes,Yes,Diploma,4,3,0,High,6.9,20,93.5
88.1,7,60.3,10,5.8,Yes,No,Diploma,5,4,0,Middle,6,19,100
82.8,5.9,60,9,6.3,No,No,Diploma,10,8,0,Middle,11.4,20,100
87.9,4.2,67.3,7,6.4,Yes,Yes,Bachelor,8,5,0,Middle,14.2,21,91.2
71.9,5.1,48.9,7,5.8,Yes,No,Diploma,4,6,0,Low,17.8,18,80.9
83.9,3.4,72.4,9,6.2,Yes,No,High School,7,3,0,High,8,17,94.2
66.4,4.8,87.1,9,7.7,Yes,No,High School,7,5,0,Middle,13.8,21,98.6
80.8,4.6,71.9,8,8.8,Yes,No,High School,4,6,1,Middle,15.3,18,94
72.1,6.2,79.3,10,7.8,Yes,Yes,Bachelor,5,7,0,Low,5.6,18,100
73.9,6.2,83.3,7,8.4,Yes,No,High School,7,6,0,Middle,14.2,19,100
95.6,5.4,85.3,6,8.1,Yes,Yes,Diploma,10,2,0,Middle,0.5,18,100
94,3.8,94.2,7,7.9,No,Yes,Bachelor,7,6,0,Middle,9.5,20,100
88.7,5.8,61,8,6.6,Yes,No,Diploma,7,7,0,High,16,20,100
70,4.3,57.9,5,7.2,Yes,Yes,Bachelor,5,3,0,Middle,8.5,18,88.6
78.5,2.6,79,5,6.5,Yes,No,Diploma,9,2,0,Middle,7,19,96.8
95.3,3.8,77.9,8,6.8,Yes,No,Master,9,4,0,High,7,18,100
83.6,4.7,78.9,7,7.1,Yes,Yes,Master,9,4,0,Middle,15.3,18,100
100,6.1,94.4,7,7.8,Yes,Yes,Bachelor,7,3,0,Middle,0.5,19,100
86.3,4.2,68.2,7,7.5,Yes,No,Master,4,2,1,Middle,6,20,100
84.1,2.3,74,10,6.8,Yes,Yes,High School,9,7,0,Middle,12.2,19,100
78.6,4.6,54.3,10,7.1,Yes,No,Bachelor,7,2,1,Middle,9.6,20,83.9
83.5,4.7,97.9,5,7.5,Yes,Yes,Diploma,6,3,0,Low,13.9,21,100
80.3,4.8,63.3,6,7.7,Yes,No,Bachelor,8,4,0,Middle,11.4,21,100
89.8,6.2,63.7,9,5.3,Yes,Yes,Diploma,7,1,0,Low,5.6,20,91.8
92.5,6.3,63.1,9,5.8,Yes,Yes,Diploma,5,1,0,Low,10.9,18,100
73.4,3.4,59,7,8.2,No,Yes,Master,6,3,1,Low,1.4,20,93.7
67.4,3.4,57.8,5,6.9,Yes,Yes,High School,3,6,0,Middle,0.5,18,83.8
61.8,2.6,60.7,6,6.5,Yes,No,Bachelor,7,4,0,Low,4.9,18,74.8
87.6,5.8,48.9,6,6.7,Yes,No,Bachelor,10,0,0,High,8.4,21,96.2
69.9,7.1,57,8,6.7,Yes,Yes,Diploma,3,7,0,Middle,3.9,21,100
58.3,3.9,95.3,10,7.6,Yes,Yes,Diploma,7,6,0,Middle,8.9,18,100
86.3,4.1,78.3,6,5.8,Yes,No,High School,8,4,1,Middle,8.3,19,91.4
100,7.1,81,5,7,Yes,No,Master,9,4,0,Low,0.5,20,100
81.9,5.4,84.5,7,7.3,Yes,No,Master,6,5,1,High,5.3,21,100
91.2,5.3,93.7,10,7.4,Yes,Yes,Bachelor,5,9,0,Middle,12.7,19,100
82.9,2.4,43.2,5,7.2,Yes,No,Bachelor,6,6,0,Low,10.4,21,85
80.9,5.7,50.8,10,7.6,Yes,No,High School,9,5,0,Middle,4.5,21,100
92.1,2.8,56.7,7,6.4,No,Yes,Diploma,4,2,0,Middle,11.1,19,79.1
78.8,2.5,61.4,6,6,Yes,No,Diploma,5,4,0,Middle,16.8,20,71.2
84.9,3.9,63.8,4,9.7,Yes,No,Bachelor,6,6,0,High,5.9,20,90.9
85.5,3.4,61.7,9,6.7,No,No,High School,5,4,0,Middle,11.7,20,93.7
74.7,4.1,71.1,7,6.8,No,No,Bachelor,7,3,1,Middle,10.9,19,84.2
92.9,1.9,68.5,8,7.7,Yes,No,Bachelor,10,5,0,High,5.6,20,100
80.1,6.2,57.9,6,8.8,Yes,Yes,High School,5,2,0,Middle,2.3,19,88.9
73.7,6.5,37.5,7,6.4,Yes,Yes,High School,7,6,0,Middle,16.3,20,84.9
87.9,1,54.1,7,5.9,Yes,No,High School,7,3,0,Middle,13.4,19,76.8
72.1,6.3,60.3,7,5.6,Yes,No,Bachelor,6,0,0,Low,6.6,18,92.4
82.3,3,64.5,6,8.8,Yes,No,Diploma,4,3,0,Middle,14.1,20,76.5
81.9,6,52.2,4,5.9,Yes,No,High School,6,4,0,Middle,10.8,19,86.6
93.9,4.4,61.1,10,7,Yes,No,Bachelor,6,5,0,High,14,18,100
87.2,4.6,52.2,5,5.9,No,No,High School,8,5,0,Middle,0.5,21,82.4
81.7,4.2,66.2,8,5.4,Yes,No,Diploma,8,1,0,Low,6,18,92.3
91,6.7,53,4,6.7,Yes,No,Bachelor,4,4,0,Middle,15.9,19,88.4
97.3,2.3,56.1,4,6,Yes,Yes,Bachelor,6,3,0,Middle,21.3,20,73.6
88.1,5.6,49.7,8,6.2,Yes,No,Bachelor,6,3,0,Middle,6.1,20,92.6
82.1,6.5,65.9,8,9.2,No,Yes,High School,10,2,1,Low,6,18,95.1
67.6,5.8,55.9,10,7.5,Yes,Yes,High School,8,4,0,Middle,11.4,18,93.2
70.3,8.7,80.7,8,8,Yes,Yes,Bachelor,5,10,0,Low,9.7,18,100
78.6,3.5,73.7,7,7.9,Yes,No,High School,5,8,0,Middle,10.7,18,95.4
75.3,6.2,67,6,6.9,Yes,Yes,Master,6,2,0,High,0.5,19,100
79.9,4.3,56.8,10,6.5,Yes,Yes,Diploma,8,4,0,Low,6.8,19,95.3
82.6,6.7,73.3,9,7.3,Yes,Yes,Diploma,8,3,0,Middle,12,18,100
87.8,4.5,77.7,5,7.2,Yes,Yes,Diploma,7,4,0,Middle,0.5,22,100
81.2,3.8,70,8,6.4,Yes,Yes,Master,7,6,0,Middle,0.5,20,100
87.4,6.9,90.5,8,7.1,Yes,Yes,Bachelor,7,4,0,Middle,0.5,19,100
82.7,3.6,74.4,7,6.2,Yes,Yes,Diploma,7,3,0,Middle,11.3,20,100
60.3,2,80.8,9,6.8,Yes,No,Bachelor,3,6,0,Middle,3.4,19,99
71.7,3.6,69.9,9,6.6,Yes,No,Diploma,7,2,0,High,2,19,96.5
80.4,5.6,77.5,7,5.6,Yes,Yes,Diploma,6,4,0,Middle,8.3,21,100
68.7,7,56.8,7,4.4,Yes,No,Diploma,4,1,0,Low,1.8,20,96
88.6,4.7,61.6,10,6,Yes,No,Diploma,10,2,0,High,10.3,19,100
98.8,6.9,72.9,9,9,Yes,No,Diploma,8,5,1,Low,20.1,22,100
95.4,2.1,72.8,8,6.7,Yes,No,High School,7,3,0,Middle,6.2,20,100
79.7,3.7,75.1,4,7.9,Yes,Yes,High School,6,0,0,Middle,0.5,19,95.5
98.4,4,83.4,8,4.7,Yes,No,High School,8,3,1,Middle,5.7,18,92.3
83.6,4.3,48.1,9,5.9,No,Yes,Diploma,5,2,0,Middle,10.4,19,81.6
78.3,4.7,54.4,2,5.5,Yes,Yes,Master,6,1,0,Low,10,21,79.2
75.3,5.7,71.2,8,6.8,Yes,Yes,Bachelor,5,5,0,Middle,12.2,18,100
78.7,3.7,57.9,7,9.7,No,No,Master,8,1,0,Middle,5,18,83.1
77.7,4.8,100,7,7.5,Yes,No,Diploma,5,3,1,Middle,6.6,20,100
83.9,4.4,75.2,6,8.9,Yes,Yes,Diploma,9,4,0,High,0.5,19,100
83.8,2.8,66.9,7,6.7,Yes,No,Bachelor,7,3,0,Middle,11.1,18,93.5
82,4.3,60.8,10,8.5,Yes,No,Bachelor,9,3,2,Middle,1.4,20,93.7
86.8,4.2,61.3,7,9.3,Yes,Yes,Bachelor,8,3,0,Low,9,19,84.1
95.1,4.2,68.4,9,6.9,No,Yes,Bachelor,9,2,0,Middle,3.6,19,92.6
92.4,4.6,69.6,6,6.4,Yes,No,Bachelor,5,3,1,High,7.6,19,86.5
65.7,4.6,61.6,9,5.6,Yes,Yes,Bachelor,9,5,0,Middle,12.8,20,91.6
53.9,3.7,64.2,8,6.7,Yes,No,Bachelor,3,3,0,Middle,5.8,21,81.2
92.3,6.8,86.8,8,7.1,Yes,No,Master,7,4,0,High,4.3,20,100
67,2.4,87.4,8,9.2,Yes,Yes,Master,6,6,0,Low,8,20,100
79.5,3.2,71.5,9,5.6,Yes,Yes,Diploma,4,5,0,Middle,4.8,19,91.4
69.1,9.5,49.2,2,7.1,Yes,Yes,High School,5,1,0,Middle,3.3,21,85.5
62.2,2.6,75.5,5,5,Yes,No,High School,6,5,0,Low,17.3,19,84
88,2.1,89.8,8,6.5,Yes,Yes,High School,7,6,0,Middle,0.5,21,100
90.4,5.8,87.2,3,7.3,Yes,No,High School,6,3,0,Low,11.3,18,100
75.7,0.8,78.3,6,7.6,Yes,Yes,Diploma,7,1,0,Middle,7.3,20,87.4
53.5,4.1,87.9,7,7.6,Yes,Yes,High School,5,3,0,Middle,3.9,21,91.5
76,8.4,68.7,6,7.4,Yes,No,Bachelor,6,4,0,Middle,9.7,19,93.4
86.3,1.7,76.8,6,7.6,Yes,No,High School,6,5,0,Low,8.2,22,91.4
65.7,0.9,58.5,8,7.1,Yes,No,Bachelor,7,3,0,Middle,14.6,19,73.8
84,1.8,72.1,10,5.8,Yes,Yes,High School,9,0,0,Middle,2.3,19,96.6
81.8,6.1,86.6,6,5,Yes,Yes,Bachelor,9,1,0,Low,5.4,20,100
88.4,6.5,59.7,6,6.4,No,No,Bachelor,7,5,0,Middle,13.1,18,95.7
83.3,3.6,55.9,6,6.9,Yes,No,Diploma,8,8,0,Low,7,20,93.4
71.3,5.7,69.4,3,8.4,Yes,No,Master,8,4,1,Low,10.7,19,93.9
95.2,7,64.8,8,6.9,Yes,Yes,High School,6,7,0,Middle,14.1,19,100
80.3,7.7,77.1,9,6.8,Yes,Yes,Bachelor,9,2,1,Low,10.8,20,100
81.7,4.1,61.7,10,7.4,No,No,Bachelor,5,3,2,High,4.9,17,81.3
71.7,0.5,92.1,6,6.7,Yes,No,Diploma,3,0,0,Middle,6.2,18,85.4
77.1,3,49.9,5,7.9,Yes,No,High School,5,5,0,Low,14.1,21,86.7
72.3,3.7,85.6,8,9.2,Yes,No,High School,10,2,0,Middle,8.8,20,100
80.1,4,57.3,9,9.4,Yes,Yes,Master,6,5,1,High,7,21,93.2
100,4.2,42.9,8,7.1,Yes,No,Bachelor,8,3,0,Middle,9.9,19,93.5
66.9,6.5,71.3,8,7.4,No,No,High School,6,8,0,Middle,1.6,20,96.4
64.3,6.8,64.4,10,8.7,Yes,Yes,Diploma,8,8,0,Middle,6.8,22,100
98.2,4.2,52.5,6,6.8,Yes,Yes,High School,7,0,0,Middle,7.6,19,84.2
79.7,6.5,44.5,7,7.7,Yes,No,High School,7,5,0,Low,7.5,21,89.3
74.6,5.1,67.9,10,5.8,Yes,Yes,Master,8,3,0,Low,6,18,100
93.4,4.6,81.7,7,6.7,Yes,No,Diploma,6,5,0,Middle,6.5,19,100
75.3,6.1,76.2,5,8.3,Yes,No,Diploma,8,1,0,High,7.4,19,97.6
100,4.6,68.8,6,6.2,Yes,No,Master,7,7,0,Middle,15.3,19,100
89.5,8.2,74.7,6,6.9,Yes,No,Diploma,7,6,0,Middle,0.5,18,100
76.6,1.9,67.6,8,5.3,Yes,No,Diploma,5,1,0,High,11.5,19,77.8
100,3.6,48,6,9.2,No,Yes,Diploma,7,4,0,Middle,7.6,18,90.3
75.3,4.3,48.1,8,8.4,Yes,No,Bachelor,6,4,0,Middle,7.7,19,88.3
90.2,5.3,65.2,6,7.2,Yes,Yes,Bachelor,9,5,0,Middle,6,19,100
85.3,6.8,65.8,3,7.6,Yes,Yes,High School,4,4,0,Low,10.5,19,94.6
96.3,4.5,79.9,8,7.4,Yes,No,Bachelor,9,6,0,Middle,12.8,22,99
99.2,1.9,78.6,8,8.5,Yes,Yes,Bachelor,4,4,0,Low,0.5,18,100
82.4,6,76.5,9,6.4,Yes,Yes,Bachelor,8,5,0,Low,18.5,21,100
73.7,5.9,64.1,6,7.8,Yes,Yes,Master,5,1,0,Middle,8.7,19,94.7
87.1,1,48.7,6,8.2,Yes,No,Diploma,8,4,1,Middle,8.5,18,84.1
74.5,4.5,73.8,8,8.3,Yes,Yes,High School,7,6,0,High,1,18,100
100,1.6,75.4,10,4.5,Yes,Yes,Bachelor,4,7,0,High,5.1,21,100
83.5,3.3,34.6,8,6.3,Yes,No,High School,10,4,0,High,14.8,21,86
78,2.9,56.3,8,5.9,Yes,No,High School,9,4,0,Low,8.3,17,87.6
84,6,58.3,7,7.2,Yes,Yes,High School,8,7,0,Low,10.1,18,93
67.2,4.7,69.7,4,4.8,No,No,Bachelor,6,4,0,Low,5.7,20,88.8
71.3,2.2,56.8,9,4.7,Yes,Yes,High School,9,6,0,Middle,17.9,19,86.1
95.2,6.1,67.5,9,9.4,Yes,Yes,Diploma,4,4,0,Low,7.2,21,100
74.8,1.9,65.1,9,7.7,Yes,No,High School,3,4,0,Middle,13.7,20,77.2
70.5,5.1,65.8,7,7.1,Yes,Yes,Bachelor,4,2,0,Middle,7.2,21,76.2
87.9,3,58,9,7.4,Yes,No,Bachelor,5,2,0,Low,9.7,18,98.7
95,3.8,59.1,9,7.2,Yes,No,High School,5,6,0,Middle,9.8,18,98.7
89.9,5.4,52.9,10,8.1,Yes,Yes,Bachelor,6,7,0,Low,12.6,21,98
93,5.4,73.3,9,6.3,Yes,No,Bachelor,6,4,0,Middle,11.7,19,98
73.7,6.9,76,8,7.2,Yes,Yes,Bachelor,6,4,0,Middle,5.6,19,100
66.4,4.4,57.2,5,7.3,Yes,Yes,Diploma,3,6,0,High,13.8,20,87.4
98.5,5.1,89.3,8,5.8,Yes,No,Bachelor,7,5,2,High,3,19,100
78.5,3.7,63.6,8,8.4,Yes,Yes,Master,6,0,0,Low,2.1,21,94.5
79.2,4.8,89.4,9,6.5,Yes,No,High School,6,6,0,High,6.5,22,100
96.6,5.3,59,10,8.1,Yes,Yes,Diploma,10,1,0,Middle,10,19,100
88.1,4.3,39.6,7,7.1,Yes,No,Diploma,7,4,0,Middle,2.9,18,87.8
87,1.3,73.6,10,8.8,Yes,No,Bachelor,7,3,0,Middle,7.6,18,96.5
100,5.1,71.5,4,5.9,No,Yes,Bachelor,9,3,1,Middle,1.1,18,99.9
74.9,5.2,68.5,8,5.8,Yes,No,High School,4,4,0,Middle,6.7,18,100
92.2,3.3,59,6,6,Yes,No,High School,7,6,0,Low,12.9,17,90
82.6,2.2,67.5,4,7.1,Yes,No,Master,9,4,0,Middle,3.8,18,85.3
85,7.2,60.8,7,8.7,Yes,Yes,Bachelor,7,7,0,Middle,1.9,19,100
98.8,5.4,63.8,5,8.8,Yes,No,Master,4,7,0,Middle,9.9,20,100
87.6,4.1,79.8,7,4.5,Yes,No,Bachelor,6,7,1,Middle,4.1,22,95.7
87.9,2.5,70.6,8,7.3,Yes,No,Diploma,7,4,0,Low,20.1,18,93.9
93.8,3,76.5,10,4,Yes,No,High School,3,3,0,High,9,20,96
78,6.8,64.8,4,7.9,No,No,Bachelor,4,4,0,High,13.1,19,100
72.8,4.7,63.2,9,8.2,Yes,No,Diploma,10,6,0,Low,1.4,19,100
70.5,3.5,51.9,8,7,Yes,No,Diploma,8,6,0,Middle,10.3,20,90.8
60.4,5.4,62.8,10,7.1,Yes,No,Diploma,10,0,0,Middle,3,18,90.4
100,3,30,7,7.1,Yes,Yes,Master,9,5,0,Middle,7.1,19,80.3
69.9,7.2,59.7,5,6.1,No,Yes,High School,8,0,0,Middle,4.2,19,93.2
79.6,6.9,66.9,5,7.5,Yes,No,High School,6,4,1,Middle,13.2,18,99.8
79,3.7,75.9,5,6.7,Yes,No,Bachelor,8,3,0,Middle,9.6,19,90
85.4,3.4,64.2,8,8,Yes,No,Master,10,2,0,Middle,8.6,18,86.1
91,0.5,72.9,10,6.9,Yes,No,Master,9,6,1,Middle,14.8,19,100
91.5,1.8,37.5,6,6.1,Yes,No,Bachelor,7,3,0,Middle,8.1,18,82.3
75.6,2.1,67.2,9,5.3,Yes,Yes,High School,7,4,1,High,13.2,18,85
80.2,4.7,44.5,4,4.9,Yes,Yes,Diploma,8,2,0,Middle,17,19,82.9
85.1,3.9,51.1,8,8.4,No,Yes,Master,6,4,0,Low,8.7,20,90.7
79.3,2.1,65.4,9,6.5,Yes,Yes,Diploma,8,6,0,Middle,9.3,18,95.4
99.7,4,85.9,5,7.4,Yes,No,Bachelor,6,2,0,Middle,12.8,22,90.3
87.4,5.4,73.2,7,9,Yes,No,Diploma,6,5,0,Middle,15.2,18,100
90.1,5.5,68.3,9,6.4,Yes,Yes,High School,5,4,0,Middle,8.6,17,91.7
89.3,1.1,67.7,2,6.3,Yes,Yes,Bachelor,6,4,1,Middle,4.8,17,86.9
94.9,4.3,58,10,6.9,No,Yes,Bachelor,6,3,0,High,12.3,20,100
84,2,60.4,8,7,Yes,Yes,Master,10,6,2,Low,10.9,20,75.8
67.7,6.1,74,9,9.1,Yes,No,Bachelor,5,5,0,Middle,12.3,21,100
86.4,5.9,48.6,7,8.7,Yes,Yes,Bachelor,8,4,0,Middle,11.5,18,96.3
74.8,2.9,76.3,4,7.7,No,Yes,Bachelor,5,4,0,High,9,19,89.1
76.2,3.1,62.6,9,8.6,Yes,No,Bachelor,7,5,1,High,9.3,21,85.7
88.5,3.7,79.6,7,6.8,Yes,Yes,High School,8,5,0,Middle,11.5,20,99.3
95.6,0.5,81.5,8,7.3,Yes,No,Master,3,3,0,Middle,0.8,18,86.5
82.2,5.1,44.6,10,6.7,Yes,No,Bachelor,4,6,1,Middle,14.6,21,85.5
85.4,4,59.9,9,5.6,Yes,Yes,Master,5,6,2,Middle,10.2,20,98.3
100,6.2,56,10,8.3,Yes,No,Bachelor,4,8,0,Middle,3.8,18,100
84.6,2.5,42.6,8,7.6,No,No,High School,7,1,0,High,8.9,18,82.5
100,3.4,53.5,6,7,No,Yes,High School,7,5,0,Low,14.6,19,85.4
88.2,1.8,100,7,7,Yes,Yes,Diploma,5,6,0,Low,9.5,20,98.6
62.6,2.7,76.5,8,5.3,Yes,No,Diploma,7,6,0,Middle,4.3,18,82.2
90.3,2.4,94.8,10,5.9,Yes,Yes,Diploma,6,3,0,Middle,1.6,18,100
86.2,6.3,79.6,5,7.4,Yes,Yes,Bachelor,7,1,0,Middle,20.3,18,100
96.2,3.2,57.6,8,6.4,Yes,Yes,Diploma,6,7,0,Low,0.5,21,100
89.4,4.7,62.7,10,6.8,Yes,Yes,High School,8,3,0,Middle,9.7,18,100
80.5,3.8,76.2,7,6.9,Yes,No,Master,10,3,0,Low,5.1,20,100
68.5,2.2,74.1,9,6.2,Yes,No,Diploma,9,8,1,High,13.2,20,96.1
79.7,4.2,59.9,8,5.9,Yes,No,Master,10,1,0,High,1.9,20,99
72.6,5.6,46.9,9,5.2,Yes,Yes,High School,4,6,0,Low,16,20,96.3
75.6,2.3,100,6,6.8,Yes,No,Bachelor,6,2,0,Middle,7.4,20,92.1
88.5,6,66,6,7.7,Yes,No,High School,8,2,0,High,6.9,19,95.5
100,3,63.4,8,5.2,Yes,No,Bachelor,10,4,0,Middle,6.4,19,96.6
86.3,3.6,69.6,4,7,No,Yes,Bachelor,8,5,0,Middle,5,18,92.8
68.8,5.5,64.6,7,7.3,Yes,No,Master,5,6,0,Low,6.2,19,99.4
86.9,3.3,69.7,8,5.9,Yes,No,Diploma,6,6,0,Low,11.6,18,94.4
95.2,4.6,86,10,8.6,Yes,Yes,High School,8,3,1,High,0.5,19,100
75.3,3.9,66.3,8,6.6,Yes,No,Master,7,2,0,Middle,4.3,20,87.7
80.5,4.7,51.7,9,6.9,Yes,No,Diploma,5,3,0,High,15.5,19,82.6
82.2,0.5,65.7,10,6.8,Yes,Yes,High School,6,5,0,Middle,7.5,19,88.4
73.4,1.2,61.5,6,5.1,Yes,No,Diploma,7,4,1,Low,5.1,21,80.3
89.1,5.6,87.9,7,8.1,Yes,Yes,High School,5,0,0,Middle,1.6,20,100
80.7,6.4,84.4,10,5.9,Yes,No,Diploma,9,0,0,High,2.1,18,100
86.6,2.9,69.5,7,6.7,Yes,No,Diploma,6,4,0,Low,12.9,19,83.9
72.2,4.1,50.1,10,7.7,Yes,No,Diploma,7,6,1,Low,3.9,19,84.3
77.2,5,50.8,9,8.6,No,No,Diploma,9,2,0,Middle,12,18,92.7
89.9,5.7,68.2,5,5.8,Yes,No,Diploma,7,5,0,Middle,3.1,20,100
77.9,0.9,72.7,8,6.5,Yes,No,Bachelor,9,1,0,Low,7.4,19,90
100,2.9,62.8,8,8.5,Yes,No,Master,5,5,0,High,7.7,20,95.7
77.6,3.9,61.3,8,7.5,Yes,Yes,High School,8,5,0,Low,4.2,19,100
84.5,5.8,59.7,6,7.7,Yes,Yes,Bachelor,9,5,0,High,8.4,18,90.5
92.3,9,67.7,5,5.8,Yes,No,Master,5,2,0,Middle,0.5,19,100
66.4,4.1,34.6,7,6.6,No,Yes,Bachelor,7,1,0,Middle,7.6,18,73.9
62.6,2,52.6,7,6.8,Yes,No,Master,7,5,0,Middle,10.2,18,78.3
65.2,5.2,59.2,10,6.1,Yes,No,Diploma,7,1,0,Middle,3.8,20,93.3
95.9,6.9,84.9,10,5.2,Yes,Yes,Bachelor,8,2,0,Middle,9.1,19,100
75.9,4.7,56.6,10,6.4,Yes,Yes,Bachelor,5,7,1,Middle,8.8,20,87.3
100,2.9,70.5,9,8.5,No,No,Diploma,7,4,0,Middle,9,21,100
75.8,6.2,71.2,5,7.1,Yes,No,Bachelor,10,5,0,Low,1.3,19,100
84,5.7,86.2,7,8.5,Yes,Yes,Bachelor,9,5,0,Middle,8.5,18,100
99,2.7,85.7,8,7.2,Yes,No,High School,9,5,0,Middle,0.5,20,100
100,5.2,67.2,6,6.2,Yes,No,High School,7,4,0,Low,4.9,19,93.8
100,6.3,61.3,9,8.4,Yes,No,Bachelor,10,2,0,Middle,8,19,100
95.3,6.6,58.7,9,7.2,Yes,No,Bachelor,9,9,0,Middle,9,21,100
93.3,4.4,64.6,9,8.1,Yes,Yes,Bachelor,7,3,0,Middle,2,19,100
88.5,3.9,61.9,10,5.8,No,No,Bachelor,7,5,0,Low,6.6,19,94.8
90.6,6.7,75.8,6,8.1,Yes,Yes,High School,6,5,0,Middle,12,20,95.8
75.9,2.3,73.9,9,8.2,Yes,Yes,Diploma,8,3,0,Middle,3.1,18,94.1
73,5.3,76.3,6,7.3,Yes,Yes,Master,8,3,0,Middle,0.5,21,100
82,2,85.6,6,6.1,Yes,Yes,Master,8,7,0,Middle,10.6,21,100
80.1,6.4,94.1,9,6.9,Yes,No,Bachelor,7,3,0,High,3.3,19,100
77,4,69.7,10,7.7,Yes,Yes,Master,4,5,0,High,4.8,18,100
89.7,6.8,83.4,8,7.3,Yes,No,Master,7,6,0,High,8.7,19,100
92.5,5.4,63.1,8,7.7,Yes,No,High School,8,4,0,Low,8.4,19,96.1
83,2.3,84.6,8,8.1,Yes,No,Diploma,5,4,1,Middle,13.1,19,98.6
98.3,7.1,82.9,8,6.3,Yes,No,High School,7,6,0,Low,6.8,18,100
69.4,7.3,82.1,5,5.7,Yes,No,Diploma,10,4,0,Middle,8.3,18,98.9
79.9,6.1,69.3,5,7,Yes,Yes,Bachelor,5,0,0,Middle,0.5,19,95
74.1,3.1,58.6,7,6.6,Yes,No,High School,6,7,0,Middle,11.1,20,87.5
61.5,3.9,48.5,8,7.9,Yes,Yes,Master,10,2,0,Middle,4.5,22,82.8
81.1,4.8,67.4,8,5.8,Yes,No,Bachelor,7,4,0,High,24.2,18,88.9
80.7,3.2,89.5,9,8.1,Yes,Yes,Bachelor,6,1,1,Middle,6.9,18,96.7
98.6,7.5,63.7,7,8.5,Yes,No,High School,7,3,0,High,10.1,18,100
88.9,4.8,79,9,7,No,Yes,High School,9,3,1,High,11.2,21,100
70.7,0.5,79.8,7,7.1,Yes,Yes,Bachelor,7,4,0,Middle,7.6,19,86.5
100,5.1,64,10,6.2,Yes,No,Bachelor,8,2,0,Middle,10.2,21,100
95.4,3.9,86.4,8,6.4,Yes,No,Master,7,8,0,Low,19.3,21,100
88.4,4.4,30,10,6.6,Yes,Yes,Bachelor,8,4,0,Middle,4.2,18,98
79.5,3.8,50.9,8,8.6,Yes,No,High School,8,6,0,Middle,0.5,18,89.7
71.4,6,55.2,7,6.9,Yes,Yes,High School,6,4,0,Middle,1.5,19,85.2
77.9,6.5,56.5,6,5.5,Yes,No,Master,5,6,0,Low,13,18,95.6
94,5,72.7,5,7.3,Yes,No,High School,8,0,0,High,5.6,19,94.2
100,3.9,72.1,6,7.9,Yes,Yes,Bachelor,7,3,2,Middle,19.7,19,90.2
99,4.4,73.5,6,7,No,Yes,Bachelor,6,3,2,Middle,11.6,20,98.5
76.6,4.5,76.3,8,8.6,Yes,Yes,Diploma,8,3,0,Middle,4.7,18,100
69.7,3.1,54.7,6,7.9,Yes,Yes,Diploma,10,5,0,Low,4.1,19,98.1
83.5,5.5,50.9,8,5.8,Yes,No,Master,7,5,0,Middle,5.8,19,96.3
62.5,5.3,73.5,10,6.4,No,No,Master,7,4,1,Low,0.5,18,98
85.6,7.3,59.2,7,7.2,Yes,No,Master,5,4,0,High,9.4,19,100
80.4,6.8,46,10,5.2,Yes,Yes,Diploma,7,9,0,Middle,11.5,18,100
76.9,3.3,81.6,5,7.4,Yes,No,High School,7,5,0,Low,3.2,18,89.6
64.5,6,87.5,7,5.1,No,Yes,Master,7,0,0,Low,0.5,20,90.7
87.6,2.8,89.8,6,8.1,Yes,No,High School,6,6,1,Middle,3.4,20,96.9
76.1,5.8,70.6,9,8,Yes,Yes,Bachelor,8,5,0,Middle,13,18,100
69.1,3.6,76.8,3,7.6,Yes,No,Diploma,7,6,1,Middle,12,19,90.9
50.4,2.7,87.2,5,6.3,No,No,Bachelor,10,5,0,Low,9.1,18,78.9
81.7,5,59,7,7.2,Yes,No,Diploma,7,2,1,High,16.2,18,87.9
100,0.5,83.5,10,6.4,No,Yes,Master,2,6,0,Middle,0.5,19,100
100,1.3,71.9,8,5.9,Yes,No,Master,5,4,0,Middle,7,19,94.8
77,4.2,80.8,5,6.6,Yes,No,Diploma,8,6,1,Middle,10.8,18,100
75.4,4.6,70.6,5,7.8,Yes,No,High School,6,7,0,Low,11.9,18,84.9
87.2,3.8,86.1,10,7,Yes,No,Bachelor,6,4,0,Middle,12,20,100
71,1.7,71.1,6,8.6,Yes,Yes,Diploma,5,6,1,Middle,11.6,18,85
85.3,3,47.2,6,7.8,No,Yes,Master,6,6,0,Middle,14.6,21,88.3
90.4,5.2,88.3,10,7.7,Yes,No,High School,7,4,0,High,11.8,18,100
95.5,5.5,54.7,10,5.2,Yes,Yes,High School,8,8,1,Middle,2.2,18,100
80.9,4.5,85.5,10,6.7,Yes,No,Bachelor,5,6,0,High,5.7,21,100
79.8,6.6,66.7,6,5.8,Yes,No,Bachelor,9,3,1,Middle,0.5,19,97.1
72.3,5.2,84.5,4,6.8,Yes,Yes,Diploma,5,5,0,Low,13,18,97
72.9,3.2,83.9,8,6.2,Yes,No,Diploma,8,6,0,Low,14,19,99.5
79.5,4,74,8,6.6,Yes,No,Diploma,8,8,0,High,1.9,19,100
86,2,75.1,8,8.2,Yes,No,Diploma,5,5,0,Middle,6.1,20,94.2
92,4.3,73.9,10,7.5,Yes,No,High School,5,5,0,Low,0.5,18,98
73.2,6.5,39.8,4,8.1,Yes,Yes,Master,8,7,0,High,7.4,21,84.4
98.4,5.7,69.7,9,5.2,Yes,No,High School,6,4,0,High,3.9,19,100
79,7,52.4,5,7.1,Yes,Yes,Diploma,7,2,1,High,2.2,20,79.9
81.8,4,70.4,9,8.1,Yes,No,Bachelor,8,5,0,Middle,7.9,20,100
73.8,6.9,52,7,8.7,Yes,Yes,High School,8,3,0,Low,17.4,18,95.6
55.3,4.2,51.4,6,5.3,Yes,Yes,Master,5,9,0,Low,12,21,82.7
91.7,7.1,90.5,6,6.6,Yes,No,Bachelor,7,5,0,Middle,6.7,18,100
90.1,4.5,83,5,8.1,Yes,Yes,High School,5,5,2,Middle,7.8,18,98.3
78.9,5.8,67.9,8,6.8,No,No,Master,9,3,0,Low,17.4,19,96.5
82.7,7.2,70.6,6,6,Yes,Yes,Diploma,10,7,0,Middle,14.3,22,100
87.7,4.2,64.5,9,5.3,Yes,Yes,Bachelor,5,4,0,Middle,6.4,19,89.1
64.8,4.9,76,9,6,Yes,Yes,Master,7,4,1,Middle,10.5,22,100
76.2,6.8,58.5,10,5.1,Yes,Yes,Master,9,4,0,Middle,3,19,100
90.7,4.3,81.9,8,7.1,Yes,No,Diploma,7,1,0,Low,8.1,21,100
68.2,2.1,64.5,9,8,Yes,No,High School,8,3,0,Middle,11.8,19,88.7
85.2,8.4,62.1,10,5.6,Yes,Yes,Diploma,7,5,0,Middle,13.1,18,100
67.1,3.7,68.3,6,7.3,Yes,Yes,Bachelor,5,1,1,Low,4.8,21,77.9
87.1,4.8,59.7,5,7.9,Yes,Yes,Master,7,6,0,High,13,18,91.2
81.6,6.6,72.6,8,7,Yes,Yes,High School,9,3,0,Low,8.7,20,98.3
64.2,3.4,60.5,5,5.2,Yes,No,High School,8,4,0,Middle,6.6,21,70.2
94.8,2.7,74.6,10,7.4,Yes,No,Bachelor,10,0,0,Middle,17.5,21,96.9
73.9,5,85,10,6.9,No,No,Diploma,3,4,0,Middle,6.2,20,97.7
73.1,1.3,57.9,10,6.8,Yes,No,Diploma,8,2,0,Middle,2.5,18,90.1
84.2,4,66.2,8,6.4,Yes,No,High School,6,3,0,Middle,4.6,19,86.8
94.6,4.9,74.5,9,7.1,Yes,No,Diploma,5,1,1,Middle,11.6,20,100
70.8,4,61.9,7,7.6,Yes,Yes,Master,10,2,2,High,3.1,21,83.6
82.7,1.7,74.5,9,9.6,Yes,No,Master,6,4,0,High,12.1,18,92.7
86.7,7.4,75.8,5,7.1,Yes,No,Diploma,6,3,0,High,3.7,19,95.7
89.6,4.7,83.2,2,8.7,Yes,Yes,Master,8,6,0,Middle,7.6,19,100
83.9,7.1,59.5,6,7.4,Yes,No,Diploma,3,0,0,Middle,19.1,19,85.9
78,4,54.8,5,6.9,Yes,No,Master,10,4,0,Low,3.6,18,88.6
72.9,2.9,63.7,10,7.2,No,No,High School,10,4,0,Low,0.5,18,95.7
82.9,5,54.5,10,5.7,Yes,Yes,Bachelor,9,3,0,Low,14.8,20,100
70.2,4.1,75.9,5,7.3,Yes,No,Diploma,8,2,0,Middle,1,19,84.4
49.9,2.4,51.7,10,4.8,Yes,No,High School,7,6,1,Middle,3.9,19,77.1
86.8,7.1,100,9,6.1,Yes,Yes,Master,5,8,0,Middle,11.6,21,100
91.9,3.4,86.1,4,7.1,No,No,High School,9,1,0,High,11.4,18,87.1
56,1.2,68.2,7,8.3,Yes,No,Master,9,2,0,Middle,0.5,19,98.2
70.9,6.9,80.1,6,8.6,Yes,Yes,High School,8,2,0,Low,6.3,19,100
88.8,3.6,45.1,9,6.7,Yes,No,High School,8,3,0,Low,12.3,20,86.2
100,3.4,100,5,7.2,Yes,Yes,Master,8,7,0,Low,18.1,19,100
82.2,1.3,59.7,7,8.1,Yes,No,Bachelor,6,5,0,Low,1.8,19,80.9
74,7.6,66.3,6,5.5,Yes,No,Diploma,10,4,1,High,13.3,20,99.6
80,2.2,42,8,7.4,Yes,No,High School,6,4,0,Middle,4.7,19,83.2
97.1,4.6,74.8,7,6.1,Yes,Yes,Bachelor,6,3,1,Low,13.2,20,86.7
74.9,6.1,52.5,6,6.8,Yes,No,Diploma,9,5,0,Low,2.8,19,88.6
73.2,5.3,69.4,7,6.5,Yes,No,Diploma,7,6,0,Middle,6.8,21,98.7
76.7,4.4,60.4,10,7.5,Yes,Yes,Bachelor,7,5,0,High,9.9,18,92.4
71.5,1.4,52.9,7,7.6,Yes,No,Bachelor,10,0,0,Middle,12.8,18,75.1
83.3,3,56.7,5,8,Yes,Yes,Master,8,4,0,Middle,10.9,20,90.8
99.9,4.8,71.2,9,7.4,Yes,Yes,Bachelor,8,4,2,High,5.9,19,100
85.6,3.1,50.1,7,7.2,No,No,Diploma,4,6,1,Middle,5.5,19,78
79.2,4.9,57.5,5,9,Yes,No,Diploma,8,4,0,High,16.9,20,91.5
78.8,5.7,77.3,10,5.3,No,No,Diploma,5,5,1,Middle,9.4,18,100
64.8,6.2,100,7,8.9,Yes,Yes,Diploma,6,3,0,Middle,5.6,18,100
91.7,2.3,74.7,7,6.7,Yes,Yes,Diploma,7,6,0,Low,10.7,19,98.5
81.1,8.5,55.2,8,7.6,No,No,Bachelor,7,6,0,Middle,11.1,21,100
80,5.9,62.9,10,6.6,Yes,Yes,Master,8,1,0,Middle,1.2,19,100
100,4.5,68.4,4,6.2,Yes,Yes,Bachelor,9,1,0,Middle,10.4,19,95.6
85.3,6.5,63.1,8,7.5,Yes,No,Bachelor,9,6,0,Low,0.5,18,100
73.7,8.8,80.6,10,8.1,Yes,No,Diploma,4,4,0,Middle,4.8,19,100
77.3,1.9,71,8,7.5,Yes,Yes,Bachelor,10,6,0,Middle,3.1,19,97.1
94.6,4.1,80.7,5,6.4,Yes,Yes,Bachelor,7,4,0,High,7.4,18,100
83.2,0.5,63.6,6,10,Yes,No,Bachelor,9,5,0,Middle,5.8,18,88.9
66.2,4.8,86.6,8,8.3,Yes,No,High School,2,3,0,Middle,7,19,98.5
92.1,5.2,65.7,10,8,No,Yes,Bachelor,6,5,0,Middle,0.5,18,100
74.7,4.4,54.4,7,6.6,Yes,No,Bachelor,4,5,0,Middle,7.6,18,81.7
100,3.3,98.5,9,6.3,No,Yes,High School,5,3,0,Middle,2.5,20,100
93.9,0.8,42.5,5,6.7,Yes,No,High School,7,6,0,Middle,19.4,20,74.5
77.1,5.2,57.7,5,8.2,No,Yes,Bachelor,6,0,0,Middle,6,19,85.1
96.1,7.1,59.2,7,5.9,Yes,No,Bachelor,10,4,1,High,6.7,19,100
82.7,3.4,100,10,5.8,Yes,No,Bachelor,10,1,0,Middle,11.5,21,100
91.4,5.3,93.3,8,7.6,Yes,No,High School,5,2,0,Low,14.6,21,100
87.3,1.7,88.9,8,7.4,No,No,High School,6,6,0,Middle,2.1,20,97.2
72.7,5.3,63.4,8,6.2,Yes,No,High School,5,2,0,Low,10.9,18,93.3
74.9,3.8,100,10,5.8,Yes,No,Diploma,9,2,1,Middle,12.8,18,100
93.3,3.1,73.2,6,8.6,Yes,Yes,Bachelor,7,5,0,Low,8.9,19,98.6
78.3,3.1,81.7,9,7.4,Yes,Yes,Master,7,2,0,Middle,8.8,20,97.5
77.6,3.8,70.5,6,5.5,No,No,Bachelor,8,6,0,Middle,5.4,18,94.7
71.5,5.2,67.3,10,5.6,Yes,No,Master,6,5,0,Low,6.4,19,99.2
86.7,2.1,64.5,6,6.6,Yes,No,High School,5,2,1,Middle,7.5,21,70.6
100,3.8,65.1,6,7.8,No,No,High School,7,6,0,Low,5.9,21,91.2
70.3,4.4,76.5,9,7.7,Yes,No,High School,6,0,0,High,12.4,21,99.7
82.3,2.5,73.1,8,8.2,Yes,No,Bachelor,8,5,0,High,3.6,18,100
97.5,7.7,67.6,8,5.4,Yes,No,Diploma,4,2,0,Middle,12.3,21,98.6
81.1,3,89.1,8,7.2,No,Yes,Bachelor,7,3,0,Middle,14.6,20,96.8
87,3.3,30,5,8.6,Yes,Yes,High School,6,3,0,Middle,9.8,20,70.4
70.3,2.7,75.1,10,8.5,Yes,No,High School,7,7,0,Middle,0.5,18,98.5
86.7,7.7,78,9,7.4,Yes,Yes,Diploma,9,3,0,Low,11.1,21,100
79.9,5.5,84.1,10,9.6,Yes,Yes,Diploma,6,4,0,Middle,4.8,17,100
92.8,2.8,67.1,6,7.7,Yes,Yes,Bachelor,9,3,0,Middle,5.4,18,100
95.1,6.5,70.9,8,8.1,Yes,Yes,Bachelor,4,2,0,High,9.8,18,100
100,4.9,81.8,8,7,Yes,No,High School,10,2,0,High,13.5,20,100
88.4,5,88.9,10,6.1,Yes,Yes,Bachelor,9,5,0,Low,0.5,20,100
85.6,3.9,63.8,10,6,No,No,Bachelor,5,4,0,Middle,8.3,22,96.8
84.1,3.2,71.7,8,7.2,Yes,Yes,Bachelor,5,6,1,Middle,18,19,89.3
78.1,5.1,91.5,4,6.8,Yes,No,High School,4,4,0,High,2.5,19,97.7
85.7,3.5,38.3,10,5.1,Yes,No,Bachelor,9,4,0,Middle,7,20,89.2
78.8,7.8,58.3,9,5.9,Yes,No,High School,6,6,2,Middle,4.9,18,100
83.9,2.2,88.5,6,6.6,Yes,No,Diploma,6,3,0,Middle,11.5,19,94.2
96.5,7.3,83.3,8,7.8,No,Yes,High School,5,1,0,Middle,1.7,17,100
70.9,4.3,75.3,4,7,Yes,No,Bachelor,10,6,0,High,0.5,19,100
94.5,5,61.7,10,6.9,Yes,Yes,Bachelor,5,3,0,Low,12.2,20,100
96.5,6,55.7,5,5.9,Yes,Yes,Master,7,4,0,Low,9.2,18,100
80.7,3.4,59.7,7,7,Yes,No,Bachelor,7,3,1,Middle,2.1,19,81.9
58.7,6.1,89.7,8,8.5,Yes,No,Master,6,2,0,Low,7.7,18,100
75.3,0.5,59.2,10,7.2,Yes,No,Bachelor,6,0,0,Middle,1.6,20,92.8
96.3,3.2,69.4,8,5.3,Yes,No,Diploma,6,5,0,Low,12.6,19,100
81.7,2.8,57.4,9,5.6,Yes,No,Bachelor,8,0,0,Middle,9.4,21,92.9
71,2.2,79.8,7,7.6,No,No,Diploma,6,7,0,Middle,4.4,22,91.1
76.4,4.1,60.5,7,6.8,Yes,Yes,Bachelor,10,6,0,Low,5.1,22,100
91.2,5.2,66.6,8,6.9,Yes,No,Bachelor,5,2,0,Middle,5.7,18,95.2
88,5.8,44.4,7,6.3,No,No,Bachelor,9,7,0,High,2.6,19,97.8
79.4,4.9,45.4,4,7.6,Yes,Yes,High School,3,8,0,Middle,14.7,20,80.7
78,3.3,68.1,6,6.7,Yes,No,Bachelor,5,3,0,Low,13.8,20,81.5
77.7,5.2,49.4,8,6.8,Yes,Yes,High School,5,5,0,Middle,6,21,90.4
71.9,4.7,97.5,7,6.1,Yes,No,High School,5,4,0,High,6.4,19,95.4
99.8,6.2,39.1,7,8,Yes,No,Bachelor,8,7,0,Middle,2.4,19,98.4
78.5,5.9,56.8,7,6.8,Yes,Yes,Bachelor,7,1,0,Middle,7.2,17,86.6
95.4,4.6,68.2,6,7.7,Yes,Yes,High School,2,4,0,High,10.4,17,100
98.7,2.9,62.9,7,5.7,Yes,No,Bachelor,10,6,0,Low,13.9,20,100
93,3.3,52.5,7,8.9,Yes,No,Bachelor,7,6,0,Middle,3.5,19,100
77.3,3.5,54.6,8,8.4,Yes,Yes,High School,7,4,0,Middle,0.5,20,90.9
86.4,3.9,54.1,8,4.9,Yes,No,Bachelor,10,7,2,High,3,18,93.7
81.7,5,64,7,6.1,Yes,Yes,High School,9,4,0,Low,10.8,21,99.4
72.1,5.8,95.3,5,7.5,Yes,Yes,Bachelor,6,4,0,High,7.8,21,98.6
85.6,4.4,69.1,5,5.5,Yes,No,Diploma,3,5,1,Middle,13,20,80.1
69,4.5,84.6,10,6.9,Yes,No,Diploma,8,4,0,Middle,8.2,18,95.4
95.1,4.8,75.1,5,7.5,Yes,Yes,Master,5,4,1,Middle,16.1,18,100
76.9,3.6,83.6,6,6.8,Yes,No,Bachelor,9,2,0,High,0.5,20,93.1
84.2,2.8,30,9,7.6,Yes,Yes,Bachelor,5,10,1,Low,0.5,22,92.3
85.1,1.3,63.7,8,6.2,Yes,No,High School,6,3,0,High,14.8,19,80.7
79.2,3.2,86.3,9,4.5,Yes,Yes,High School,4,5,1,Middle,4,21,95.4
88.5,5.4,60,7,8.1,Yes,Yes,Bachelor,4,8,0,Low,8.7,19,100
76.8,3.2,92.7,8,8.1,Yes,Yes,Diploma,7,1,0,Low,8.7,20,100
91.6,4.1,88.8,8,9.8,Yes,Yes,Master,7,5,1,High,9.6,19,100
67.2,5.3,61.4,7,4.6,No,Yes,Diploma,6,4,0,High,5.6,19,93.8
83.4,5.4,61,8,7.8,Yes,Yes,Diploma,10,8,0,High,3.2,20,100
100,2.6,53.8,10,4.8,No,No,Bachelor,8,2,0,Middle,2.8,19,92.9
71,6.3,59.2,7,8.9,Yes,Yes,Bachelor,7,2,0,High,11,21,96.5
74.5,6.5,50.7,7,7.5,Yes,Yes,Diploma,1,4,0,Middle,11.9,21,82
87.7,2.5,74,10,6,Yes,No,Master,9,3,1,Low,6.7,20,100
84,3,47.6,9,7.9,Yes,Yes,Bachelor,10,3,0,Middle,5,20,89.1
85.9,6.6,76.5,10,6.4,Yes,No,Bachelor,7,8,0,High,10.8,19,100
87.4,4.2,76.8,4,7.3,Yes,Yes,Bachelor,5,4,0,Middle,0.6,21,100
89,0.5,44.7,9,7.2,Yes,Yes,Bachelor,7,2,0,Middle,17.7,21,70.4
94.2,2,89.7,9,8.9,Yes,No,High School,4,3,1,Middle,10.3,20,96.9
86.5,4.1,75.2,6,9,Yes,Yes,Bachelor,8,5,0,Middle,7.2,18,100
79.3,2.4,78.5,8,6.3,Yes,No,Bachelor,10,5,0,Low,12.1,20,95.8
89.4,3.8,57.4,10,8.2,Yes,Yes,Diploma,6,3,0,Low,11.2,19,94.6
100,4.6,76.7,6,7.4,No,No,High School,6,1,0,Low,9.2,20,95.8
80.5,7.1,83.8,8,5.4,No,No,Bachelor,7,4,0,Middle,0.5,22,100
71.3,4,66.6,9,6.2,Yes,Yes,High School,6,4,0,Middle,10.1,19,93.8
94.2,6.4,96,5,9.6,Yes,No,High School,4,3,0,Low,15.3,19,100
80.7,7.1,68.6,7,7.4,Yes,No,High School,6,7,0,Middle,5.2,18,100
58.1,7.1,84,8,8.1,Yes,No,High School,6,5,0,Middle,12.8,18,98.5
91.3,5,72.1,6,6.8,Yes,No,Bachelor,10,4,0,Middle,12.2,18,100
76.1,1,76.2,6,6.4,Yes,Yes,Diploma,9,3,0,Low,9.5,19,72.1
81,5.3,44.6,7,7,Yes,No,High School,10,7,0,Middle,8.9,21,96.1
85.7,6.4,73.2,9,6.7,Yes,Yes,Diploma,9,2,0,Middle,10.8,20,100
84.1,4.4,57.7,9,5.4,Yes,Yes,Diploma,7,3,0,Middle,10.1,18,88.1
89.8,7.6,56.2,6,5.9,Yes,Yes,Bachelor,5,3,0,Middle,17.5,19,88.2
77.2,6,92.4,9,7.8,Yes,No,Diploma,10,5,1,Middle,12.8,21,100
87.6,5.5,65,6,6.6,Yes,Yes,Diploma,8,5,0,Low,11.5,19,97.2
79.1,6.5,54,4,7,Yes,Yes,Diploma,5,1,1,Middle,13.3,21,82.2
90.1,5.1,63,7,7.3,Yes,Yes,Bachelor,5,3,1,Low,11.5,21,82.4
88.8,0.5,49.8,10,7.3,Yes,Yes,High School,4,5,0,Middle,0.5,19,87.3
71.7,3.6,88.1,9,8.3,Yes,Yes,Master,3,3,1,Middle,7.4,21,100
93.9,6.7,58.3,7,5.8,Yes,Yes,High School,8,3,0,Middle,4.9,19,99.4
76.1,3,75.4,7,7.6,Yes,Yes,Bachelor,5,4,0,Middle,9.6,19,88
90.9,4.1,87,7,7.8,Yes,Yes,Diploma,5,2,0,Middle,5.2,20,100
86,2.6,61,8,8.1,No,No,Diploma,7,5,0,Middle,11,20,89.5
100,7.7,75.4,5,5.4,Yes,No,Bachelor,7,5,0,Middle,5.9,20,100
79.5,7.5,53.6,7,7.3,Yes,Yes,Bachelor,6,4,2,High,16.5,20,93.4
78.2,2.9,100,7,8.9,Yes,No,Diploma,10,7,0,Low,16.3,22,97.3
81.8,4.8,81.1,5,6.9,Yes,Yes,Diploma,4,5,0,Middle,0.8,21,85.4
78.7,3.3,65.3,6,7.5,Yes,No,High School,4,4,1,Middle,9.6,18,78.6
90.8,5.6,57.2,8,7.9,Yes,Yes,Master,8,3,0,High,5.7,21,100
64.2,5.4,66.4,8,5.9,Yes,No,Bachelor,6,8,0,Middle,9.3,20,95
70.4,6,63.2,7,9,Yes,No,Diploma,6,3,1,Middle,10.9,21,94.4
70.3,5.1,95.3,6,7.5,Yes,No,Bachelor,5,3,0,Low,1.6,20,97.5
92.5,9.8,50.8,10,7.6,Yes,No,Diploma,8,3,0,Middle,3.1,21,100
100,2.6,69.9,6,5.2,No,No,Bachelor,7,5,0,Middle,3.8,17,92.6
80.9,1.4,67.7,8,7.9,No,Yes,Bachelor,7,9,0,High,5.2,22,98.8
80.1,3.8,66.4,7,7.6,No,No,Diploma,6,4,0,Low,5.4,18,85
82.8,1.7,66.5,8,8.8,Yes,Yes,High School,5,3,0,Low,12,21,84.2
94.8,1.8,66.4,8,6.7,Yes,Yes,Master,7,4,0,Middle,9.1,21,97.4
71.8,2.7,80.2,5,5.9,Yes,No,Bachelor,9,1,1,Middle,3.6,17,84.5
84.6,2.8,76.5,7,6.2,Yes,No,Bachelor,10,4,0,Low,6.4,21,82
92.7,2.8,73.9,10,6.4,Yes,Yes,Diploma,9,7,0,Middle,0.5,21,100
87.5,5.4,30,10,5.8,Yes,No,Diploma,8,5,0,High,18.1,21,93.5
84.1,3.6,72.2,7,8.4,Yes,No,Bachelor,9,6,0,Middle,8.1,18,100
93,4.2,44.8,8,8.5,No,Yes,Bachelor,5,6,0,Low,13,20,97.6
52.3,6.1,77,10,6.8,Yes,Yes,Master,6,3,0,Low,12,19,99.8
89.5,3.1,88.6,10,6.6,Yes,No,Diploma,8,8,0,Low,7.8,18,100
74.8,4,55,6,5,Yes,No,Bachelor,7,0,0,Middle,0.5,20,81.4
61.9,5.2,64.3,6,7.8,Yes,Yes,Bachelor,8,5,1,High,5.2,19,79.8
87.6,1,59.6,9,8.8,No,Yes,High School,9,0,1,High,9.8,21,84.5
97.1,0.5,85.3,5,6.3,Yes,Yes,Diploma,9,1,0,Middle,8.3,20,96.1
80.5,5.1,69.3,10,6.9,Yes,Yes,High School,5,6,0,Middle,13.2,18,94.6
92.5,5.4,92.2,8,7.5,No,Yes,Bachelor,7,3,0,Middle,8,18,100
99.7,8.2,73.8,9,8.9,Yes,No,Master,5,6,0,Middle,17.2,18,100
96.5,4.8,71.4,7,7.2,Yes,No,Master,5,0,0,Middle,2.7,19,94.2
100,6,69,6,7.2,Yes,No,Bachelor,4,4,0,Low,10.6,20,98.9
90.2,4.1,79.5,10,7.2,Yes,Yes,Diploma,7,2,0,Middle,2.9,21,100
82.8,5,43.7,7,5.4,Yes,Yes,Bachelor,3,3,0,Middle,12.6,19,74.8
64.4,7.5,69.2,7,5.4,Yes,No,Master,8,7,0,High,4.2,20,100
79.3,0.7,67,7,6.1,No,No,Bachelor,10,8,0,Middle,0.5,19,86.2
72.7,5.2,78.2,8,8.1,Yes,Yes,Diploma,8,5,0,Low,0.6,19,100
100,8.3,65.4,5,6.6,Yes,No,Master,7,1,0,Low,5.6,19,100
80.1,5,53.5,6,6.4,Yes,No,Bachelor,10,2,0,Middle,15.8,20,94.1
83.4,7.5,68.1,6,6.4,Yes,No,Master,8,4,0,Middle,11.7,19,100
88.1,3.4,52.8,9,6.8,No,No,Master,5,2,0,High,10.2,19,84.3
82.5,4.4,41,6,8.9,Yes,No,Diploma,7,5,0,Middle,7.7,18,93.8
100,4.6,78.2,4,6.8,Yes,Yes,Master,10,7,0,High,2.4,18,100
75.2,0.5,76.1,4,6.1,Yes,No,Bachelor,5,2,2,Middle,3.3,22,60.8
84.1,2.4,74.5,5,7,Yes,Yes,High School,4,2,0,High,5.2,19,89.9
73.8,2.5,86.2,10,8.9,Yes,Yes,Bachelor,8,2,0,Middle,4.8,20,100
67.5,6,58.7,8,6.4,Yes,Yes,Diploma,7,3,0,Low,4.7,18,92.4
75.3,6.1,48,9,5.7,Yes,Yes,Diploma,6,4,0,Middle,3.2,18,99.7
81.6,5.1,67,9,6.4,Yes,No,Master,4,4,0,Middle,8,20,96.9
77.3,6,63.1,8,7.1,Yes,Yes,High School,3,6,0,Middle,4.2,19,100
74.4,4.2,56.2,7,7.8,Yes,No,Master,4,5,0,Middle,13.7,21,94.9
66.5,6.7,66.9,10,8.1,Yes,Yes,High School,10,4,2,Middle,13.6,21,100
81.1,4.5,59.4,8,5.8,No,Yes,Diploma,7,4,0,Low,11,20,93
65.4,4.6,42.3,10,6,No,No,Diploma,3,4,1,Middle,10.4,20,80.7
90.4,4,61.8,9,6.6,Yes,Yes,Bachelor,9,4,0,Middle,0.5,21,100
82.9,5.7,52.1,6,7.8,Yes,No,High School,9,3,0,Low,19.5,20,94.4
66,3.7,71.2,7,5.6,Yes,Yes,Master,9,2,0,Middle,6.6,19,85
78.6,6.3,58.8,6,6.3,Yes,No,Bachelor,6,4,1,Low,12,18,85.8
73.7,2.5,83.6,10,6.3,Yes,Yes,Bachelor,6,3,0,High,12.2,20,90.4
85.5,2.5,90.5,7,8,Yes,No,High School,7,5,1,Middle,2.8,19,100
96.7,5.7,77.5,6,7.6,Yes,Yes,Diploma,10,4,0,Low,4.9,18,100
61.4,4.3,46.3,8,8,Yes,No,Master,6,4,1,Middle,10,18,89
83.3,3.7,89.1,7,8.5,Yes,No,Diploma,5,6,0,Middle,0.5,20,100
80.2,6.1,90.1,8,6.7,Yes,Yes,High School,8,1,0,Low,7.6,18,100
89.4,3.4,68.3,10,5.7,Yes,Yes,Diploma,9,8,2,High,0.5,19,96.6
84.3,4.1,86.5,9,5.7,No,No,Master,7,0,1,Middle,8.1,20,96.3
73.7,7,60.3,8,5,Yes,No,Diploma,8,7,1,Low,14.9,20,95.8
78.5,7.3,41.9,5,6.5,Yes,Yes,Diploma,7,4,0,Middle,8,19,91.6
73.2,7.3,57.4,7,6.6,Yes,No,Bachelor,6,3,1,Low,0.7,21,80.9
93.8,4,92.2,9,7.9,Yes,No,Master,5,1,0,High,5.2,18,100
82.2,6.7,47.1,5,7,Yes,No,High School,5,3,0,Middle,11.1,22,81
100,2.8,68,10,6.5,Yes,No,High School,6,4,0,Middle,8.8,19,100
81.3,2.9,68.5,8,6.9,Yes,No,High School,5,4,0,Middle,10.3,19,91.6
74.2,0.5,60.8,8,5.9,Yes,No,High School,8,7,0,Low,7.1,21,80.4
65.3,7.5,61.8,6,8.1,Yes,No,Diploma,9,4,0,Middle,4.2,18,100
62.2,2.9,69,8,6.1,No,Yes,High School,7,5,0,Middle,8.6,19,84.2
64.6,4.3,60.1,5,5.7,Yes,No,Bachelor,5,5,0,Middle,8.3,19,81.6
84.9,2.9,48.1,10,7.9,Yes,No,Diploma,9,3,0,Middle,13.1,19,91.7
87.6,5.8,71,10,7.6,Yes,No,Diploma,8,4,0,Low,5.7,21,100
64.6,3.8,83,9,5.1,Yes,Yes,Master,8,4,0,Middle,8.2,21,99.3
91.8,2.2,80.2,5,7.9,Yes,Yes,High School,6,5,1,High,7.3,19,100
76.7,5.3,56.7,8,6.2,Yes,No,Diploma,9,2,0,Middle,19.4,22,87.9
83.6,1.9,50.5,10,6.6,No,No,Diploma,9,3,0,Low,4.2,21,80.4
99.7,3,64,9,7.2,Yes,Yes,Bachelor,7,5,0,Middle,6.1,20,100
91.9,0.7,89.9,5,7.6,Yes,Yes,Bachelor,8,2,1,Middle,3.2,18,90.3
79,1.9,77,6,7.5,Yes,No,Bachelor,9,4,0,Middle,14.5,19,94.8
72.2,4.8,77.9,7,6.9,Yes,No,Bachelor,6,3,1,Middle,14.9,18,96.4
58.3,1,80.5,6,6.5,Yes,No,Master,7,5,0,Middle,6.9,19,96.1
74.1,1.8,73.9,10,7.5,Yes,No,Bachelor,7,7,0,Middle,13.9,20,95.8
79.7,4.5,69.7,4,6.9,Yes,Yes,High School,5,3,1,Low,9.6,18,86.5
71.1,3.5,77.3,9,9,Yes,No,High School,8,6,0,High,11.5,18,97.7
80.6,8.1,60.4,5,7.6,Yes,No,Bachelor,9,4,0,Middle,3,19,100
82.8,7.8,48.2,6,6,Yes,No,Master,7,3,0,Middle,8.8,17,90.6
79.5,2.9,78.1,3,6.5,Yes,Yes,Diploma,8,4,1,Low,17.4,20,88.6
74.8,5.5,85.3,6,7.1,No,Yes,High School,10,7,0,Middle,15.4,21,100
83.9,5.8,52.3,10,8.4,Yes,No,Master,6,4,1,Low,12,18,99.3
86.9,3.4,79.5,8,8.6,Yes,No,High School,8,7,0,Middle,12.8,19,100
70,1.8,91.5,5,6.6,Yes,No,Bachelor,6,4,0,Middle,20.2,21,83.7
97.5,4.5,68,10,6,Yes,No,High School,6,1,0,Low,11.9,20,92.6
80.9,4.2,56.5,10,5.8,No,Yes,High School,8,4,0,High,4.7,18,96.8
82.2,3.7,69.7,8,7.3,Yes,No,Diploma,7,1,0,Low,14.1,19,81.6
89.8,5.3,60.3,10,9.5,Yes,No,Bachelor,8,3,0,Middle,7.6,20,100
84.6,3.1,59.4,9,7.6,Yes,No,High School,7,3,0,Low,10.4,20,82.6
92.5,2.4,74.1,9,5.2,Yes,No,Bachelor,8,8,0,Middle,8.6,18,100
85.2,4.7,45.5,6,6.2,Yes,Yes,High School,10,7,0,Low,4.5,18,87.3
75.3,5.2,47.8,9,6.3,Yes,No,Bachelor,9,4,0,Middle,9.5,20,100
86,2.4,68.3,8,6.1,Yes,No,Diploma,8,6,1,Low,12.8,20,96.6
69.4,6.2,67.7,9,6.6,No,No,Bachelor,8,3,1,High,11.7,18,95.6
83.2,1.3,72.8,6,7.4,Yes,No,Bachelor,6,1,0,Middle,10.4,22,85.3
81.6,3.5,94.3,8,7.8,Yes,No,High School,7,5,0,Low,7,18,100
79.7,4,69.5,6,8.2,Yes,No,High School,8,5,0,Middle,0.5,19,91.5
80.6,3.4,76.4,3,7.6,Yes,Yes,Master,7,2,0,Middle,7.8,18,95.9
61.3,3.5,54.3,9,4.9,Yes,Yes,Diploma,9,2,0,High,10.8,21,82.7
76,7.9,78.8,4,5.8,Yes,No,Diploma,10,6,1,Middle,0.5,22,100
83,3,60.6,8,6.8,Yes,Yes,High School,7,1,1,Middle,7.7,18,87.1
83.8,8.9,69,8,7.2,Yes,Yes,Master,3,5,0,Middle,7.5,19,100
70.7,5.3,66.5,8,7.9,Yes,No,Master,10,3,2,High,3.4,20,100
95.9,4.7,82.5,7,7,Yes,No,High School,6,5,0,Middle,11.8,19,100
72.5,5.4,49.7,8,7.1,Yes,Yes,Bachelor,7,6,1,Middle,12.7,18,87.6
92.7,9.1,36,8,7.3,No,Yes,Master,8,2,0,Middle,17.1,21,100
86.7,2.7,65,9,6.7,Yes,Yes,Diploma,10,2,0,High,7.9,20,99.9
74.9,2.5,74.6,10,7.1,Yes,No,Diploma,10,7,0,High,14.5,19,100
100,3.1,70.1,8,8.2,No,Yes,Diploma,6,4,1,High,3.9,19,100
68.9,4.6,85.3,8,6.9,Yes,No,High School,9,5,0,Middle,6.1,19,95.7
92.1,1.4,74.1,6,7,Yes,No,Bachelor,7,6,1,Low,11.4,19,92.5
93,4.5,60.1,8,7,Yes,Yes,Diploma,10,2,0,Low,4.7,19,90.6
74.6,7.5,35.4,9,8.4,Yes,Yes,Bachelor,9,6,1,High,7.2,19,100
97.3,4.8,64.7,7,5.8,Yes,No,Diploma,7,5,2,High,12.2,19,98
79.2,4,82.4,9,9,Yes,Yes,Bachelor,5,7,0,Middle,8,18,100
85.2,3.4,62.5,7,5.7,Yes,No,Bachelor,2,7,2,Low,3.4,20,93
84.9,6.1,68.4,9,6.3,Yes,No,Bachelor,8,4,0,Middle,5.1,20,100
80.5,3,73.9,9,7.8,Yes,Yes,Master,9,6,1,Middle,6.6,21,100
90.9,7.8,53.8,9,8.1,Yes,Yes,High School,8,4,0,Low,10.9,17,94.9
90.7,8,76.7,8,5.5,No,No,Bachelor,2,4,0,Middle,6.4,19,100
62.8,5,90.9,5,5.8,Yes,Yes,Bachelor,4,2,0,Middle,0.5,22,91.2
96.3,4.5,65.6,6,7.3,Yes,Yes,High School,8,4,0,Middle,11.9,18,100
63.7,6.4,52.2,9,9.6,Yes,Yes,High School,10,0,0,High,11.2,20,94.2
93.4,6.5,67.1,10,8.4,Yes,No,Diploma,7,4,0,Middle,2.7,18,100
94.4,3,36.9,7,6.7,No,No,Master,9,7,2,High,2.3,21,80.7
70,3.6,72.7,8,4.3,Yes,Yes,Bachelor,5,6,0,Middle,14.8,20,89.2
77.5,2.1,74.3,6,7.1,Yes,No,Bachelor,7,4,0,Low,6.8,20,84.1
69.8,5.2,91.5,6,7.4,Yes,Yes,High School,6,4,1,High,11.8,22,93.3
79.6,5.7,65.3,6,6.6,Yes,No,Master,9,3,1,Middle,4.5,21,90.4
78.6,2.1,73.7,3,6.1,Yes,Yes,Diploma,6,2,0,High,11.3,19,76.3
90.6,3.7,55.9,10,7.2,Yes,Yes,Bachelor,10,6,0,Middle,3.4,19,100
96.4,2.1,63,3,6,Yes,No,Bachelor,6,1,0,Middle,10.1,19,78.1
97.4,2.9,46.6,7,9.1,Yes,Yes,High School,5,1,0,High,9.8,18,77
75.8,5.5,65.3,5,8.7,Yes,Yes,Bachelor,5,6,0,Low,0.5,19,94.2
79.7,3.2,63.7,6,7.7,Yes,No,High School,6,4,0,Low,8.6,22,91.6
63.5,4,72.2,10,7.1,Yes,No,High School,8,4,0,Low,4.4,19,91.9
73.1,1.6,59.3,8,6.3,Yes,No,Bachelor,6,4,0,High,13.5,22,90.2
92.6,4.8,69.2,6,7,Yes,No,High School,5,8,0,Middle,9.2,18,100
99.8,4.4,63.3,6,8.8,Yes,No,Diploma,9,4,0,Low,6.8,18,99.4
68.4,3.2,63.4,6,8,Yes,Yes,High School,1,5,0,Low,15.6,19,75.5
75.5,4.2,69.1,7,7.2,Yes,Yes,Diploma,6,8,1,Middle,0.5,20,92.3
81.7,4.8,68.6,8,8,Yes,Yes,High School,4,4,1,High,17.6,18,94.3
85.1,3,78.7,10,7.6,Yes,Yes,Bachelor,5,7,0,High,17.4,19,100
73.1,1.8,66.3,4,7.4,Yes,No,High School,7,0,0,High,6.1,21,82.9
86.7,7.8,63.1,7,8.1,Yes,Yes,Bachelor,7,2,0,Middle,12.4,20,100
76.8,3.4,65.5,7,7.6,Yes,Yes,Bachelor,6,3,0,Low,10.4,18,87
81.8,4.3,58,9,7.9,Yes,Yes,Diploma,9,5,0,Middle,0.5,19,100
88,6.3,63,8,7.2,No,Yes,Master,7,8,0,Middle,7.4,19,100
82.1,10,96.4,9,6.7,Yes,No,High School,10,3,0,Middle,1.7,20,100
77.2,2.3,55.2,8,6.4,Yes,Yes,Diploma,8,6,0,Middle,1.2,22,89.4
80.8,5.3,64.1,6,6.3,No,Yes,High School,5,8,0,Middle,6.6,19,99.2
81,3.2,62.6,10,5.2,Yes,No,Diploma,10,7,0,Low,6.7,19,100
77.9,3.5,64.5,9,6,Yes,No,Master,8,3,0,High,14.1,22,88
79.2,3.2,63.4,9,6,Yes,No,High School,10,6,0,Middle,4.2,18,98
99.6,2.5,71.9,10,6.4,Yes,No,Bachelor,6,5,0,Middle,6,20,98.5
88.2,4.4,44.1,8,8.7,Yes,No,Bachelor,8,3,0,Low,14.8,19,90.6
78.7,1.8,82.5,10,6.8,Yes,Yes,High School,8,5,0,Middle,7.1,22,93.1
89.7,6.2,76.9,8,7.3,No,Yes,Master,7,3,0,High,5.4,18,100
78.3,4.6,50.6,7,7.3,Yes,No,Master,10,4,0,Low,12.3,19,100
94.9,5.3,36.2,7,8.7,Yes,Yes,Master,10,1,0,Low,10.7,18,89.4
86.1,3.7,54.3,7,6.4,Yes,Yes,Bachelor,2,0,0,Middle,8.5,18,86
80.8,3.8,64.6,6,6.8,Yes,Yes,High School,9,3,0,Middle,12.6,22,89.5
86.9,5,100,10,6.9,Yes,Yes,Diploma,5,5,0,Middle,1.8,19,100
64.7,2.4,75.6,8,8.3,Yes,No,Bachelor,2,2,0,Low,5.1,20,77.9
69.6,3.9,42.7,8,8.5,Yes,Yes,Diploma,8,5,0,Middle,18,20,81.3
68.9,3,58.3,8,7.5,Yes,Yes,Bachelor,8,4,0,High,0.5,18,100
83.6,2.9,67.3,10,8.4,Yes,No,Bachelor,8,5,0,Low,4.6,18,99.6
100,0.7,71.6,5,7.2,Yes,No,High School,8,6,0,Middle,2.1,20,93
100,6.9,49.6,6,6.8,Yes,No,Diploma,9,7,0,Middle,8.4,20,100
89,3.3,66.1,5,8.3,Yes,Yes,Master,6,5,0,Middle,11,20,96.6
87.5,6.6,58,7,7.5,Yes,No,High School,8,3,0,Middle,13.5,19,100
62.2,6.4,52.5,8,6.2,Yes,No,Diploma,8,4,0,Low,5.9,20,87.9
76,2.2,71.6,7,8.1,Yes,Yes,High School,10,9,0,High,3.4,18,94.9
73.3,2.5,78.8,6,6.8,Yes,Yes,Diploma,7,6,0,Low,0.7,20,88.7
75.2,9.1,79.8,8,6.6,Yes,No,Diploma,7,4,0,Middle,8.2,19,100
80.2,7.7,76,6,8,Yes,Yes,High School,7,4,1,Middle,18.6,20,99.3
76.8,4.4,61,8,6.9,No,Yes,High School,5,3,1,High,5.1,18,66.6
60.2,5,78,10,7.4,Yes,Yes,Bachelor,9,2,2,Middle,7.6,18,100
90.2,3.4,72.3,9,7.7,Yes,Yes,Diploma,4,7,1,High,8.7,17,100
70.2,5.3,69.9,9,6.1,Yes,Yes,High School,8,5,2,High,5.9,20,90.8
84.6,3.2,59.4,10,7.4,Yes,Yes,Master,7,1,1,Middle,15.1,18,82.4
100,0.8,61,8,8.5,Yes,Yes,Bachelor,4,4,0,High,14,19,98.1
71.9,2.1,69,7,5.9,Yes,Yes,High School,4,7,0,Middle,12.1,20,90.9
54.2,4.5,100,6,7.5,Yes,Yes,Master,5,3,0,Low,12.8,19,95.1
78.9,2.5,72.2,7,6.1,Yes,No,Diploma,6,2,0,Low,4.6,18,82
94.1,4.4,59.4,6,8.1,Yes,No,High School,10,5,0,High,2.3,18,100
100,2.6,56.3,9,8.1,Yes,Yes,Master,7,5,1,Middle,4.6,19,89.6
68.5,3.1,61.1,8,6.6,Yes,No,High School,8,3,1,Middle,9.4,19,84.2
87.5,6,98.5,9,9.4,No,No,Master,10,3,0,High,6.4,19,100
76.9,4.9,62.4,5,8.2,No,No,Bachelor,9,5,0,High,10.8,21,81
80.8,4.5,80.7,10,7.8,No,Yes,Diploma,7,2,0,Low,8.5,17,97.6
100,6.1,62.7,7,7.7,Yes,No,High School,6,3,0,Middle,1.3,19,96.4
65.5,5.4,71.7,5,8.1,Yes,No,High School,8,4,0,High,14.2,20,100
84.8,7.1,79.1,7,5.9,Yes,Yes,High School,6,5,1,High,5.4,21,100
87.1,3.7,60,10,7.2,Yes,No,Master,10,3,1,Middle,11.9,19,90.9
93.9,3.7,59,7,7.4,Yes,No,Diploma,9,5,0,Low,3.8,20,96.5
83.1,2.2,91.2,7,6.6,Yes,Yes,High School,7,6,0,Middle,3.6,19,97.6
85.4,3.7,81.8,7,7.5,Yes,No,Bachelor,8,3,0,Middle,3.4,18,100
77.7,6.2,79.1,7,8.4,Yes,Yes,High School,7,10,0,Low,0.8,20,100
85,6.8,79,6,6.5,Yes,Yes,High School,6,7,0,Middle,1,18,100
78.2,6.2,74.4,8,6.9,Yes,Yes,High School,8,5,2,Middle,9.9,20,100
88.8,1.3,96.2,10,6.1,Yes,No,Bachelor,7,4,0,Middle,3.4,21,100
77.9,6.4,68.6,8,5,Yes,No,High School,10,3,0,Middle,9.7,19,100
86.1,1.2,76.1,5,7.9,No,No,Diploma,6,7,2,Low,8.5,18,89.5
81.7,6.1,47.7,7,7,Yes,No,High School,8,4,0,Middle,12.4,20,85.6
94.4,3.8,56.5,6,7.1,Yes,Yes,Bachelor,5,1,0,Middle,2.9,19,91.5
81.4,5.8,51.2,8,5.9,Yes,Yes,Diploma,5,1,0,Low,13.3,18,77.8
62.5,2.1,85.8,10,6.8,Yes,No,High School,3,4,0,Low,3.5,19,81.5
95.9,6.6,32.3,7,8.2,Yes,No,Diploma,8,4,0,Middle,0.5,19,100
72,1.9,62.4,7,7,Yes,No,Bachelor,6,2,0,Low,9,20,74.2
74.8,3.3,30,10,7,Yes,Yes,High School,9,1,0,Low,3.6,19,80.1
75.4,2.7,56.4,9,7.2,Yes,No,Bachelor,8,0,1,High,15.5,19,75
97.1,1.3,61.1,9,5.6,Yes,Yes,Diploma,7,2,0,Low,9.5,19,89
58.5,4.7,87.4,10,7.7,Yes,Yes,Bachelor,4,3,0,Middle,7.6,20,91.2
100,7.8,73.6,8,5.6,No,No,Bachelor,8,5,0,Low,9,20,100
93.6,9.3,56.3,4,6,Yes,No,Master,6,4,0,High,5.5,19,100
84.5,4.7,82.9,9,5.8,Yes,Yes,Bachelor,4,6,2,Middle,16.4,18,96
81.4,6.5,68.2,4,6.8,No,No,High School,8,5,1,Low,5.3,19,82.7
85.1,4.9,68.5,8,6.6,Yes,Yes,Bachelor,4,5,0,Middle,10.3,18,97.6
87.7,5.4,51.2,4,7,Yes,Yes,Bachelor,3,6,0,Middle,3.9,22,87.3
89.1,3.9,54.1,7,6,Yes,No,Master,10,1,0,High,8,22,87.9
88.1,4.9,56.4,7,8.1,Yes,Yes,High School,6,3,1,Middle,1.8,19,97.5
83,5.5,68.7,6,7.9,Yes,No,Bachelor,4,9,0,Low,9.1,17,100
79.8,3.5,69.1,7,6.8,Yes,No,Diploma,5,0,0,Middle,8.3,19,87.3
80.3,4.4,89.6,10,6.5,Yes,Yes,Bachelor,6,3,0,Middle,10.7,21,100
79.9,4.4,73.4,6,6.4,Yes,No,Master,9,5,0,Middle,10.3,19,83.3
94.5,6,30.1,9,6.7,No,Yes,Bachelor,4,0,0,Middle,8.1,20,82.2
88.5,2.6,71.7,6,5.5,Yes,Yes,Bachelor,4,2,1,Middle,18.2,18,79.8
49.7,4.4,47.7,7,5.9,Yes,No,Diploma,9,8,0,Low,7.9,21,88.3
89.2,7.9,54.5,8,7.9,Yes,Yes,Diploma,6,4,0,Middle,8.2,21,100
84.1,6.6,56.6,6,7.3,Yes,Yes,Diploma,7,3,0,Middle,7.6,20,99.2
81.8,6.9,58.7,5,8.8,Yes,No,High School,6,4,2,High,9,20,88.7
77.7,4.5,48.7,8,6.7,Yes,No,Diploma,10,3,0,Low,6.6,19,85.9
94.4,5.1,70.8,10,6.6,Yes,No,High School,4,7,0,High,6.2,20,100
92.4,6.3,48.2,7,6.6,Yes,No,Diploma,8,2,0,Low,11.8,19,92.4
73.5,7.3,73,7,6.6,Yes,No,Diploma,10,3,1,Low,7.8,20,100
86.5,1,99.3,8,6.3,Yes,No,Bachelor,6,1,0,Middle,13.3,22,87.8
71.3,2.1,49.4,8,7.3,Yes,Yes,Bachelor,5,3,0,Middle,0.5,21,84.5
66.8,6.9,64,8,7,Yes,No,Diploma,9,4,0,Middle,15.6,19,92.8
75.1,4,32.7,2,6.4,Yes,Yes,High School,9,6,0,Middle,12.5,22,83.1
91.5,3.3,63.8,5,8.4,Yes,No,Master,5,2,0,Middle,7.7,20,87.1
92.5,2.2,77,6,9.1,Yes,Yes,High School,10,5,0,Low,7.6,18,97.9
87.6,3.5,78.1,8,8.3,Yes,No,Master,7,4,0,Middle,11.2,20,100
90,2,69.1,8,7.6,Yes,No,Diploma,8,0,0,Middle,2.9,21,90
87.7,8.3,80.4,9,7.8,Yes,No,High School,10,3,0,Middle,8.2,18,100
74.9,4.5,100,8,9,Yes,No,Diploma,9,2,0,Middle,8.8,20,100
86.8,4.4,92,5,7.8,Yes,Yes,High School,7,7,0,Low,0.5,21,100
90.8,5.6,60.7,10,6.4,Yes,No,High School,6,5,0,High,9.7,18,100
90.3,6.2,47.7,10,7.4,No,Yes,Diploma,10,4,0,High,1.2,19,100
95.1,6.2,62.3,5,7.7,Yes,No,Bachelor,5,0,0,Middle,13.4,18,98.2
89.8,6.4,54.7,8,5.9,Yes,No,High School,8,0,1,Middle,14.7,20,81.1
85.9,3.4,74.3,6,6.7,Yes,No,Bachelor,8,5,0,Middle,15.6,19,97.5
93.8,4,51.5,8,8.2,No,Yes,Bachelor,8,6,0,Low,6.4,19,100
81.7,5.9,67,10,5,Yes,Yes,Bachelor,10,3,0,Middle,6.3,17,100
72.3,3.6,79.7,10,5.6,Yes,No,Diploma,7,4,1,High,0.5,22,100
80.2,4.5,66.6,9,6.8,Yes,Yes,High School,7,4,1,Middle,11.4,19,89.6
73.8,5.2,54.8,8,7.4,Yes,No,High School,10,4,0,Middle,0.5,20,97.4
74.6,5.9,84.4,7,5.5,Yes,No,Bachelor,7,3,0,High,0.8,19,100
80.4,1.3,41.7,8,6.9,No,Yes,Bachelor,9,6,0,High,6.5,21,80.8
73.3,5.8,63.4,10,8.3,Yes,No,Diploma,7,6,0,Middle,2.5,18,98.4
78.6,4.1,67.4,7,7.1,Yes,No,High School,9,2,1,Middle,3.2,18,100
61.2,5.8,68.2,6,8,No,No,High School,8,2,0,Low,8.2,19,94.3
84.3,5.9,70.5,4,6.3,Yes,No,Bachelor,6,2,0,High,12.4,18,95.5
82,7.4,76.5,9,6.1,Yes,Yes,Diploma,3,4,0,High,10.7,19,100
73,6.9,67.5,8,7.9,Yes,Yes,Master,4,5,0,Middle,8.9,19,100
89.3,6.9,62.8,6,7.4,No,No,Master,3,6,0,Low,13.7,18,100
92.3,7.1,62.3,10,5.7,Yes,Yes,Bachelor,7,6,0,Middle,8.6,19,100
64.3,5,59.4,7,6.1,Yes,No,Diploma,2,5,0,Middle,5.4,18,80.7
73.6,4.6,79,7,8.7,Yes,No,High School,7,4,0,Low,4.1,21,99.3
73.5,6.1,58.9,7,6,Yes,No,Diploma,7,7,0,High,10.8,19,95.1
71.7,5.8,79.9,7,8,Yes,No,Master,9,4,1,Low,2.5,22,97.6
91.1,3.9,68.3,8,6.5,Yes,No,Diploma,8,5,0,Middle,9.7,19,96.3
79.9,5.2,60.7,10,7,Yes,Yes,Bachelor,9,5,0,Middle,5.9,19,100
79.1,4.4,76.7,5,7.3,Yes,No,Master,8,4,0,High,3.8,19,97.4
60,3,57.8,8,4.7,Yes,Yes,Bachelor,6,4,0,Middle,3.7,18,81.9
89,6.8,76.9,8,5.4,Yes,Yes,Bachelor,7,7,0,Low,12.8,20,100
68.4,4.6,71,8,7.1,Yes,No,High School,5,4,0,Middle,3.7,19,99.3
82.7,8.2,59.7,9,6.2,Yes,No,High School,7,3,0,Middle,6.6,19,100
85.1,1.6,75.4,8,8.1,Yes,Yes,Diploma,4,3,0,Middle,5.7,18,95.4
97,3.5,75.7,8,5.2,Yes,Yes,Master,9,5,0,Middle,13.3,22,100
67.6,4.6,84.2,9,7.6,No,No,Master,5,3,1,Middle,15.7,21,100
48.8,6.5,81.5,6,5.5,Yes,No,High School,7,5,0,Middle,12.5,19,91.5
84,5.2,74.9,8,6.6,Yes,Yes,Diploma,8,4,0,Low,6.1,19,99.7
100,5.1,52.2,7,5.8,Yes,Yes,Bachelor,9,3,0,Low,9.7,19,99.6
95.6,2.5,100,7,9.1,Yes,No,Diploma,4,1,0,Middle,3.5,18,100
84.3,2.4,48.3,7,5.5,Yes,Yes,High School,6,2,0,Middle,9.1,19,74.2
76.6,5.1,81.3,8,6.9,Yes,No,Diploma,8,2,1,Middle,0.5,18,100
90.9,2,74,8,5.1,Yes,No,Master,10,2,0,High,9.2,19,98
71.3,3.5,51.6,8,8.8,Yes,Yes,Master,7,5,0,Middle,7.7,18,86.2
87.2,5.4,66.3,7,7.4,Yes,No,Bachelor,6,8,0,Middle,10.2,19,96.2
87.6,2.7,66.9,4,7.2,Yes,No,Bachelor,10,3,0,Middle,7.9,18,81.6
93.7,7.4,86.3,8,8.6,Yes,Yes,High School,9,3,0,High,12.2,20,100
100,6.7,58,8,7.2,Yes,Yes,Bachelor,10,3,0,High,4.2,20,100
86.3,1.7,64.3,8,7.2,Yes,No,High School,5,6,0,Middle,11.8,19,85.1
76.4,2.8,35.3,6,7.1,Yes,Yes,High School,8,5,0,Middle,10.4,19,79.2
81.7,0.5,92.3,5,7.6,Yes,No,High School,5,4,0,Middle,13.4,18,94.2
62.5,3.1,53,9,6.5,No,No,Diploma,4,2,0,Low,13.8,17,67.9
74.4,5.9,72.6,7,6.8,Yes,No,Master,8,2,0,Middle,3.2,19,89.2
77.5,3.8,66.6,8,7.9,No,Yes,Master,8,4,0,Low,10.6,20,100
76.2,5.3,66.6,7,7.3,Yes,Yes,Bachelor,6,4,0,Low,2.2,20,100
83.7,1.8,79.3,7,6.9,Yes,Yes,Bachelor,10,4,0,Middle,13.8,18,90.4
73,5.9,91.4,7,5.5,Yes,No,Diploma,6,5,0,High,3.7,20,100
94.3,3.5,71.5,6,8.6,Yes,Yes,Bachelor,6,2,0,Middle,6.1,19,90.9
82,4.5,77.2,8,6.3,Yes,Yes,Bachelor,7,5,0,High,9.1,18,100
81.9,4.3,72.6,6,8.1,Yes,No,Diploma,7,4,0,Middle,11.7,20,100
78.4,2.2,82.2,8,7.2,Yes,No,High School,10,2,0,High,9.9,21,99.2
83.7,2.4,61.5,8,5.6,Yes,Yes,Bachelor,5,3,1,Middle,11.8,18,84
91.1,6.2,83.1,6,8.4,Yes,Yes,High School,5,5,0,High,8.1,20,100
72.5,5.2,83.5,5,7.3,Yes,No,High School,5,2,0,Middle,9.2,19,88
74.8,6.4,83.2,10,8.5,Yes,No,Diploma,10,9,0,High,0.5,18,100
78.7,5.1,58.8,6,6.8,Yes,No,High School,6,5,0,High,13.1,21,90.2
67.2,4.8,65.6,9,7.8,Yes,Yes,Bachelor,5,4,0,Middle,6.5,21,94.1
73,1.4,71.4,10,5.1,Yes,Yes,Bachelor,6,3,0,Low,5.8,19,87.5
76.8,4,48.8,9,6.4,Yes,No,Diploma,9,6,1,High,17.7,19,80.4
91.6,4.5,90.3,7,5.6,No,No,Master,8,3,0,Middle,0.5,19,100
84.9,8,67.8,7,6.6,Yes,Yes,Bachelor,6,3,0,High,8.5,18,100
84.1,5.7,72,6,7.5,Yes,Yes,High School,6,7,0,Middle,0.5,18,92.9
91.4,7.3,59.9,9,6.3,Yes,No,Bachelor,4,3,0,Low,9.7,21,96.9
80.5,5.6,49.4,9,8,Yes,No,Diploma,7,4,0,Low,4.5,21,94.3
86.3,3.2,59.5,6,6.1,Yes,Yes,Bachelor,10,2,0,Middle,0.5,20,100
80.9,4.7,71.1,5,8,Yes,No,Bachelor,6,5,0,Low,13.4,18,91.4
84.9,4.9,77.4,5,8.4,Yes,No,High School,8,5,0,Middle,1.6,21,100
75.6,2.8,70.3,9,8.1,No,No,Bachelor,6,7,0,Middle,12.7,22,97.7
55.2,3.8,72.9,8,6.6,Yes,Yes,Master,5,2,0,Middle,3.1,20,79.7
80.5,4.1,63.3,8,4.7,Yes,No,Diploma,8,1,1,High,5.7,19,86.4
97.7,7.4,74.9,6,7.6,Yes,Yes,High School,10,3,0,Middle,0.5,19,100
92.2,0.8,88.8,5,6.9,Yes,Yes,High School,8,3,1,Middle,10.1,21,89.7
92.6,6.7,77.9,9,5.9,Yes,No,High School,6,4,0,Middle,5.1,19,100
95.6,2.8,79.3,8,6.4,No,No,High School,6,5,0,High,6.2,18,100
83,2,72.1,9,8.6,Yes,No,Diploma,10,9,0,Middle,7.5,21,100
84.2,6.6,47,7,5.7,No,Yes,Diploma,8,3,0,Middle,0.5,18,95.8
75.2,5.8,53.4,7,7.5,Yes,Yes,High School,5,0,0,High,11.5,21,81.6
78.5,6.8,74.4,9,7.2,Yes,No,Bachelor,7,4,0,Middle,5.2,19,100
88.8,5.9,67.8,9,6.6,No,Yes,Master,7,5,0,High,19.5,19,100
95.2,8.2,74.2,9,7.7,Yes,Yes,Master,8,2,0,High,5.6,20,100
80.5,5.5,91.5,7,8.8,Yes,No,Diploma,10,4,0,High,6.1,17,100
77,4.2,78.2,9,6.7,Yes,No,Bachelor,10,4,0,Middle,1.2,20,100
82,5.1,85.6,10,6.7,Yes,No,Master,7,5,0,Middle,0.5,19,100
88.6,6.7,69.3,7,7.7,Yes,Yes,Master,7,6,0,Low,12.4,19,100
66.1,3.1,56.7,6,8,Yes,No,Master,8,4,0,Low,13.3,18,75.9
56.7,3.3,67.2,10,6.9,Yes,No,Bachelor,6,5,0,Middle,5.2,21,81.3
75.9,3.9,56.7,6,6.7,Yes,No,Diploma,9,0,0,Low,8.6,18,77
68.6,0.7,89.8,9,4.6,No,Yes,High School,7,2,1,Low,14.2,19,82.5
76.4,4.7,79.1,7,6.1,Yes,No,Diploma,8,3,1,Middle,9.4,18,93.9
80.4,1.1,75.3,4,5.7,Yes,No,High School,10,2,0,Low,10.4,22,83.6
77,4.6,85.3,10,7.8,No,No,Master,8,4,1,Low,8.4,18,96.9
98,6.1,39.7,2,6.7,Yes,No,Diploma,7,3,1,Low,4.7,20,77.6
85.6,3.6,76.2,4,6.7,Yes,Yes,Master,6,3,0,Middle,9.9,18,91.4
85.3,7.5,49.7,9,7,Yes,No,Bachelor,7,6,0,High,17.3,18,98.5
88.8,1.9,67.9,9,6,Yes,No,Diploma,5,4,1,High,5.4,19,89.9
69.5,6.6,63.6,6,8.7,Yes,Yes,High School,8,2,0,High,12.3,21,93.8
93.4,5.7,77.3,8,8.4,Yes,Yes,High School,3,3,0,Middle,8.9,20,100
81.2,1.4,71.2,2,8.8,Yes,Yes,Bachelor,9,6,0,Low,5.1,21,89.2
89.4,9.4,86.8,9,7.8,Yes,No,Bachelor,8,4,0,Middle,12.5,18,100
70.2,4.4,59.6,8,7,Yes,No,Master,7,6,0,Middle,11.9,22,100
64.9,2.9,77.9,7,8.8,Yes,No,High School,6,6,1,Middle,10.9,18,78.1
91,2,70.3,8,6.3,Yes,No,High School,7,3,0,High,16.7,20,81.2
86.1,4.1,45.1,8,6,Yes,No,High School,3,7,0,Low,17.2,18,83.7
72.1,4.3,55.1,7,6.3,Yes,No,Diploma,9,7,0,Middle,8.3,21,93.9
72.4,4.7,65.9,4,7.6,Yes,Yes,Bachelor,7,0,0,Middle,7.5,21,83.3
94.4,4,83.6,10,6.2,Yes,No,High School,10,4,0,High,0.9,19,100
68.9,5.6,74.5,10,6.8,Yes,No,Bachelor,8,3,0,Low,15.7,19,100
100,3.8,51.7,5,5.2,Yes,Yes,Diploma,7,3,1,Low,7.6,20,86.3
72.1,1,66,7,7.5,Yes,Yes,Diploma,8,2,0,Middle,5,21,76.6
89,4.2,96.2,7,5.3,Yes,Yes,Bachelor,5,2,0,High,3.3,20,98.2
78.4,0.5,69.6,10,6,Yes,No,Bachelor,6,6,0,Low,3.3,21,85.5
88.6,5.1,63.4,3,8.3,Yes,No,Diploma,7,2,0,Middle,16.8,20,95.3
76,2.7,74.9,7,8.3,Yes,No,Bachelor,6,4,0,Low,12.5,20,93.4
80.2,4.8,78.7,4,7.4,Yes,Yes,Diploma,6,1,0,Low,0.6,19,95.1
82.5,6.9,61.6,7,7.3,No,Yes,Bachelor,6,7,0,Middle,0.8,19,100
71,2.8,75,7,6.4,Yes,No,Master,7,4,0,Middle,8.6,20,95.5
90.1,6.4,63.4,8,6.1,Yes,Yes,Bachelor,10,5,0,High,2.9,19,100
76.4,3.7,78.1,6,6.6,Yes,No,Diploma,6,4,0,Middle,6.7,20,100
79.5,7.7,70.4,6,5.3,Yes,Yes,Bachelor,6,3,0,Middle,15.8,21,93.7
71.1,3.8,74.7,9,7.3,Yes,Yes,Bachelor,7,4,0,Middle,13.3,19,96.3
53.8,3,57.4,8,7.1,No,No,Diploma,10,7,0,Middle,0.5,19,94.3
79.9,5.7,56.5,9,6,Yes,No,Bachelor,10,2,0,Middle,2.9,17,86.3
100,3.7,81.2,7,8.7,Yes,Yes,Diploma,10,0,0,Low,9.2,19,98.9
90.6,3,66.9,6,7.7,Yes,Yes,Bachelor,7,2,0,Low,13.6,18,94.1
81.8,3.6,72,7,7.8,Yes,Yes,Diploma,8,2,0,Middle,3.9,20,96.2
79.1,4.4,63.7,9,6.5,Yes,Yes,Master,5,6,0,High,9.8,20,100
82.2,6.9,80.6,3,7,Yes,No,Bachelor,6,4,1,Low,5.7,20,86.7
88,1,59.5,8,7.7,Yes,No,Diploma,5,6,0,Middle,16.8,19,81.2
69,4.5,66.1,8,7.2,Yes,No,Diploma,8,4,0,Low,11.1,19,96.4
94.3,5.6,79,8,8.8,Yes,No,Diploma,7,4,0,Low,7,20,100
89.9,4.8,84.4,7,6.8,Yes,Yes,High School,7,4,0,High,0.5,19,100
89.9,6.9,60.7,2,6.4,Yes,No,High School,5,7,0,Middle,2.7,20,96.1
86.8,4.4,95.4,7,7.7,Yes,No,Diploma,9,4,0,Low,0.5,21,100
82.2,4.2,72.4,10,5.6,Yes,No,Diploma,2,6,0,High,9.4,19,99.8
89.4,5.6,53.4,8,8,Yes,No,Diploma,6,6,0,Middle,11.3,18,100
88.5,4.7,73.2,7,5.6,Yes,No,High School,7,4,1,Middle,11.6,18,96.2
78.1,3.8,62.6,8,7.7,Yes,No,Bachelor,3,4,0,Middle,4.9,19,93.3
75.7,5.4,74.1,8,6.3,Yes,No,High School,8,3,0,Low,14.4,19,87
83.1,3.3,67.4,9,7.5,Yes,No,High School,7,7,0,Middle,15.9,18,100
99,3.4,69,7,8,Yes,No,High School,8,2,0,Middle,4.7,19,100
68.4,3.5,55.2,8,7.2,Yes,Yes,Bachelor,10,3,0,Middle,13.9,18,96.4
65.9,6.9,81.9,10,5.7,Yes,No,High School,8,3,2,Middle,8.7,18,100
83.8,0.5,51.8,10,6,Yes,Yes,Diploma,9,2,0,Low,5.4,20,80.5
82.6,5.2,52.5,10,6.2,Yes,No,Diploma,10,3,0,Middle,14.2,22,94.4
83.9,4.6,73.1,6,4.9,Yes,No,High School,8,6,0,Middle,2,18,100
84.7,1.5,90.4,10,8.2,Yes,No,Diploma,5,5,0,Middle,0.6,19,100
79.5,5.1,63.1,6,7.1,Yes,No,Diploma,4,3,0,Middle,6,19,85.5
98.4,5.4,77.8,8,5.8,Yes,No,Master,8,6,0,High,6.9,18,100
64.4,5.6,83,9,8.6,Yes,Yes,Bachelor,6,8,0,High,0.5,18,100
72.9,0.5,79.4,6,6.2,Yes,No,Master,10,5,0,High,10.5,18,89.2
80.9,7,63.6,8,7.3,Yes,No,Bachelor,6,7,1,Middle,4.1,21,100
63.9,3.2,52.7,9,6.1,Yes,No,Bachelor,7,6,0,Middle,1.5,20,95.4
80.1,5.7,37.1,6,4.8,Yes,Yes,Master,5,3,0,Low,11.2,19,87
100,5.8,64.3,10,5.5,Yes,No,Diploma,6,4,2,Middle,5.9,18,100
82.2,2.9,84.5,5,6.5,Yes,No,Bachelor,5,5,0,Middle,13.3,19,86.7
84.5,5.7,52.3,10,8,Yes,Yes,Diploma,5,3,0,Middle,10.3,20,91.4
68.1,3.8,77.8,10,7.4,Yes,No,Bachelor,7,0,0,Middle,7,18,90.7
75.2,0.8,54.7,7,7.2,Yes,Yes,High School,6,2,0,Middle,13.5,19,71.1
77.9,6.6,69.5,7,4.8,Yes,No,Bachelor,10,0,1,High,10.1,19,95.9
78.5,3.1,77.9,6,8.4,Yes,No,Master,9,2,0,Middle,7.9,18,94.9
96.1,3,58.8,7,7.2,Yes,No,High School,9,1,0,Middle,10.6,19,87.9
88.1,3.8,70.4,7,6.9,Yes,No,Bachelor,7,6,0,Middle,10.7,19,97.5
69.8,5,62.2,10,8.2,Yes,Yes,High School,7,2,0,Low,2.5,20,90.9
84.7,4.4,77.9,10,8.4,Yes,No,High School,6,5,0,High,19.8,19,100
87.5,5.5,71.3,8,8.3,Yes,Yes,Bachelor,10,6,0,Middle,8.3,22,100
94.5,2.1,68.8,6,6.7,Yes,No,High School,7,5,0,Middle,8.4,20,94.9
99.4,3.2,89.8,6,5.9,Yes,Yes,Diploma,6,0,0,Middle,0.5,21,98.2
70.8,4.3,77.3,7,8.1,Yes,No,High School,5,6,0,Middle,8.6,21,88.1
73.1,7.9,58.3,5,5.5,Yes,No,Bachelor,8,5,0,Middle,8.9,21,91.3
68.2,4.3,66.8,5,9.1,Yes,No,Diploma,10,6,0,Low,2.3,18,95.4
79.4,6.5,66.9,10,7,Yes,No,Master,9,8,1,Middle,2.8,19,100
87.1,4.6,69.1,8,5.8,Yes,Yes,Bachelor,5,6,0,Middle,3.5,17,100
92.9,3.6,100,6,5.6,Yes,No,High School,5,2,0,High,6.5,19,100
81.2,4.1,73.2,9,5.6,Yes,No,Diploma,9,5,0,Middle,9.1,19,100
78.5,4.2,39.5,5,7.2,Yes,Yes,Master,10,1,0,High,6.9,18,77
83.7,5.6,60.4,5,7,Yes,Yes,Bachelor,7,4,1,Middle,9.5,21,99.5
72.8,7,40.9,6,5.6,Yes,No,Bachelor,9,3,0,Middle,11.4,20,85.1
100,5.1,63.4,10,6.6,Yes,Yes,Bachelor,4,4,0,Middle,10.7,22,100
64.3,6.6,40.2,7,5.5,Yes,Yes,Diploma,5,1,0,Middle,9.8,19,88.2
84,2.8,55.8,3,7.6,Yes,Yes,Bachelor,5,1,0,Low,9.4,19,70.5
100,3.8,46.7,10,6.9,Yes,Yes,Bachelor,8,3,0,High,9.4,18,97.5
82.1,3.2,73.4,7,6.6,Yes,Yes,High School,7,4,0,Middle,7.3,19,98.1
79.9,5.1,68,4,5.6,Yes,No,Master,7,3,0,High,4.7,19,89.9
78.1,3.9,72.2,7,6.7,No,Yes,High School,9,7,0,Middle,7.5,22,97.1
80,5.8,66.5,9,6.5,Yes,Yes,Diploma,6,5,0,Middle,11.3,18,99.5
97.1,2.8,48.5,8,7.3,No,Yes,High School,7,5,0,Middle,11.2,17,79
57.7,4.6,75.2,10,7.2,Yes,No,Bachelor,4,3,0,Middle,10.5,18,98.9
98.9,5.7,94.9,6,7.9,No,No,Diploma,9,1,0,Low,5.6,21,100
66.3,0.8,73.7,8,6.5,Yes,No,High School,9,4,1,Low,6.9,20,69.5
79.1,8.3,62,6,5,Yes,No,Master,8,8,0,Low,6.9,20,100
77.3,4,48,4,8.1,Yes,No,Diploma,7,4,0,Middle,5,19,84.6
88.5,0.9,55.3,9,6,Yes,Yes,Diploma,6,6,0,Low,12.5,20,78.2
64.4,4.8,74.3,8,5.8,Yes,Yes,Diploma,4,6,2,High,0.5,20,97.8
87.1,4.6,83,8,7,Yes,Yes,High School,8,5,0,Middle,18.1,19,100
100,4.4,71.7,8,7.3,Yes,Yes,Diploma,9,4,0,Middle,18.4,20,100
67,6.3,79.2,6,6.4,Yes,Yes,Diploma,10,2,0,Middle,8.3,20,97.6
84.1,5.8,77.9,5,6.4,Yes,No,Diploma,6,4,1,Low,10,19,94.2
74.7,5,75.1,8,6.6,Yes,Yes,Master,8,3,0,Middle,12.2,18,100
86.7,5.3,58.8,10,8.6,Yes,No,High School,9,5,0,Middle,4.2,18,100
82.2,4.3,70.4,10,7,Yes,No,Bachelor,9,1,0,Low,10.8,20,100
74.9,7.7,56.1,9,5.9,Yes,No,High School,6,3,0,Middle,14.6,19,98.9
87.4,1.8,68.2,8,5.9,Yes,Yes,Diploma,6,5,0,Middle,0.5,19,92
100,4.8,72.6,8,6.7,Yes,No,Diploma,6,3,0,Low,0.8,18,100
79.9,4.6,91.5,8,7.3,Yes,No,High School,5,2,0,High,11.8,19,99.3
89.9,6,49.7,5,7.5,Yes,No,Bachelor,10,2,0,High,6.6,18,100
67.8,3,74.7,8,7.1,Yes,No,Diploma,7,3,0,Middle,6.1,20,92.4
71.5,1.4,88.7,5,6.1,Yes,No,Master,7,0,0,Low,6.4,21,87.3
87.2,4.8,78.6,7,6.5,Yes,Yes,Bachelor,7,3,0,Middle,2.4,19,100
98.3,5,79.7,10,7.8,Yes,Yes,High School,7,6,0,Middle,5.9,18,100
85.9,7.2,76.2,9,5.7,Yes,Yes,High School,7,5,0,Low,1.4,21,100
78.6,2.2,86.2,6,6.5,No,No,High School,5,5,1,High,14.5,19,80.4
82,6.6,52.8,7,7.7,Yes,Yes,High School,10,0,0,Low,8.7,19,90.1
68.2,8.8,48.6,6,8,Yes,Yes,Bachelor,6,3,0,Middle,8.5,18,95.5
88.6,3.8,67.9,7,6.8,Yes,No,Master,5,4,1,High,11.3,20,89
91.7,2.2,37.7,10,6.5,Yes,Yes,High School,7,5,0,Low,22,19,82.8
77,3.8,85.2,9,5.5,Yes,No,Diploma,10,6,0,Middle,2.7,19,100
76.8,4.5,85.1,10,7.6,Yes,No,Diploma,5,6,0,High,0.5,21,100
84.9,5.5,61.9,10,8.5,Yes,Yes,Bachelor,8,3,0,Low,7.8,19,100
77.2,3.4,62.8,8,9.8,Yes,Yes,High School,7,3,0,Middle,0.5,17,91.2
81.3,7.3,67,9,7.4,Yes,No,Master,7,7,0,Low,6.3,22,100
100,2.5,68.7,7,6.9,Yes,No,Bachelor,9,3,0,Middle,12.4,17,84.9
79.3,1.4,69.8,5,6,Yes,No,Master,4,2,0,Middle,15.6,19,68.2
78.1,6.5,75.8,10,4.9,Yes,Yes,Diploma,5,4,0,Middle,0.5,20,100
74.9,0.5,65.6,10,7.2,Yes,Yes,Bachelor,9,7,0,Middle,3.3,21,95.6
90.2,4.1,81.2,7,9.6,Yes,Yes,Bachelor,7,2,0,Middle,9.8,20,100
80,10,74.2,8,8.4,Yes,No,Bachelor,7,3,0,Middle,11.8,20,100
74.9,4.5,59.5,10,8.2,Yes,Yes,High School,8,2,0,Low,12.1,20,100
96.5,2.5,86.7,9,7.3,Yes,Yes,Master,5,6,0,High,15.4,18,100
97.6,4.4,49,5,7.4,Yes,No,Master,9,5,0,Middle,11.6,20,100
75.4,4.4,66.7,8,4.3,Yes,No,High School,9,6,1,Middle,7.4,20,93.9
61.5,4.8,81.5,7,7.8,Yes,Yes,Bachelor,7,7,0,Middle,13.3,18,100
93.1,5.7,57.9,10,6.4,Yes,No,Diploma,8,1,0,High,8.3,18,100
74.5,2.6,72.3,10,6.2,Yes,No,Master,9,2,0,Middle,9.4,20,96
90.7,7.5,75.6,10,6.6,Yes,No,Bachelor,6,3,0,Middle,5.5,22,100
60.3,4.9,56,5,6.6,Yes,No,High School,8,4,1,High,8.8,20,87
91.8,5.8,67,6,6.2,Yes,No,High School,10,5,1,Middle,0.5,20,99.8
68.7,3.4,65.8,10,7,No,No,Diploma,8,3,0,Low,13.2,18,88.7
90,6.8,60.3,6,6.4,Yes,No,High School,7,3,0,Low,3,18,89.4
82.2,4,100,4,7.1,Yes,No,High School,10,6,0,High,3.6,19,100
71.5,5,57.3,9,5.4,Yes,No,Bachelor,7,5,1,Middle,0.5,18,90.5
77.5,2.8,82.1,6,6.8,Yes,No,Bachelor,10,5,0,Middle,3.9,20,97.3
89.5,2.7,62.5,10,5.8,Yes,No,Diploma,6,0,0,Low,3.2,18,92.5
83.2,5.7,52.8,8,6.3,Yes,Yes,Bachelor,9,6,0,Middle,9.1,19,95.1
88.4,3.7,69.4,8,7.2,Yes,Yes,High School,6,4,0,Low,1.5,19,100
100,3,77.1,7,5.2,No,No,Diploma,8,4,0,Low,5.8,18,85.4
64.8,3.3,80.9,10,6.1,Yes,Yes,Bachelor,6,2,0,Middle,4.6,19,98.5
99.8,5.8,89.9,8,7.6,Yes,Yes,Diploma,10,3,0,High,0.5,19,100
83.1,3.4,100,7,5.4,No,No,Diploma,7,2,0,Middle,9.2,18,100
72.1,4.3,71.5,6,9,Yes,Yes,High School,5,0,0,Low,6.9,19,92.6
67.4,4.5,58.7,7,8.3,Yes,No,Bachelor,7,2,0,Middle,8.2,19,86.6
79.9,1,74.3,6,6.5,Yes,No,Bachelor,8,1,0,Middle,12.2,18,89.4
92.1,1.9,64.3,10,6.1,Yes,Yes,Diploma,7,4,0,Middle,8,19,90.8
80.6,5.1,81,4,7.2,Yes,Yes,High School,5,2,0,Middle,6.3,19,89.5
98.6,3.2,49.8,7,5.4,Yes,Yes,Bachelor,9,5,0,Middle,12.6,18,100
66,6.4,100,9,4.8,Yes,Yes,High School,10,1,0,Middle,6.4,20,100
81.9,6.2,80,8,6.5,Yes,Yes,Diploma,4,6,1,Middle,5.5,19,100
68.2,5.8,44.4,6,6.9,Yes,Yes,Diploma,5,6,0,Middle,11.3,19,88.2
86,7.8,58.1,9,7.1,Yes,No,Master,7,2,0,Low,4.1,20,100
91.8,4.4,79.4,6,6.3,Yes,No,Bachelor,6,4,2,Middle,13.8,21,82.4
77.4,5.7,84.5,7,8.4,Yes,No,Bachelor,8,2,0,Middle,8.8,19,100
53.4,3.4,50.2,9,5.4,No,No,Bachelor,10,5,0,Middle,15.8,18,81.5
84.2,8.9,78,8,5.7,Yes,Yes,Bachelor,6,8,0,Middle,7.7,19,100
86.8,8.1,40.7,6,7.5,No,Yes,High School,10,6,1,Low,12.7,20,91.3
86.4,4.5,66.7,10,5.7,Yes,Yes,Bachelor,4,3,0,Low,0.5,19,100
95.6,5.2,83.6,8,5.7,Yes,No,Diploma,8,4,2,Low,14.4,20,94.8
70.2,6.9,60.3,9,7.1,Yes,No,Bachelor,6,7,0,Middle,11.4,20,100
89.5,4.2,46.9,10,5.8,No,Yes,High School,8,5,0,Middle,4.8,22,85.5
95.1,3.3,70,10,6.9,Yes,No,High School,3,6,0,Middle,12.3,21,92.7
62.4,6.1,59.5,10,6.2,Yes,No,Bachelor,4,5,0,Middle,1.7,18,95.7
85.5,4.6,76.8,8,6.1,Yes,No,Diploma,8,4,0,Middle,5.5,19,100
76.5,4.8,55.6,9,4.7,Yes,No,High School,6,4,0,Middle,3.7,19,90
81.1,3,57.2,8,7.2,No,Yes,High School,6,2,0,High,12.6,19,76.9
85.8,1.4,39.7,5,5.6,Yes,Yes,Bachelor,10,2,0,Middle,14.2,21,61.6
76.6,4.9,70.4,8,6.8,No,No,High School,7,2,0,Middle,5.8,19,96.8
74.6,6.1,65.7,8,6.4,Yes,No,Diploma,9,3,0,Low,1.6,20,95.6
82.4,4.1,51.4,9,6.8,Yes,No,Bachelor,5,4,0,Middle,3.1,21,88.1
70,7.1,70.7,7,6.8,Yes,Yes,Diploma,4,4,0,Middle,8.5,18,100
70.1,3.2,82.4,6,7.2,Yes,No,Bachelor,7,4,0,High,8.1,21,93.5
89.5,2.6,65,9,6.2,Yes,No,High School,4,5,0,Middle,6.3,20,89.8
69.4,4.4,71.8,5,8.4,Yes,Yes,Master,6,3,0,Middle,3.9,18,93.3
89.3,4.4,71.8,10,5,Yes,Yes,Bachelor,7,5,0,Middle,16.1,19,100
87.1,5.9,51.1,7,6.8,Yes,No,Diploma,7,6,0,High,4.9,19,99.5
63,3.1,96.8,8,7.9,Yes,Yes,Master,8,5,0,Middle,3.8,18,93.9
74.5,7,61.4,9,7.5,Yes,Yes,Bachelor,8,3,1,Low,13.7,20,94.6
95.1,8,77.2,9,5.9,Yes,Yes,Master,5,6,0,Middle,6.6,22,100
71.2,4.4,78.8,5,6.1,Yes,No,Diploma,5,5,0,Middle,10.6,18,95.6
76.9,6.7,66,9,5.9,Yes,No,Diploma,3,5,0,High,3.6,18,93.8
87.1,2.6,76.5,8,7.7,No,Yes,Bachelor,6,7,0,Middle,10.5,19,100
90.6,6.4,71.4,6,6.2,Yes,No,High School,8,5,1,High,11.7,21,100
79.2,6.4,48.2,6,7.3,Yes,No,Master,10,7,1,Low,2.4,20,100
75.4,6.1,63.3,7,7.3,Yes,Yes,Bachelor,7,4,0,High,5.3,18,94.3
97.6,4.5,59.4,5,9.6,Yes,No,Bachelor,10,3,0,Low,3.5,20,99.8
100,0.5,61.5,10,7.3,Yes,No,Master,8,6,0,Middle,5.4,21,100
92.8,3.3,49.7,10,6.1,Yes,No,Master,7,2,0,Low,16,19,94.1
82.9,3.4,83.8,8,5.4,Yes,No,High School,6,8,0,Low,9.3,18,100
73.1,2.7,90.4,7,6.7,Yes,No,Bachelor,2,7,0,High,17.7,19,93.3
72.9,4.7,81.7,7,6.9,Yes,Yes,Bachelor,9,4,0,Low,15.4,18,100
87.7,3.7,85.8,9,4.6,Yes,Yes,Diploma,7,6,0,Low,13.7,18,100
86.6,3,63.2,10,6.2,No,No,Master,10,5,0,High,15.3,18,100
97.4,2.6,59.1,6,7.3,No,No,Master,5,1,1,Middle,13.8,21,83.4
89.2,3.2,57.1,5,6.4,Yes,No,Bachelor,10,2,0,Middle,16.5,18,81.9
65.5,6.5,77,10,8.1,Yes,Yes,Diploma,7,5,0,Low,10.7,19,100
93.6,3.3,71.2,4,5.3,Yes,Yes,Bachelor,6,4,0,Middle,11.4,17,96.3
71,3.6,66.9,5,7.7,Yes,No,Bachelor,7,7,0,Middle,11.3,19,86.3
77.8,3.7,86.1,7,8,Yes,Yes,High School,7,5,0,Middle,5.8,20,100
84.8,5.1,73.7,4,8.1,Yes,Yes,Diploma,7,1,0,Middle,12.2,18,91.8
100,5.3,56.3,10,5.3,Yes,No,High School,6,3,1,Middle,14.3,22,99.2
100,0.5,58.5,9,7.3,Yes,No,Bachelor,3,5,0,Middle,5,18,83.8
88.7,6.3,77.5,6,6.3,Yes,No,Bachelor,5,0,0,High,3.7,18,95.1
80,7.1,82.6,10,5.5,No,Yes,High School,9,1,2,Middle,5.2,20,100
87.9,2.6,75.7,10,6.5,Yes,Yes,Bachelor,5,3,0,Middle,14.8,22,99.8
91.8,2.7,94.6,7,6,Yes,No,High School,4,6,0,Middle,6.8,22,90.6
78.5,3.7,90.9,7,8,Yes,No,Bachelor,5,4,0,Middle,2.5,20,100
100,3.1,74.2,10,7.6,Yes,No,Bachelor,7,5,0,Middle,2.8,22,99.8
84.5,4.9,56.3,9,5.7,No,No,Bachelor,5,4,0,High,3.5,21,90.2
87.5,1,49.7,8,6.2,Yes,No,Bachelor,6,4,0,Middle,4.4,18,79.5
89.3,2.5,62.6,10,6.6,Yes,Yes,Diploma,5,3,1,Middle,1,21,88.4
86.6,7.3,78.5,8,6.9,Yes,Yes,High School,9,6,0,Middle,11,19,100
91.2,2.8,93.6,6,8.1,Yes,Yes,Bachelor,8,1,0,Low,7.1,19,95.4
75.2,6.7,73.8,8,7.8,Yes,No,Bachelor,10,4,0,Middle,10.7,17,100
75.9,5.1,84.4,10,7.1,Yes,Yes,Diploma,6,6,1,High,0.5,20,100
69.9,1.2,64.6,4,6.7,No,Yes,High School,6,2,0,Middle,13.4,20,67.5
86.8,5.6,76.7,7,5,Yes,No,High School,9,1,0,Middle,7.6,20,100
90.6,4.3,79.5,10,8.4,Yes,Yes,Diploma,8,0,0,Low,10.5,19,100
87,3.7,40.3,6,6.5,Yes,Yes,Diploma,5,5,0,Middle,15.6,18,73.2
100,4.9,62.2,10,8.7,Yes,No,Diploma,8,5,0,Middle,9.8,19,98.1
81.9,5.4,81.3,10,7.2,Yes,No,Bachelor,8,3,0,Middle,18.6,19,100
89.4,5.8,71.8,7,9.2,No,No,Diploma,3,1,0,Low,0.5,20,84.5
70,6.6,51.2,6,7.7,Yes,No,Master,6,4,1,High,6.4,18,90.6
77.7,5.2,34,7,5.4,Yes,Yes,Diploma,7,6,0,Middle,0.5,18,84
89.7,2,62.9,10,6.3,Yes,No,Diploma,10,1,0,Middle,9.6,19,89.8
91.3,3.6,67,10,6.8,Yes,No,High School,8,6,0,Middle,8.4,20,100
78.8,9.8,55.6,8,6,Yes,Yes,Bachelor,6,1,1,Middle,2.5,19,100
81.2,5.8,70,6,6.6,Yes,No,Bachelor,6,2,1,Low,18.9,18,90.8
65.3,8.8,75.1,8,5.5,Yes,Yes,Bachelor,9,4,0,Middle,6.2,19,100
78.1,7,77.4,8,7,Yes,Yes,Master,2,6,0,Middle,0.5,22,100
91.8,4.9,35,5,7.3,Yes,No,Bachelor,5,7,0,Middle,11.4,22,84.1
88.3,5,49.6,8,5.9,Yes,Yes,Master,10,6,0,Middle,11.5,20,100
87.5,4.4,63.7,10,9.1,Yes,Yes,High School,8,7,1,Middle,5.6,20,100
82.5,1.4,76,4,7.1,Yes,Yes,Diploma,5,4,0,High,11.9,18,76.4
82.1,4.5,74.8,9,6.1,Yes,Yes,Diploma,5,3,0,Middle,3.2,19,92.9
74.7,6.7,74.6,10,5.2,Yes,No,Bachelor,9,6,0,Middle,5.9,20,100
89.7,3.4,62.6,6,7.1,Yes,No,Diploma,7,7,0,High,10,20,83.8
86.6,5.2,63.4,10,6.7,Yes,No,Bachelor,7,6,0,Middle,12.6,18,100
87.4,6,57.8,6,7.9,Yes,Yes,Diploma,8,5,0,Middle,6.9,19,100
76.2,2.9,78.8,8,6.8,Yes,No,High School,7,7,0,Middle,5.6,18,100
58.3,3.7,55.1,7,5.7,No,Yes,Diploma,7,5,1,High,7.8,20,79.8
94.1,2.7,79.9,7,8.8,Yes,Yes,High School,4,4,0,Middle,0.5,20,100
76.7,3,70.9,6,7.5,Yes,Yes,High School,5,5,0,Middle,6.6,21,89.8
72.5,2.2,67.4,9,6.7,Yes,Yes,High School,8,5,0,Low,0.5,20,100
89.6,2.9,58.8,9,7.2,Yes,No,High School,8,6,1,Low,3.8,18,91.2
77.7,7.1,49,7,7.5,Yes,No,Bachelor,8,4,0,Middle,0.9,21,99.8
93.7,2.9,58.9,5,5.4,Yes,No,Diploma,6,6,0,Low,10.6,19,89.1
88.8,4.7,63.4,8,7.2,Yes,No,High School,9,6,0,Low,4.3,21,100
89.5,3.6,34.8,8,6.5,Yes,Yes,Diploma,6,4,0,High,14.2,18,79.1
67,6.6,65.2,7,7.6,Yes,No,Master,10,2,1,High,0.5,19,91
95.3,6.9,80.9,10,6.2,Yes,No,Bachelor,6,6,1,Middle,6.8,19,100
84.9,6.1,75.9,4,6.3,Yes,No,Master,6,2,0,Middle,8.4,18,97.1
77.9,5.1,61.1,3,8.8,Yes,Yes,Bachelor,7,2,0,High,10.5,21,88.7
83.6,4.1,68.7,6,8.4,Yes,No,Master,9,4,0,Middle,18.8,19,100
62.5,2.4,60.2,9,4,Yes,No,High School,7,0,2,Low,0.5,18,75.1
86.5,8,70.1,5,8.3,Yes,Yes,Diploma,7,7,0,Low,4.2,18,100
70.7,3.1,89.6,6,6.9,Yes,No,Bachelor,6,4,0,Low,18,20,95.7
67.1,5.7,81.6,9,6.2,Yes,Yes,Master,8,7,0,Middle,3.4,18,100
65.3,6.4,75.3,8,5.9,Yes,Yes,Bachelor,7,8,0,Middle,10.2,19,100
94.2,3.5,61.1,8,6,Yes,No,Bachelor,5,4,0,Middle,3.3,19,85
75.1,6.4,78.5,9,6.3,Yes,Yes,High School,7,7,0,Middle,1,18,100
98.9,5.9,44.4,7,5.8,Yes,No,Diploma,7,2,2,Middle,3.9,18,90.9
76.1,7.6,64.5,7,5.5,Yes,Yes,High School,10,5,0,Low,17.9,19,97.5
63.2,3.7,76.2,9,5.9,Yes,Yes,Diploma,6,3,0,Middle,2.2,19,93.6
69.7,2.2,78.4,5,7.4,Yes,No,Diploma,5,5,0,High,6.5,18,88.6
95.6,3.6,77.4,3,7.1,Yes,Yes,Diploma,8,6,1,High,6.7,18,91.9
80.3,4.9,72.1,7,7.6,Yes,No,Bachelor,5,4,0,Low,12.6,19,100
76,4.6,65.3,9,6.9,Yes,No,High School,5,5,0,Low,13.6,18,94.9
83.8,3.8,75.5,8,5.6,Yes,No,Diploma,4,6,1,Middle,8.5,21,84.7
87.5,1.1,54.7,9,7.5,Yes,No,Diploma,5,4,0,Middle,0.5,20,86.3
94.3,5.3,56.2,3,5.9,Yes,No,Diploma,6,9,0,Middle,3.6,19,100
97.9,8.1,68.9,8,7.7,Yes,No,Diploma,4,4,1,Middle,2,18,100
78,5.3,70.4,9,5.7,No,No,High School,6,7,2,Middle,13.8,21,90.6
67.4,5.6,42.4,5,6.2,No,No,Master,2,6,1,Low,3.4,19,72.8
77.5,5.5,74.4,9,6.6,Yes,Yes,Diploma,8,0,0,High,16.4,21,97.7
84.9,5.2,78.8,7,7.7,Yes,Yes,High School,6,7,0,Low,10,20,98.6
71.4,6.2,66.9,10,7.2,Yes,No,Diploma,6,6,0,Low,13.7,18,100
71.5,5.2,100,3,7,Yes,No,High School,8,4,0,Low,19.3,20,100
85.8,3.9,58.4,10,9.1,Yes,No,High School,8,5,2,High,3.3,19,100
81.5,3.1,62.9,7,5,No,Yes,Diploma,6,5,1,Low,0.5,20,76.6
82.4,4.1,62.5,4,5.9,Yes,No,High School,8,7,1,High,8.9,18,88.8
73.7,5.1,66.9,6,5.8,No,No,Bachelor,10,3,0,Low,12.8,17,96.5
79.5,3.9,63.4,8,5.1,Yes,Yes,Bachelor,5,7,0,Low,4.7,19,89.2
71.8,5.1,48.3,10,6.2,No,No,Diploma,9,2,1,Middle,8.2,18,85.9
91.8,5.3,60.3,10,7.8,Yes,No,Bachelor,5,0,0,High,14.1,19,90.9
93.4,6,66.6,10,6.3,Yes,No,Diploma,9,5,0,Middle,13.6,18,100
61.7,6.8,85.2,6,6.6,Yes,Yes,High School,6,7,0,Low,5.1,21,100
71.8,4.6,98.8,10,5.1,Yes,No,Diploma,5,4,0,High,9.4,18,100
65.5,2.1,86.7,8,6.1,Yes,Yes,Bachelor,9,0,1,Low,3.3,20,82
74.8,3.9,57.1,6,6.5,Yes,No,High School,8,1,0,Middle,0.8,21,91.5
81.1,4.6,58.3,7,7.7,Yes,Yes,Bachelor,6,5,0,Middle,14.8,18,93.8
66.1,1.2,65.8,6,5.2,Yes,No,Bachelor,7,4,2,Low,0.5,19,77.8
71.9,7,93,8,6.5,Yes,Yes,Master,6,7,2,Middle,9,20,100
71,4.8,65.7,6,8.2,No,No,High School,4,4,0,Middle,6.1,20,82.1
84.3,5.2,49.4,5,6.5,Yes,No,High School,7,3,1,High,10.7,18,73.8
82.8,7,61,8,4.7,Yes,No,High School,6,5,1,Middle,4.6,18,95.5
74.1,3.4,78.6,9,8.4,Yes,Yes,Master,5,6,1,Middle,13.7,18,100
83.9,5.5,77.7,7,7.8,Yes,Yes,Bachelor,10,7,0,Middle,6.9,19,100
76,4.3,65.2,10,8,No,Yes,Bachelor,5,4,0,Middle,15.3,18,100
79,4.2,77.6,7,5.1,Yes,Yes,Bachelor,7,4,0,Middle,9.1,19,100
100,3.1,36.2,7,8.7,Yes,Yes,Bachelor,9,6,0,Low,2.8,19,94.2
96.7,7.5,69.5,9,6.1,Yes,No,Diploma,6,3,1,Middle,10.7,20,100
67.7,3.8,80,7,6.4,No,No,Bachelor,6,5,0,Middle,10.1,20,97.5
91.1,5.8,56.3,8,6.2,Yes,Yes,Bachelor,8,4,1,Middle,7.5,20,91.7
90.9,1.1,56.3,2,8,Yes,Yes,Diploma,8,4,0,Low,4.3,18,81.2
69.4,6.6,41.9,8,6.8,Yes,No,Diploma,9,4,0,Middle,12.3,22,92.4
91,6.4,90.3,4,7.5,Yes,Yes,Bachelor,10,4,0,High,3.2,19,100
98.9,4.7,57.9,5,7.1,Yes,No,High School,6,8,0,Middle,3.7,21,95.8
69.7,4.1,71.4,5,6.9,No,Yes,Master,7,3,0,Middle,10.6,20,88.3
71.9,5.2,76.5,5,6,Yes,Yes,Diploma,4,3,1,Low,6.9,19,86.5
93.2,8.6,89.2,6,9,Yes,Yes,Diploma,8,7,0,Middle,0.5,20,100
85,1.3,65.8,7,5.4,No,Yes,Bachelor,7,5,0,Middle,3.2,18,95.4
88.1,5.9,60.4,9,7.5,Yes,No,Bachelor,7,6,1,Middle,10,18,97.4
85.7,2.9,70.4,8,7.4,Yes,Yes,Diploma,6,2,1,Low,6.7,18,81.1
86.3,4.5,86,4,8.3,Yes,No,Master,6,4,0,Middle,7.5,21,100
67.4,4.1,65.6,8,8.5,Yes,Yes,Master,7,6,0,High,9.3,21,94.6
93.5,3.7,54.6,8,6.8,Yes,No,Bachelor,5,3,0,Low,10.3,20,90.8
94.9,4.5,46.4,7,7.6,Yes,No,Bachelor,6,5,0,Low,8.6,21,95.3
79.5,2.5,50.9,7,8.9,Yes,No,Bachelor,7,4,0,High,0.5,22,88.7
81.5,6.4,80.1,8,6.9,Yes,Yes,Diploma,4,3,0,Middle,7.7,19,100
65.2,1.3,63.5,9,5.8,No,No,Master,5,6,0,Middle,5.4,18,71.9
87.7,5.5,59.5,4,6.6,Yes,No,High School,6,6,0,Low,8.2,20,94.1
88.3,3.9,58,7,5.6,Yes,Yes,High School,10,4,0,Low,13.3,19,92.7
81.3,2.4,69.2,10,7.4,Yes,No,Master,5,5,0,Middle,2.6,19,100
94.4,4.9,64.6,10,8.2,No,No,High School,7,7,0,Middle,8.4,20,100
78.3,1.7,64.2,9,6.9,Yes,Yes,Bachelor,5,3,1,Middle,10.4,18,75.9
88.2,4.6,86.9,9,5.2,Yes,No,High School,5,5,1,Middle,6.5,18,100
70.8,1.9,89.5,10,8.1,Yes,Yes,Master,4,3,0,Middle,1.5,20,92.2
81.7,5.3,45.5,10,5,Yes,Yes,Bachelor,8,2,0,Middle,2,18,97.9
80.1,2.8,72.6,7,5.3,Yes,No,Master,4,3,0,High,7.8,19,96.2
84.5,3.7,57.1,6,6.8,Yes,No,Master,9,2,0,Middle,4.9,19,99.7
77.9,5,64.5,7,7.3,Yes,Yes,High School,8,5,0,Low,0.5,20,95.8
80.6,3.1,72.3,10,7.5,Yes,No,Diploma,7,2,0,Low,4,18,99.8
91.1,4.4,65,4,6.9,No,No,Bachelor,9,1,0,Middle,1.5,20,95.6
77.2,1.8,71.2,7,8.9,No,No,Bachelor,10,5,1,High,11.7,21,93.9
64.3,5.6,77.4,5,7.1,Yes,Yes,High School,8,5,0,Low,0.6,21,87.9
100,7.7,72.1,8,8.1,Yes,Yes,Master,5,3,0,High,15.1,21,100
97.2,9.5,58.9,5,7.9,Yes,No,High School,10,5,1,Low,18.8,21,100
67.8,4.7,59.2,7,5.6,Yes,No,Master,7,2,0,Low,4.3,19,85.8
89.6,5.9,47.8,4,6.8,Yes,No,Bachelor,10,3,0,High,4.9,20,87.8
76.5,1.3,56,9,9.3,Yes,No,Bachelor,6,5,1,Low,12.7,19,82.5
84.9,7.2,95.5,10,6.4,Yes,Yes,Diploma,10,6,0,Middle,13.4,18,100
85.2,5.9,56.9,7,6.3,Yes,No,High School,7,3,0,Middle,5.5,20,95.8
79.4,3.6,51.3,7,7.2,Yes,Yes,Diploma,10,3,0,Low,5.8,18,91.1
73.4,6.7,72.5,7,6.5,No,Yes,Diploma,6,6,0,Middle,5.8,18,100
74.4,4,66.5,8,6.1,Yes,Yes,Diploma,10,5,0,High,3.7,20,100
71.9,3.7,65.3,7,6.5,Yes,No,Bachelor,8,4,0,Middle,12.6,19,78.1
72.8,5.4,87.7,9,8.6,No,Yes,Diploma,9,6,0,Middle,8.8,19,100
81.3,2.6,75.7,10,6.8,Yes,Yes,Diploma,10,8,1,Middle,4.4,21,100
74.1,6.3,60.6,6,5.5,Yes,Yes,Master,5,5,0,Low,8.3,18,93.4
89.5,2.6,62.1,7,5.3,Yes,Yes,Bachelor,9,3,0,Middle,6.1,20,84.5
98.4,2.6,61,9,9.4,Yes,No,High School,6,5,2,Middle,20.5,19,92.8
75.6,2.9,80.2,5,6.8,Yes,No,Bachelor,7,2,0,Middle,6.8,21,99.1
84.6,5.9,63.7,4,7.5,Yes,Yes,Master,7,6,0,Middle,11.7,19,98.9
87.5,3.4,42.9,8,6.2,No,Yes,Master,8,3,0,Low,10.2,19,85
87.2,2.1,67.3,8,7.4,Yes,No,Bachelor,8,4,0,Middle,7.2,19,100
82.8,3.4,46.5,6,8.6,Yes,No,Bachelor,6,2,0,High,10.2,21,77.2
90.2,4.4,98.6,6,6.3,Yes,No,Diploma,7,4,0,Low,9.1,17,100
87.3,2.4,54.5,6,7.5,Yes,Yes,Bachelor,2,4,0,Middle,20.4,20,88.1
68.4,2.4,65.7,6,5.5,Yes,No,Bachelor,9,5,0,Middle,7.5,18,83.6
91.6,8.3,71.6,9,9.2,Yes,No,Diploma,10,4,0,Middle,0.5,21,100
91.8,3,64,5,7.3,No,No,Diploma,7,4,0,Middle,18.9,19,86.8
73.6,3.9,63.9,7,6.5,Yes,Yes,Diploma,4,3,0,Middle,5.5,19,80.7
82.4,3.8,73.9,6,6.7,Yes,Yes,Bachelor,8,3,0,Middle,8.4,20,94.5
89.5,3.7,89.4,5,6.4,Yes,No,Diploma,5,1,0,Middle,5.3,20,94
79.7,5.6,78.7,9,6.5,Yes,Yes,Bachelor,7,7,0,Middle,5,20,100
93.8,6.2,88.7,6,4.3,Yes,Yes,Master,8,4,2,Low,2.4,19,96.5
100,3.9,53.3,8,6.9,Yes,No,Diploma,8,7,2,Middle,0.5,20,94
73.4,2.3,72.4,4,6.8,Yes,No,Master,9,4,0,Middle,4.4,18,79.3
66.8,6.8,70.2,6,7.5,Yes,No,Diploma,7,0,0,Middle,10.6,22,94.8
85.3,4.3,72.9,9,6.4,Yes,No,High School,7,3,1,Low,0.5,19,99.6
89.9,7.6,87.3,10,6.2,Yes,No,High School,8,4,2,Middle,10.5,19,100
79.5,0.5,64.9,4,7,Yes,No,Diploma,7,4,0,Middle,19.6,21,75.7
98,4.9,62.3,7,5.2,Yes,No,Diploma,6,5,0,Low,9.4,19,88.6
67.3,8,75.5,8,7.2,No,No,Bachelor,8,4,0,Low,1.1,22,100
89.6,3.9,43.1,6,5,Yes,No,Bachelor,5,3,0,Low,10,20,75
75.3,4.1,64.7,9,8.2,No,Yes,Master,7,2,0,High,12.8,20,97.3
100,5,66.1,6,7.8,Yes,No,Bachelor,4,3,0,Middle,14.5,18,87
100,3.5,55.1,8,6,Yes,Yes,Diploma,6,5,0,High,8.9,20,100
73.6,3.9,82.8,6,7.7,Yes,No,Diploma,6,6,0,Low,11,18,100
76,3.9,53.1,10,7.1,Yes,Yes,Bachelor,5,3,0,Middle,12.3,20,88.7
91.5,3.4,66.1,6,5.9,Yes,No,Bachelor,9,6,0,Low,11,18,87.9
77.7,6.7,72.1,7,4.8,Yes,Yes,Diploma,9,5,0,Low,9.6,19,91.2
81.5,5.3,86.9,9,7.3,Yes,No,Master,10,2,0,Middle,4.8,19,100
82.3,5,67.9,5,6.1,Yes,Yes,Bachelor,7,4,0,Middle,12.8,20,100
60.9,6,81.1,8,8.2,Yes,Yes,Bachelor,6,5,0,Low,5.3,20,100
81.8,4,77.8,4,7,Yes,No,Bachelor,9,2,0,Middle,21,20,84.3
74.4,3.1,69.7,5,6.2,Yes,Yes,Diploma,7,1,0,Low,4.8,18,76.7
76.6,3.4,52.7,8,9,No,Yes,Bachelor,7,5,0,Middle,12,18,96.7
97.9,4.5,47.9,6,7.6,Yes,No,High School,2,3,0,Middle,1.6,19,86.4
68.2,2.6,69.5,6,4,Yes,No,Bachelor,9,7,0,Middle,5.6,17,83.4
90.9,3.6,60.4,8,6.5,Yes,Yes,Diploma,8,7,0,Middle,5.1,21,100
78.9,3.6,80.9,6,5.5,Yes,Yes,High School,7,5,0,Middle,1.2,19,100
78.9,8.3,78.4,9,6.1,Yes,No,Diploma,9,6,0,Middle,5.1,18,100
90.7,0.5,65.4,8,6.8,Yes,Yes,Diploma,8,2,0,Middle,9.8,21,83.3
85.7,4.2,51.8,8,7.4,Yes,Yes,High School,6,1,0,Middle,6.8,22,94
88.3,7.6,75.2,10,7.3,Yes,No,Bachelor,7,4,0,Middle,14,20,100
92.7,4.7,53.7,8,8.2,Yes,Yes,Diploma,5,1,0,Middle,3.3,19,92.2
78.4,5.9,57.4,10,7.7,Yes,No,Diploma,10,5,0,Low,11.5,19,100
75.3,4.7,54.3,9,7.6,Yes,No,Bachelor,9,2,0,High,5,18,100
70.1,3.3,66.1,6,7.2,Yes,No,Bachelor,5,4,1,Middle,13.6,20,83.5
72.9,0.5,84.4,10,8.4,Yes,No,High School,8,4,2,Middle,11.9,19,83
100,4.9,67.9,8,6.7,Yes,No,Bachelor,8,5,1,High,13.1,18,97.8
95.7,3.1,61.8,7,6.7,Yes,No,Diploma,6,5,0,High,7.2,18,85.3
67.1,3.1,46.6,8,4.9,Yes,No,Master,7,3,0,Middle,14.6,20,84.8
67.5,3.6,75.7,10,8.2,Yes,Yes,Bachelor,9,1,0,Middle,0.5,19,91.6
87.3,7.6,57.1,8,6.9,Yes,Yes,High School,9,4,0,Middle,10.2,18,100
88,8.8,69.6,10,10,Yes,No,Diploma,10,1,0,Low,8.7,19,100
88,4.9,63,10,6.6,Yes,Yes,Bachelor,7,6,0,Middle,12.2,18,100
79.2,3.7,79.7,9,7.1,Yes,Yes,High School,7,5,0,Middle,7.6,18,95.6
80.6,2.4,65.8,5,7.6,Yes,No,Master,8,6,1,Middle,3.1,18,91.1
85.6,5.3,67.2,7,5.8,Yes,No,High School,7,2,0,Middle,2.5,20,86.1
82.9,7.7,74.8,8,7.4,Yes,Yes,High School,6,5,0,Middle,7.9,21,100
57.6,4.1,97.5,9,7,No,Yes,High School,5,3,0,Low,6.7,21,100
79.5,0.5,80.4,9,6.7,Yes,Yes,Bachelor,0,4,1,Middle,12.3,19,83
72.6,5.7,66.8,8,8.3,No,No,Diploma,8,2,1,Middle,12.8,22,92.3
83.9,6.3,68,8,6,Yes,No,High School,4,4,0,Middle,8.2,18,100
100,1.6,60.7,9,7.3,Yes,Yes,Master,5,1,0,High,8.1,20,87.7
86,4.8,54.7,6,8.6,Yes,No,High School,8,4,0,Middle,13.3,20,98
78.6,5.3,60.3,10,6.2,Yes,Yes,Diploma,6,1,0,Middle,6.8,18,96
92.1,4.4,57.2,3,6.7,Yes,No,High School,10,7,0,Middle,7,19,84.4
87.3,3.1,77.1,10,9.6,Yes,Yes,Master,4,4,0,Middle,1.4,22,100
86.6,6.3,53,7,7.5,Yes,No,Bachelor,10,4,0,Middle,12.4,20,100
88.7,3.8,86.7,10,6.4,No,Yes,Bachelor,10,5,0,Low,7.6,18,100
100,1.8,78.5,8,7.9,Yes,Yes,High School,9,1,0,Middle,13.7,19,98.1
69.6,0.8,68.3,8,6.4,No,Yes,Bachelor,10,2,0,Middle,2,20,80.6
87.2,6.8,68,9,5.3,Yes,Yes,Bachelor,8,5,0,High,5.5,22,100
71.8,5.6,60.2,9,8.5,Yes,No,Diploma,4,4,0,Middle,12.7,20,98.6
88.1,4.7,71.8,7,5.8,Yes,No,Diploma,8,3,0,High,9.6,20,100
71.9,3.7,83.2,10,9.7,Yes,No,Master,4,5,0,Low,2.1,21,100
77.4,3.5,58.2,5,6.5,Yes,Yes,High School,6,5,1,Middle,12.6,20,77.7
78.8,2.6,46.5,7,9.3,Yes,Yes,Bachelor,7,5,0,High,1.5,21,84.2
92.7,3.7,77.8,9,5.5,No,Yes,Diploma,5,5,0,Middle,12.1,19,100
92.1,0.7,72.5,9,8.1,Yes,Yes,Bachelor,9,3,0,Middle,3.1,20,100
68.3,3.2,52.3,8,7.5,Yes,Yes,High School,7,4,0,Middle,14.1,20,79.5
82.6,3.9,57.7,7,7.9,Yes,No,High School,8,0,0,High,8.6,19,85.8
74.2,5.6,56,9,8.1,Yes,Yes,Bachelor,7,3,0,High,9.7,19,99.7
68.2,4.4,57.9,6,6.5,Yes,No,Master,7,4,0,Middle,7.6,21,86.4
79.6,5.9,63.5,10,5.6,Yes,No,Master,5,5,0,Middle,8.4,18,100
78.6,6.9,64.3,7,6.9,Yes,Yes,High School,5,5,0,High,8.4,18,93
100,6.4,58.9,4,7.2,No,No,High School,7,2,1,Middle,11.5,20,81.6
86.8,5.3,57.4,5,6.5,No,Yes,Bachelor,5,2,0,Middle,7.7,19,93
66.8,4.5,64.8,8,7.3,Yes,Yes,Diploma,10,7,0,High,15.3,18,100
75.8,2.7,70.3,8,7.4,Yes,Yes,Bachelor,4,3,0,Middle,4.3,21,90.6
93.2,5.8,63.6,10,6,Yes,No,Bachelor,10,4,0,Middle,12.3,19,100
100,7.5,84.2,5,7.4,Yes,Yes,Bachelor,8,6,0,Middle,10.8,18,100
64.6,5.1,75.1,8,6.7,Yes,No,Bachelor,7,4,0,Low,14.2,17,96.4
61.3,8,45.7,5,6.2,Yes,Yes,High School,6,4,0,High,8.6,21,88.2
100,1.8,75.3,7,7.9,Yes,Yes,Bachelor,8,3,0,Middle,9.6,19,97.6
86.3,2.4,76.5,10,6.1,Yes,Yes,Diploma,7,3,0,Middle,9.6,18,100
72.4,6,61.9,5,6.5,Yes,No,Bachelor,8,4,0,Middle,1.9,19,98.8
87.9,5,47.1,9,7.1,Yes,No,High School,9,0,0,Middle,10,19,94.7
53,6.9,68.1,8,8.5,Yes,No,Diploma,8,3,0,Middle,24.3,22,96.9
82,4.5,67.9,7,7.2,Yes,Yes,Master,9,5,0,Middle,16,21,100
85.6,2.9,52.3,9,7.6,Yes,Yes,Bachelor,8,5,0,Middle,4.1,18,97.6
92.2,4.1,47.7,5,6.7,Yes,No,Master,5,7,0,Middle,0.5,20,97.2
70.8,1.7,66.8,10,6.9,Yes,Yes,Bachelor,3,6,0,Low,8.3,19,87.9
82.9,2.5,64.7,10,6.9,Yes,Yes,Master,7,5,0,High,13.4,19,96.2
71.8,6.3,62.2,8,7.3,Yes,Yes,Diploma,7,4,0,Middle,7.8,19,100
84.8,6.1,66.8,10,6.7,Yes,No,High School,10,3,0,Low,17.4,20,100
72.2,5.2,52.6,7,8.5,Yes,No,Bachelor,7,5,0,Middle,4.1,19,92.8
77.5,1.4,61.9,8,6.6,Yes,Yes,Bachelor,8,5,0,Low,9.1,20,90.1
71,3.9,75.5,10,5.1,Yes,No,Bachelor,9,3,0,Middle,7.5,18,93.3
89.2,2.3,63.1,7,10,Yes,No,Bachelor,8,2,0,Middle,11.7,19,91.6
91.4,6.6,44.6,5,6.6,Yes,Yes,Master,9,4,0,Low,12,21,100
79.4,3.4,61.4,4,8.4,Yes,Yes,High School,5,6,0,Low,13.9,17,88.3
82.4,2.5,53,10,8.5,Yes,No,Bachelor,5,4,0,Low,7.4,20,86
66.1,4.6,71.7,6,8,Yes,No,High School,6,4,0,High,14.3,20,87.3
78.7,3.3,72.5,7,6.8,Yes,Yes,High School,3,5,0,Middle,9.7,19,83.2
81.4,7.2,44.8,5,7.3,Yes,No,Diploma,7,5,0,Middle,14.8,21,100
100,3.2,78.6,9,5.6,Yes,No,Bachelor,6,4,0,Middle,15.5,20,95.6
69.8,2,52.4,6,9.2,Yes,No,Bachelor,8,4,0,Middle,8.1,20,68
98.1,0.6,89.8,7,6.1,No,Yes,Master,6,3,0,Middle,4.6,18,88.1
93,4.4,67.3,8,6.7,Yes,Yes,High School,5,6,1,Middle,9,20,98
85.1,3.5,50.6,5,7.1,Yes,No,Diploma,10,3,1,Low,13,21,77.3
100,1.9,52,7,6.9,Yes,No,High School,7,7,0,Middle,0.5,20,92.3
86.1,6.6,72.9,10,6.3,Yes,Yes,High School,9,4,0,High,5.5,19,100
86.3,5.7,62.5,8,8.5,No,No,Diploma,7,4,0,Low,11.4,20,95.2
81.4,4.4,66.6,8,8,Yes,No,High School,8,6,0,Low,0.5,22,96
95.5,7,90.6,8,7.4,Yes,No,Diploma,4,3,0,Low,2.8,17,100
94.1,5.7,58.2,7,6.6,Yes,Yes,High School,10,5,1,Middle,4.9,20,100
75.1,3,68.8,10,8.2,Yes,No,Diploma,9,4,0,Middle,7.6,20,83.7
67.5,2.6,87.9,6,6.5,Yes,No,Master,7,5,0,Low,6.4,20,85.4
79.8,6,71.8,8,8.7,Yes,Yes,Bachelor,8,3,0,Middle,6.5,18,96.2
73.2,5.2,45.5,8,7.1,Yes,Yes,Bachelor,9,3,0,Low,1.3,21,90.4
81.3,4.8,75.1,10,8.4,Yes,Yes,Bachelor,6,0,0,Low,16.8,21,100
95.6,3,51.7,10,6.9,Yes,No,Diploma,4,3,0,Middle,5,20,89.2
77,5.6,87.7,7,7.1,Yes,Yes,Bachelor,6,3,0,Middle,0.5,19,100
81.5,3.1,56.5,8,8.3,Yes,No,Bachelor,7,3,0,High,13.7,19,95.5
82.6,4.3,100,8,9.4,Yes,No,High School,7,4,0,Middle,4.1,19,100
91.3,7.1,88.5,3,8.7,Yes,No,Master,10,4,0,Low,1.9,20,100
57.3,3.3,56.8,4,8,Yes,No,Diploma,5,5,0,Middle,11.4,20,71.2
75.3,1.7,68.3,6,7.6,Yes,No,High School,5,5,0,Middle,5.4,18,79.7
84.3,2.6,78.6,6,6.4,Yes,Yes,Bachelor,5,5,0,Low,8.8,18,90.8
95.2,6.3,79,5,7.3,Yes,No,Bachelor,8,5,0,Middle,4.8,18,100
76.6,5,74.2,9,6,Yes,Yes,Bachelor,4,5,0,Low,5.7,20,100
61.4,4.3,85.5,8,7.4,Yes,Yes,High School,8,4,0,High,3,19,96.4
88.8,3.6,66.3,7,7.5,Yes,Yes,Diploma,5,6,0,High,1.9,17,90.9
75,5.4,62.9,5,4.8,Yes,No,Diploma,5,5,1,Middle,25.4,19,83.9
68.9,3,63.1,7,7,Yes,Yes,Master,10,1,0,Low,3.9,21,92
75.1,5.1,80,2,7.5,No,No,Bachelor,9,4,0,Middle,0.7,18,100
80,3.2,73.1,7,6.9,Yes,No,Bachelor,7,0,0,Middle,13.7,20,89.9
75.3,2.9,72.1,8,7.4,Yes,Yes,High School,4,0,0,Middle,9.3,19,80.6
57.7,3.4,79.1,8,5.5,Yes,No,Diploma,10,3,0,High,8.1,19,95.6
91.9,3.8,39.3,4,6.1,Yes,No,Diploma,7,4,0,Middle,5.6,19,79
96,4.4,72.3,8,8.1,Yes,Yes,Diploma,7,3,0,High,6,19,97.4
89.2,4.9,71.1,5,7,Yes,No,High School,9,0,0,High,6.5,18,93.3
69.5,0.5,91.4,6,7.4,Yes,No,Bachelor,3,6,0,Middle,13.7,19,88.4
79.8,3,46.6,9,6.4,Yes,Yes,Diploma,6,3,2,Middle,6.8,19,87.2
81.9,3.8,89.8,10,7,Yes,Yes,Bachelor,7,5,0,Middle,13.7,18,100
88.6,7.2,69.1,8,4.5,Yes,No,High School,7,3,0,Middle,7.7,21,97.5
89.4,2.6,74.8,6,7.9,Yes,No,Diploma,4,3,0,Middle,7,20,79.7
73.9,4.8,91.5,8,9,Yes,Yes,Bachelor,8,5,0,Middle,2.9,19,100
82.9,7.2,75.9,9,5.8,Yes,Yes,Bachelor,7,3,0,Middle,18.7,19,100
87,2.1,73.6,9,6,Yes,No,Bachelor,10,4,0,Middle,8.1,22,100
98,5.2,71.4,10,7.5,Yes,Yes,Bachelor,9,5,0,High,8,18,100
89.7,3.1,61.2,6,8.6,Yes,No,Master,6,1,0,Low,17.3,22,85.1
90.7,3.6,67.6,8,7,Yes,No,High School,7,5,2,Middle,10.1,20,98.2
82.9,3.1,58,10,5.6,Yes,No,Diploma,9,2,0,High,10.6,19,94.5
97.5,3.2,67.4,10,6.8,Yes,Yes,Bachelor,8,2,0,Low,8.3,22,98.7
86.5,9.4,35.3,4,5.9,Yes,No,Master,4,3,0,High,4.1,19,96.8
72.5,6,74,7,6.3,Yes,Yes,Bachelor,10,6,0,Middle,14.1,18,100
97.4,6.5,66.3,10,6.7,Yes,Yes,Diploma,5,1,0,High,0.9,19,100
89.7,5.4,63.3,10,6,Yes,No,High School,10,5,0,High,3.1,20,100
77.1,1.6,71.1,9,6.1,Yes,No,Diploma,8,5,1,Middle,4.1,19,91.6
76.7,5.2,47.9,7,7.1,Yes,No,Diploma,6,4,0,Low,9.3,18,92.1
85.3,6.4,95,5,7.2,Yes,No,Bachelor,2,4,0,Middle,7.9,20,100
87.1,3,66.6,10,5.4,Yes,Yes,Diploma,9,3,0,Low,0.5,18,100
84.2,6.2,66,9,7.4,Yes,Yes,Diploma,4,5,0,High,19.6,17,100
85.4,5.8,54.5,6,6.6,Yes,No,High School,8,3,1,Middle,11.8,18,87
100,7.8,68.3,7,7.8,Yes,Yes,High School,10,1,0,Low,5.5,20,100
93.8,3.7,87.4,8,7.9,Yes,No,Diploma,5,4,0,Middle,10.2,22,100
84.1,2.5,82.5,9,6.4,Yes,No,Diploma,8,6,1,Low,10.2,20,93.9
92.4,3.8,80,6,7.7,Yes,No,Bachelor,5,5,0,Middle,6.3,19,94.5
70.6,7.1,75.6,6,6.1,Yes,No,Bachelor,9,8,0,Middle,10,19,100
86.4,1.2,63,4,8.5,Yes,Yes,High School,7,3,0,Low,10,18,90.9
100,0.8,47.7,10,6.1,Yes,Yes,Diploma,7,4,0,Middle,13.5,21,90.3
79.6,4.7,65.2,7,7.4,Yes,Yes,Master,9,4,0,Low,8.3,20,100
72.7,3.7,64.7,8,6.8,Yes,Yes,Diploma,8,2,2,Middle,9.6,18,75.8
74.8,4.5,82.7,10,5.9,Yes,Yes,Bachelor,5,3,0,Low,7,19,97.4
70,6.2,72.3,8,8,Yes,Yes,Diploma,10,2,0,High,5.8,19,100
73.4,3.5,90.6,7,6.3,Yes,No,Diploma,4,0,0,Middle,4.2,20,89.1
77.9,1.1,84.8,8,5.1,Yes,Yes,High School,8,3,1,Middle,4,21,100
66.5,8.2,61.6,8,4,Yes,No,High School,5,4,1,Middle,5.7,18,94.8
82.2,2.7,42.9,10,6,Yes,Yes,High School,4,5,0,Middle,6.8,21,82.9
91.9,2.6,87.4,8,8.5,Yes,Yes,Bachelor,5,3,0,Middle,13,18,99.8
72,6.5,87,6,8.4,Yes,Yes,Diploma,7,3,0,Low,6.1,18,100
98.7,3.8,48.9,10,6.2,Yes,Yes,Master,8,6,1,Low,6.3,17,90.4
87.6,4.4,89.1,10,6.6,Yes,No,Bachelor,9,1,0,Low,6.5,18,100
93.3,5.4,73.3,5,6.5,Yes,No,Bachelor,10,4,0,Middle,7.8,18,100
74.8,6.5,70.2,10,5.5,Yes,No,Bachelor,8,6,0,Low,16.5,18,100
91.4,3.9,90.6,8,6,Yes,No,High School,6,3,0,Middle,6.1,21,100
70,7.2,86.8,8,8.1,Yes,No,Bachelor,9,1,2,Low,10.8,19,100
91.8,0.7,77.1,10,7.6,Yes,No,Master,6,7,0,Middle,9.7,19,100
83.9,5.9,74.6,6,7.3,Yes,No,High School,4,6,0,High,8.3,19,100
88.1,3,76.6,9,5.5,Yes,Yes,Diploma,9,6,0,Low,3.2,22,100
69.1,7,62.4,7,7.1,No,No,High School,10,4,1,Low,10.6,19,89.3
72.2,4.8,67.2,5,4.5,Yes,No,Bachelor,5,5,0,Middle,0.5,18,79.8
88.6,3.3,55.4,6,7.9,No,No,High School,10,0,0,Middle,2.9,22,85.7
71.6,5.7,63.3,9,7.3,Yes,No,Diploma,8,3,0,Low,5.3,19,93
87.1,6.1,62.9,6,5.5,Yes,Yes,Bachelor,8,6,1,Low,6.9,19,99.2
67,5.7,59.1,10,8.8,Yes,No,High School,6,1,0,High,8.4,19,95.1
91.3,2.6,69.9,10,5,Yes,No,Bachelor,9,3,0,Middle,15,18,100
68.4,3.6,63.5,10,7.6,Yes,No,High School,4,5,1,High,11.2,19,82.2
88.1,4.5,75,8,7.6,Yes,No,High School,6,2,0,Middle,8.8,20,92.9
88.9,4.4,45.3,8,5.6,Yes,Yes,Diploma,6,4,0,High,6.3,19,88.1
74.3,5.8,66.4,5,7,Yes,Yes,Bachelor,4,5,0,High,6.4,21,95.8
88.4,0.9,69.8,9,5.2,No,No,Master,9,5,0,High,2.3,19,95.5
84.9,5.1,63.7,8,4,Yes,Yes,High School,8,3,2,Low,0.5,19,100
76.1,4,65.6,9,5.8,Yes,No,High School,9,2,0,Middle,1.6,18,80.8
70.9,3,45.8,10,6.3,Yes,No,Bachelor,6,5,1,Middle,13.9,18,87.7
60.4,3.2,73,6,7.7,Yes,Yes,Bachelor,9,5,0,Middle,4.4,19,98.4
85.8,4.1,77.1,7,7.1,Yes,Yes,High School,7,5,0,Middle,5.4,22,96
64.8,0.5,74.9,8,7.1,Yes,No,Bachelor,6,4,1,Middle,13.1,19,77.8
83,3.2,82.5,6,5.9,Yes,Yes,Master,6,5,1,High,0.5,19,100
79.1,2.9,70.8,7,6.4,Yes,Yes,High School,3,6,0,High,5.1,18,87.4
89.5,5.5,74.7,8,6,Yes,No,High School,9,5,0,High,2.5,18,100
78.7,3.1,70.2,7,5.7,Yes,No,Diploma,9,4,0,Middle,9.5,20,92.2
78.4,4.1,77.6,10,6.3,Yes,No,Bachelor,10,3,0,Middle,10.8,19,100
90.1,7.3,45.9,4,7.1,Yes,No,High School,6,7,1,Middle,10.9,18,96.8
85.7,6.3,55.5,10,6.4,Yes,No,Bachelor,6,2,0,Middle,15.5,21,100
85.5,6.1,90.2,9,6.6,Yes,No,Bachelor,4,4,0,High,10.8,19,100
87.2,3.6,33.6,6,7.8,Yes,No,Bachelor,9,3,0,High,9.2,19,72.2
65.1,5.5,66,6,6.4,Yes,No,High School,8,0,0,Middle,20.2,20,83
90.3,4.1,84.4,3,5.5,Yes,Yes,Master,10,5,0,High,0.5,18,100
88.7,4.1,66.7,6,7.6,No,Yes,Diploma,5,4,0,Middle,19,19,94.3
70.8,5.2,62.3,10,7.3,Yes,No,Diploma,8,4,0,Middle,16.7,19,93.3
79.3,3.4,69.8,7,7.4,Yes,Yes,Master,6,4,0,High,7.3,20,89.8
81.6,7.2,63.1,10,7.7,Yes,Yes,Master,10,6,0,Middle,4.5,19,100
80.5,4.2,68.4,6,7.5,Yes,No,Diploma,8,6,0,Low,4.7,21,99.4
85.7,5.6,58.4,9,7,Yes,Yes,Diploma,4,2,0,Middle,6.6,20,100
97.7,7.1,83.5,6,9.6,Yes,Yes,High School,7,8,0,Middle,14,20,100
93.9,6.4,87.9,6,5.6,Yes,Yes,Master,3,4,1,Low,0.5,22,99
67.6,2,66.1,7,6.4,Yes,No,Bachelor,5,5,0,Middle,18,21,82.2
88.8,5.3,48.6,6,8.1,Yes,No,Diploma,5,4,0,High,8,19,85.5
96.6,6,60.7,4,7.2,Yes,No,Bachelor,6,4,0,High,13.9,20,91.7
86.3,6.1,65.4,7,7.8,Yes,No,Bachelor,6,5,2,Middle,1.9,21,96.4
94,2.5,75.1,8,7.2,Yes,No,High School,7,7,0,Middle,11.6,19,96
100,3.3,53.9,10,8.5,Yes,No,Bachelor,7,6,0,Low,9.9,20,94.9
93.3,6.3,57.2,9,5.9,Yes,Yes,Diploma,7,4,1,Middle,10.8,18,100
84.7,3.1,75.1,10,8.5,Yes,No,Bachelor,8,4,1,Middle,4.5,20,91.6
93.5,4,81.1,9,8.3,Yes,Yes,High School,5,3,1,Middle,6.1,20,98.7
83.6,7.3,59.3,8,5.7,Yes,Yes,Bachelor,7,5,0,Middle,1.8,21,100
82.3,4.4,49.3,5,7.7,Yes,No,Diploma,10,5,0,Low,11.8,20,95.3
78.1,3.2,100,8,7,Yes,Yes,High School,7,3,0,High,14.7,21,100
99.2,2.9,79,9,6.3,Yes,No,High School,8,7,0,Middle,9.4,18,100
73,5.1,64.3,10,4.9,Yes,Yes,Bachelor,8,6,0,Middle,0.5,20,98.6
98.9,2.1,80.2,9,5.9,Yes,Yes,High School,9,8,0,Low,14.8,22,100
87.5,4.1,66.3,10,7.8,Yes,Yes,Bachelor,8,2,0,Middle,8.6,20,96.9
66.6,5.1,80.1,5,7.9,Yes,No,Diploma,9,4,1,Middle,0.5,20,97.2
86,6.8,70.2,7,6.8,No,No,Bachelor,8,4,0,High,0.5,21,100
58.9,5.7,69.3,8,7.9,Yes,No,Diploma,8,9,0,High,2.7,18,100
88.9,3.2,66.4,10,8,Yes,No,Diploma,8,4,0,Low,8,17,100
91.7,6.6,47.7,7,7.2,Yes,No,High School,5,7,0,Middle,2.9,22,100
75.5,4,95.1,7,6.2,Yes,Yes,Diploma,5,6,0,Low,3.6,20,100
83.4,2.3,54.8,9,7.5,Yes,No,Bachelor,6,4,0,High,12.6,18,97.7
100,4.2,49,5,7.5,Yes,No,Bachelor,10,4,1,Low,13.9,19,97.9
76.4,7.1,65,10,7.7,Yes,No,High School,7,5,1,Low,12.7,20,100
70.4,4.8,54.5,6,8,Yes,Yes,Bachelor,8,7,0,Middle,0.5,20,97.1
98.3,4.5,67.3,4,5.5,Yes,No,High School,3,4,0,Middle,12.7,18,83.1
100,7.4,77.6,8,6.4,Yes,Yes,High School,7,3,0,Middle,5.6,19,99.9
82,1.9,81.9,10,4.9,Yes,No,Bachelor,7,6,0,Middle,17.8,20,99
93.1,2.2,79.4,9,7.8,Yes,No,Diploma,2,2,0,Middle,9.3,22,97.3
96.8,1.6,63.7,9,6.8,Yes,Yes,Bachelor,8,5,1,Middle,14.1,20,86.2
73.8,5.2,68.7,8,7.5,No,Yes,Master,4,6,1,Middle,10.8,20,97.7
76.7,4.8,73.7,7,5.4,Yes,No,High School,6,5,0,Low,10.2,19,91
95.5,7.3,43.4,4,8.5,Yes,No,Bachelor,9,3,0,High,6.2,19,100
100,4.9,76,3,5.7,Yes,No,Master,7,2,0,Low,14,18,90.2
88.2,3.8,47.6,8,7.9,Yes,No,High School,6,6,0,High,12.7,19,87
72.3,4.5,96.6,10,7.1,Yes,No,Diploma,6,4,1,Middle,6.3,19,100
100,4.7,62.3,8,6.8,Yes,Yes,High School,6,2,0,Middle,5.8,18,91
76.2,1.5,65.4,9,6.7,Yes,No,Bachelor,7,6,0,Middle,4.4,19,96.9
78.3,9.4,57.2,10,6.3,Yes,No,Bachelor,5,6,1,Low,12.1,22,100
85.8,5.4,59.2,8,8.4,Yes,Yes,Bachelor,9,2,0,Middle,9.2,17,94
99.1,4.9,99.8,7,7,Yes,Yes,Bachelor,5,9,0,Middle,9.4,19,100
91.4,5.6,81.2,6,5.6,Yes,Yes,Bachelor,4,3,0,Middle,6.2,19,100
86.6,5.8,46.3,10,6.6,Yes,Yes,High School,9,6,0,Middle,15.3,18,98.6
87.1,4.2,89.1,9,7.1,Yes,No,Master,6,8,0,Middle,0.6,20,100
82.5,3.4,84.7,6,8,Yes,Yes,High School,7,6,0,Middle,11.9,19,95
88.1,5.6,64.1,5,6.3,Yes,No,High School,8,5,1,High,12.9,20,92
54.2,5.2,72.3,10,6.4,Yes,No,Master,6,1,0,Middle,6.4,21,92.3
78.7,3,67.8,5,7,Yes,Yes,Bachelor,7,8,0,High,0.8,20,100
84.7,7.1,95.6,10,8,Yes,Yes,Bachelor,8,6,0,Low,9.9,18,100
69.3,5,56.9,2,5.5,Yes,No,High School,10,1,1,Low,14,20,76.3
86.2,5.8,70,10,7.6,Yes,Yes,Bachelor,6,7,1,Middle,16.9,18,100
79.8,7,62,8,6.5,Yes,Yes,Bachelor,6,4,1,High,11.3,20,100
100,4.5,47.9,8,6.6,Yes,Yes,Bachelor,8,3,0,Middle,4.9,20,100
99.3,5.1,98.7,7,9.2,Yes,Yes,Master,7,3,0,Middle,11.5,20,100
76.9,6,51.5,10,6.8,Yes,Yes,High School,7,4,0,Low,10.5,19,89.9
80.3,3.2,71.1,9,7.8,No,Yes,Bachelor,10,6,1,High,9.6,19,93.1
81.2,4.6,43.6,6,7.8,Yes,No,Bachelor,4,3,0,Middle,3.6,19,84.2
77,4.7,62.4,4,5.7,Yes,Yes,Diploma,4,4,0,Low,11,19,88.3
84.1,2.8,73.9,8,5,Yes,No,High School,4,10,0,Middle,10.3,21,100
73.7,8.7,56.5,7,7.9,Yes,Yes,High School,9,5,0,Low,20.1,18,100
69.6,2,76.2,4,5.8,Yes,Yes,Bachelor,8,6,0,Middle,8.4,21,87.1
88.8,2.2,64.2,7,5.2,Yes,No,Diploma,4,2,0,Middle,16.5,19,88
88.9,6.9,84.2,6,8.1,Yes,Yes,High School,7,1,0,Middle,15,20,100
73.2,5.8,87.1,8,5.9,Yes,Yes,Diploma,7,7,0,Middle,8.2,19,95.5
91.8,2.7,59.8,9,6.2,Yes,No,High School,3,6,0,Middle,14.2,20,95.4
75.1,5.6,69.1,10,9.2,No,Yes,High School,7,7,0,Middle,4.1,20,100
84.8,7.1,70.6,9,5.2,No,Yes,High School,5,4,0,Middle,7,19,100
91,4.4,76.7,6,5.6,Yes,Yes,Master,8,7,0,Middle,5.3,20,100
81.6,9.2,68.2,8,6.5,Yes,Yes,High School,5,0,0,Low,7.2,20,99.5
87,1.4,70.7,8,6.7,Yes,Yes,Bachelor,7,5,1,Middle,0.5,20,98.6
76.3,5.7,64.6,5,6,Yes,No,Bachelor,10,6,0,High,17,20,100
79.8,6.6,69.6,8,5.7,Yes,No,Bachelor,9,3,1,Middle,6.5,21,96.5
79.7,6.1,86.2,10,8.7,Yes,No,High School,8,6,0,Middle,11.9,18,100
73.8,4.1,77,8,7.3,Yes,No,Master,7,4,0,Middle,9.2,18,99.1
80.1,4,77.8,4,7.6,Yes,No,Diploma,4,4,0,Middle,6.6,22,91.9
65,5.3,78.1,8,6.8,Yes,No,High School,6,3,1,Low,1.6,21,89.8
76.6,6,65.8,5,7.3,Yes,No,Diploma,7,7,0,Middle,3.4,19,95.5
78.9,5.6,72.5,9,8,Yes,Yes,High School,6,3,0,Low,6.8,17,97.9
79.2,6.4,52.8,9,5.9,Yes,Yes,Diploma,4,3,1,High,5.6,21,89.2
79.3,2.7,85.8,7,7.3,No,No,Diploma,8,2,0,Middle,3.1,20,92.1
81.3,4.1,30,7,7.8,No,No,Diploma,5,3,1,Middle,4.6,22,60.2
87.3,2.8,66.8,7,8.7,Yes,Yes,Bachelor,10,4,0,Middle,10.3,17,98.7
91.6,3.8,84,8,9.1,Yes,No,Master,7,5,0,Middle,12.4,17,100
74.9,6.3,48.9,6,7.1,Yes,No,Diploma,9,2,1,Low,2.2,19,83
68.8,4.7,73.6,5,8.3,Yes,Yes,Diploma,9,5,0,Low,3.6,21,97.4
70.5,9.2,58.5,10,4.1,Yes,No,Bachelor,10,5,0,High,9.1,22,100
76.6,4.8,62.8,7,8.7,Yes,No,Bachelor,7,2,0,High,7.2,19,92.1
78.1,4.6,81.2,8,6.2,Yes,No,Diploma,6,4,0,High,6.2,18,100
73.5,4.7,70.8,8,6.7,Yes,Yes,Bachelor,6,4,0,Low,12.6,18,92.1
67.7,3.4,39.5,8,7.5,Yes,Yes,Master,10,4,0,Middle,8.9,21,78.8
77,4.4,54.3,5,6.8,Yes,Yes,Bachelor,4,3,0,High,0.5,19,95.5
84,6.5,81.7,4,7.2,Yes,Yes,High School,5,4,0,Middle,4,21,98.3
88.5,4.7,74.3,6,8.7,Yes,No,Diploma,7,4,0,Middle,0.5,19,100
75.9,3.1,92.5,8,6.6,Yes,No,Bachelor,7,8,0,Middle,7.1,18,100
77.5,2.8,91.6,6,5.8,Yes,No,Diploma,9,4,0,Middle,1.4,20,96.4
71.8,3.7,63.2,7,9,Yes,Yes,Diploma,4,7,0,High,0.5,19,97.6
81.7,4.6,100,10,7.6,Yes,Yes,Diploma,7,7,1,Middle,0.5,19,100
72.7,6.6,68.3,4,9.1,Yes,No,Diploma,7,1,0,Middle,17.9,22,81.8
88.3,2.1,54.5,6,7.9,Yes,Yes,High School,5,3,0,Low,1.2,19,89.6
62.4,3.9,59.1,10,5.5,No,No,Master,9,7,0,Middle,6.4,20,95.9
78,4.8,36.4,7,7.7,Yes,No,Master,7,4,0,Low,8.3,18,82
85.3,1.2,90.5,6,5.9,Yes,No,Bachelor,7,4,0,Low,8.6,19,93
84,3,90.3,10,7,Yes,Yes,Diploma,5,6,0,Middle,11.1,19,100
100,3.3,53.8,8,6.9,Yes,No,Diploma,6,6,0,Middle,7.7,18,100
85.8,3.1,64.8,7,5.2,Yes,Yes,Bachelor,5,4,0,Low,5.7,19,88.6
71,4.8,69.3,8,6.1,Yes,No,Bachelor,9,3,0,High,9.1,20,100
80.9,4.2,54.6,6,9.4,Yes,Yes,Bachelor,9,0,0,Middle,9,18,86.1
62.5,3.5,43.4,5,7.3,Yes,No,High School,10,4,0,Middle,8.3,18,78.6
81.1,5.3,65.1,7,6.8,Yes,Yes,Bachelor,8,3,0,Middle,11.2,19,94.9
72.8,7.6,63.5,5,9,Yes,No,Master,6,2,0,Middle,4.9,21,89.7
92.1,7.5,62.6,8,6.6,Yes,Yes,High School,6,4,0,Middle,7,20,100
76,1,71.1,8,6.9,Yes,Yes,Diploma,8,3,0,High,1.4,20,91.5
80.7,5.5,88,9,8.1,Yes,No,Bachelor,7,4,0,Low,6.8,19,100
75,4.2,63.8,10,6.6,Yes,No,Bachelor,7,3,1,High,4.8,18,90
100,4.8,70.4,7,6.2,Yes,No,High School,6,5,0,Middle,13.3,18,100
78.5,3.8,78.2,8,4.5,Yes,No,Master,9,4,0,Middle,0.7,19,100
100,4.7,75.8,8,6,Yes,Yes,High School,6,7,1,Middle,5.6,20,100
91,4.8,59.4,8,6,Yes,Yes,Master,10,3,0,Middle,5.4,19,100
87.3,3.5,69.3,7,7.2,Yes,Yes,High School,7,8,0,Middle,11.4,19,97.8
86.1,2.9,75.7,5,6.3,Yes,No,High School,6,6,0,Low,1.6,18,99.2
86.3,3.7,52.2,9,9.4,Yes,Yes,Bachelor,5,7,0,Middle,8,19,94.8
60.8,4.9,85.7,4,5.8,Yes,No,Master,7,5,0,Middle,8.4,20,94
78.9,5.6,88,7,8.5,Yes,No,Master,8,3,0,Middle,12.6,20,100
91.3,6,57.9,2,7.2,Yes,No,High School,6,3,1,Middle,3.7,17,79.3
81.5,3.6,70.7,5,7.9,Yes,No,Bachelor,9,8,0,Middle,1.5,22,98.2
66.5,5,77,6,7.8,Yes,Yes,High School,6,6,0,Middle,10.4,18,95.9
81.4,6.2,60.4,10,4.6,Yes,No,High School,7,2,0,Middle,1,21,100
100,6.6,74.7,9,7,Yes,No,High School,4,6,0,High,5.4,19,100
95.7,4.4,70.3,6,6.7,No,No,High School,8,2,1,Middle,6.8,19,95
81.3,4.1,47.4,9,5.8,No,Yes,Master,6,5,0,Low,11.1,19,86.6
92.5,4.8,74.4,9,7.5,Yes,Yes,High School,10,6,0,Middle,0.5,21,100
78,2.4,52.6,7,8.9,Yes,No,Bachelor,8,7,0,Middle,6.5,18,94.5
63.3,4.2,81.1,5,4.1,Yes,Yes,Bachelor,7,4,1,High,8.1,20,84.5
71.8,5.8,58.6,7,6.4,Yes,No,High School,9,4,0,Low,3.7,19,100
99.2,5.7,65.7,7,5.6,Yes,Yes,Master,8,4,0,Middle,6.2,21,100
79,4,87.2,5,7.1,Yes,No,Diploma,9,6,0,Low,12.4,18,92.8
79.3,4.9,74.9,8,6.6,Yes,No,Master,5,6,1,Middle,5.5,20,99.3
78.7,3,52.9,8,6.3,Yes,No,Master,8,4,0,Middle,6.2,19,85
100,5.8,53.8,8,7.8,No,No,Master,8,0,0,High,12.4,20,88.2
99.9,4.4,59.6,8,8.8,Yes,No,Bachelor,4,0,0,High,6.9,18,100
100,4,73.5,9,9.9,Yes,No,Diploma,10,4,0,Middle,14.7,19,100
80.3,3.8,73,7,6.2,No,No,High School,5,2,1,Middle,0.5,18,82.1
85.3,4.4,56.2,8,5,Yes,Yes,Bachelor,4,3,1,Middle,6.6,22,90.1
65.3,3.7,51.7,7,7.6,Yes,Yes,Diploma,1,4,0,Middle,11.9,18,82.3
98.2,5.7,71.9,6,8.8,Yes,Yes,Bachelor,8,8,0,High,4.4,22,100
69.2,3.8,65.5,10,7.9,Yes,Yes,Bachelor,4,4,0,Low,6.8,19,98.6
84.4,7.4,98.2,3,8.8,Yes,No,Diploma,6,5,0,Middle,14.3,18,100
69.9,7.1,68.5,9,6.8,Yes,No,High School,9,5,0,Middle,4.1,17,100
75.5,2.9,93.4,6,6.3,Yes,No,High School,7,0,0,Middle,10.4,19,83.5
72.8,4.6,51.6,6,7.1,No,Yes,Bachelor,6,3,0,Middle,11.7,20,83.7
75.3,3.3,46,8,6.6,Yes,Yes,High School,4,2,0,Low,8.4,19,78.1
76.1,3.9,52.3,5,7.7,Yes,No,Bachelor,7,7,0,Low,8.2,18,81.3
76,8.1,84.6,6,8.1,Yes,No,Bachelor,9,0,0,High,2.9,19,100
91.2,3.9,92.6,6,8.2,Yes,No,High School,8,3,0,Middle,11.7,19,95.1
69.8,5.1,57,7,7.6,Yes,No,Bachelor,10,3,0,Low,1.7,20,93.6
84.4,5.5,61.6,6,7.3,Yes,No,Bachelor,6,2,0,Low,10,19,88.8
95.4,2.7,51.6,10,7.9,Yes,No,Diploma,4,4,0,High,5.4,19,85.4
76.4,3,42.6,10,4.8,Yes,No,Master,8,4,0,Middle,6,19,92.2
74.1,2.3,78.1,3,7.2,No,No,High School,7,4,1,Middle,7,20,82.2
79.5,2.9,71.1,9,7.1,Yes,Yes,Diploma,7,5,0,Middle,10.5,18,92.9
95,0.5,68.1,9,7.2,Yes,No,Master,6,4,0,Middle,15.8,22,92
84.1,5.5,48.4,9,6.9,Yes,No,Diploma,2,5,0,Middle,8.6,20,89.6
76.2,8.2,91,6,7.5,Yes,Yes,Diploma,5,6,0,Middle,4.4,18,100
87.3,4.8,61,7,6.4,Yes,Yes,Bachelor,8,1,0,High,0.8,20,96.9
69.9,2,75.5,6,8.2,No,No,Bachelor,8,5,1,Middle,13.8,20,94.7
89.5,3.3,47.6,7,7.5,Yes,No,High School,9,2,0,Low,8.9,20,92.7
86.5,3.7,65.3,5,7.2,Yes,No,Diploma,8,3,1,Low,6.8,18,87.5
78.6,2.7,72.1,7,6.2,Yes,Yes,Diploma,8,4,0,Middle,8.3,22,89.7
72.8,6,72.6,4,7.9,Yes,Yes,Bachelor,9,5,1,Middle,11.8,17,100
72.2,6,70.2,7,7.2,No,Yes,Bachelor,7,5,1,Middle,5.9,19,98.9
87.9,2.4,74.9,5,6.2,Yes,No,Bachelor,7,2,0,Middle,4.7,18,87.7
95.5,5.8,52.2,8,6.9,Yes,No,Bachelor,1,7,0,High,1.5,19,100
75,7.2,70.8,6,7.7,Yes,No,Diploma,6,3,0,Middle,2.6,18,98
87,7.9,69.6,8,7.6,Yes,Yes,High School,6,3,2,Middle,6.3,20,100
59,9.7,71.2,10,7.5,Yes,Yes,Diploma,7,1,0,Middle,13.4,18,100
75.6,2.9,69,10,7.1,Yes,Yes,High School,5,1,0,Middle,5.5,20,90.4
81.7,9.6,50.2,2,8.1,No,No,Bachelor,9,1,1,Middle,9.3,18,81.4
72,3.9,49.6,6,8.4,Yes,Yes,Bachelor,5,5,0,Low,13.6,18,89.2
71.7,3.4,37,7,7.8,Yes,Yes,High School,9,5,0,Middle,9.9,19,86.6
74.7,5.1,79.4,8,6.4,No,No,Master,5,2,0,Middle,17.9,20,95.2
85.2,3.5,79.6,4,5.8,Yes,No,Diploma,6,2,1,Low,8.3,19,90.2
79.9,5.2,79.8,6,6.4,Yes,Yes,High School,6,4,1,Low,7.2,20,97.4
57.4,2.1,72.3,8,9.1,Yes,Yes,High School,6,4,0,Low,6.1,21,79.5
58.7,4.1,38.1,8,7.3,Yes,No,Bachelor,9,5,0,Middle,18,18,75.5
75.3,6.8,53.6,8,9.3,Yes,No,Diploma,6,2,0,Middle,14.1,19,94.2
87,4.4,70.4,8,6.9,No,No,Master,6,4,0,High,0.7,18,91
51.8,4.8,69.9,8,6.7,No,Yes,Diploma,6,7,0,Middle,18.6,19,96.6
76.5,5.4,64.9,8,6.9,Yes,No,Master,6,2,0,Low,10.5,19,92.4
76.2,6.6,73.2,8,6.9,Yes,No,High School,7,4,0,High,8.6,19,100
97.3,1.5,68.2,9,6.1,Yes,No,Bachelor,7,5,0,High,10.6,21,91
77.8,5.6,69.7,3,5.7,Yes,Yes,Master,7,2,0,Low,3.2,19,93.3
86.2,4,59.1,10,7.6,Yes,Yes,Diploma,9,5,0,Low,9,21,100
83.6,4.8,81.7,3,8.2,Yes,No,High School,8,1,0,Middle,6.5,20,91.4
58.6,6.4,62,5,9.7,Yes,No,Diploma,5,5,0,High,6.2,21,100
90.5,2.4,49.4,7,6.5,Yes,No,Master,7,4,0,High,12.8,21,93
84.4,2.7,57.2,9,6.6,Yes,Yes,Bachelor,6,1,0,Low,6.7,19,90.4
87.6,1,63.1,2,6.2,Yes,No,Bachelor,8,5,0,Middle,8.5,20,80.2
100,3.5,81.9,7,8.2,Yes,Yes,Bachelor,7,2,0,Middle,9.6,19,100
59.1,6.9,67.4,9,7.9,Yes,Yes,High School,9,4,0,Middle,12.7,20,99.9
100,4.3,65.4,9,6,Yes,No,Diploma,6,5,0,Middle,14.3,18,98.6
78.8,2.1,50.5,6,6,Yes,Yes,High School,7,2,0,Middle,8.1,22,78.1
85.2,3.6,79,7,8,Yes,Yes,Diploma,5,3,0,Middle,6.1,21,97.3
81.5,1.8,58.9,6,7.4,No,No,Bachelor,7,6,0,Middle,17.5,21,83.4
77.3,2.5,66.6,7,7.8,Yes,Yes,Bachelor,4,0,0,Middle,0.5,19,92.5
75.7,5.2,88.7,5,6,No,No,Master,8,7,0,Middle,12.3,19,100
85.6,2.4,75.1,6,4.9,Yes,No,High School,7,1,0,Low,7.3,19,79.5
65.3,6.5,45.2,8,6,Yes,No,Diploma,7,3,0,Middle,10.9,21,88.2
90.3,4.4,43.2,8,7.8,Yes,No,Bachelor,9,5,0,Low,8.2,21,89.7
77.4,4.7,67.1,8,9.3,Yes,No,High School,7,5,0,Low,14.4,19,100
69.6,4,51,8,6.5,No,Yes,High School,4,5,1,Middle,10.1,19,90.1
77,5.9,77.1,9,9.5,Yes,No,Diploma,6,4,0,Middle,0.9,19,100
95.8,5.9,68.6,9,7.9,Yes,No,Diploma,7,3,0,Middle,0.7,20,100
76.1,5.1,70.3,4,5.5,Yes,Yes,Master,6,7,0,High,6.9,18,100
85.9,5.5,58.1,6,7.2,Yes,No,Diploma,7,6,1,Middle,11,18,93.1
74,4.1,92.4,7,8,No,Yes,Master,10,6,0,Middle,14.5,17,100
90.3,5.5,100,7,4.3,Yes,Yes,Master,7,3,0,Middle,4.7,19,100
89.5,3.9,64.1,6,7.7,Yes,Yes,High School,8,0,0,Middle,0.5,22,85.8
100,4.5,72.9,9,8.3,Yes,Yes,Bachelor,3,6,0,Middle,10.2,20,100
80.1,4,69.4,10,7.4,Yes,No,Diploma,8,5,1,Middle,8.2,20,92.7
89.4,3.7,64.4,8,6.9,Yes,No,High School,10,4,0,Low,8.7,22,100
83.1,3.3,56.4,8,6.8,Yes,No,Master,10,3,0,Middle,2.5,19,88.2
96.3,5.3,52.8,9,6.7,Yes,No,Diploma,6,3,0,Middle,14,19,98.9
74.1,6.9,52.1,4,5.7,Yes,No,Diploma,10,3,0,Low,3.9,19,96.4
90.2,6.6,73.7,8,6.2,Yes,No,Diploma,7,4,0,Middle,9.5,18,100
79.9,2.2,60.7,9,6.5,Yes,No,High School,8,2,0,Low,9.4,20,81.1
81.3,6.8,31.9,6,7.1,Yes,Yes,Diploma,6,6,0,Middle,10.7,21,92.4
83,3.9,74.2,5,6.4,Yes,No,Diploma,6,8,0,Low,4.3,20,96.8
84.8,5.6,67.5,7,6,Yes,No,Diploma,3,3,0,Low,3.4,18,79.7
80.7,2.9,86.9,7,7.8,Yes,No,Master,9,1,1,Middle,12.3,19,100
84.4,4.8,73.2,6,7.4,No,No,Diploma,6,4,0,Middle,10.8,19,97.7
99.4,5.1,47.3,10,6.4,No,No,High School,7,5,0,High,9.7,19,95.9
92.8,1.8,36.8,7,7.6,No,No,High School,8,5,0,Middle,13.6,18,76.6
91.6,5.6,57.9,5,6.5,Yes,No,Bachelor,6,7,1,High,9.7,19,99
77,6.9,59.2,7,7.1,Yes,No,Bachelor,8,6,1,High,6.1,19,100
72.2,4.2,81.2,9,8.1,Yes,Yes,Master,9,0,2,Low,10.6,20,95.1
92.5,6.9,67.9,8,6.3,Yes,Yes,Bachelor,8,2,0,Low,10.3,22,100
91.6,4.2,83.9,8,5.7,Yes,No,High School,7,5,0,Low,10.4,20,98.3
98.2,6,49.5,6,6.8,Yes,Yes,High School,7,3,0,Middle,3.6,19,93.1
75.4,0.5,81.5,10,5.5,Yes,Yes,Bachelor,7,7,0,Middle,3.1,22,96.5
79.5,8.9,78.1,9,6.7,Yes,No,Bachelor,5,2,0,Low,12.4,19,100
64,7.2,39.7,10,6.7,Yes,Yes,High School,7,6,0,Middle,7.3,20,96.5
77.7,4,86.5,8,4.3,Yes,No,Bachelor,8,3,0,Middle,0.5,19,100
93,1,69.3,9,7.6,No,No,Master,7,5,0,Middle,1.1,19,100
76.9,5,73.5,6,6.8,Yes,No,Bachelor,6,2,0,Middle,1.4,19,89.9
89,1.9,55.9,7,8.3,Yes,No,Bachelor,6,5,1,High,13.3,21,90.6
79.9,5.3,85.9,10,7.2,Yes,No,Bachelor,8,6,0,Middle,7.8,20,100
85.6,5.2,51.4,10,7.8,Yes,No,High School,5,5,0,High,8.2,18,100
69.4,2.8,79.6,5,8.3,Yes,Yes,High School,5,8,1,Middle,6.2,19,88.4
82.9,6.5,79.5,8,6.9,Yes,No,High School,4,3,0,Middle,2.7,18,100
49.1,6,54.4,7,7,Yes,No,High School,7,4,0,Low,11.8,19,91.3
79.9,6.3,95.8,6,5.3,Yes,Yes,Master,9,6,0,Low,11.3,18,100
64.1,4.5,71.2,8,8.4,Yes,No,High School,10,2,0,Low,4.5,18,94.4
95.3,2,77.2,10,6.8,Yes,No,Bachelor,10,4,0,Low,15,20,99.6
90.6,6.3,46.6,8,5.9,No,Yes,Bachelor,6,5,2,Low,11.7,18,93.5
87.1,4,97.6,7,7.8,Yes,No,Bachelor,8,6,0,Middle,3.7,18,99.5
98.7,2,50.9,9,4.6,Yes,Yes,Bachelor,6,6,0,Middle,6.6,20,86.5
71.6,6.9,82.3,7,6.5,Yes,Yes,Diploma,10,2,0,Middle,6.2,19,100
100,8.3,54.1,8,8,No,No,Diploma,10,5,0,Low,9.6,20,100
92.3,4.4,59.3,10,6.5,Yes,No,Master,7,1,0,Middle,0.9,19,99.7
79.4,8.4,79,3,6.2,Yes,Yes,High School,6,3,0,Middle,4.5,20,99.6
94.5,4.7,82.4,9,6.5,Yes,No,High School,0,4,0,High,12,19,99
69.8,3.8,50.2,4,4.8,Yes,Yes,Diploma,4,6,0,Middle,0.5,18,70.1
72.9,3.4,83.3,10,7.8,Yes,Yes,Diploma,3,5,1,Low,7,19,100
75.3,7.4,82.6,6,6.9,Yes,Yes,Diploma,4,4,0,Low,1.9,19,100
76.2,3.1,54.9,5,6.7,Yes,Yes,Master,10,5,0,Middle,12.6,20,90.6
70.4,5.8,90.4,9,6.7,Yes,Yes,Bachelor,4,5,0,Low,9.7,21,100
95.5,3.5,47.6,8,7,No,No,Master,5,5,1,Middle,0.7,18,88.4
79.2,3.7,59.3,6,7.7,No,Yes,Diploma,5,3,0,Low,2.8,20,79.6
85.9,6.4,74.7,5,6.9,Yes,Yes,High School,10,2,0,Low,8.1,20,99.3
75.7,3.8,56.1,7,5.5,Yes,No,Bachelor,7,4,0,Middle,0.5,21,93.4
62,3.8,71.7,5,7.6,Yes,Yes,Bachelor,9,2,0,Low,2.5,19,88.6
85,6.5,71.4,5,7.5,Yes,No,Bachelor,7,5,0,High,3.9,18,100
61,7.4,65.4,8,7.2,Yes,Yes,Master,3,7,0,High,14.4,20,100
81.2,5.7,79.7,6,8.2,Yes,Yes,Master,10,5,0,Middle,5.1,21,100
66.9,3.3,64.8,8,7,No,No,Diploma,8,0,0,Middle,11.3,18,77.8
100,3.6,71.2,10,8.2,Yes,Yes,High School,7,3,0,Low,5.6,18,100
92,4.6,84.1,7,8.5,Yes,Yes,Bachelor,10,4,0,Middle,11.7,21,100
83.2,5.1,79.1,8,7.6,Yes,Yes,Master,6,1,0,Middle,0.5,19,97.8
95.9,2.7,79,10,6.2,No,No,Diploma,7,4,1,Low,4.4,18,99.3
72.7,5.8,51.9,5,6.9,Yes,No,Bachelor,6,5,0,Low,7.5,20,87.5
88,4.7,75.3,10,8.4,Yes,No,Bachelor,9,7,0,Middle,8.9,19,100
84.2,1.4,55.7,10,5.4,Yes,No,High School,9,8,0,Low,9.6,22,91.9
84.9,2.8,50.1,9,6.6,Yes,No,Bachelor,8,2,0,Middle,9,18,83.1
96,3.6,67,10,6.6,Yes,Yes,Diploma,5,4,0,Middle,10.5,19,90.8
90.1,4.4,55.3,8,6,Yes,No,Master,6,4,0,High,7.9,18,95.6
85.2,7.9,79.1,6,8,Yes,No,Bachelor,5,3,0,Middle,8.9,18,100
63.8,4.9,79.4,10,7.4,Yes,No,Bachelor,9,4,0,Low,2.9,18,100
71.4,3,41.4,10,6.2,Yes,Yes,High School,4,4,0,Middle,0.5,20,76.8
80.7,4.9,56.4,10,7.7,Yes,No,High School,10,5,0,Middle,2.4,18,94.1
83,3.9,47.6,8,6.8,Yes,Yes,Master,10,7,0,High,0.5,20,100
69.6,5.1,61.5,6,6,Yes,No,Diploma,5,4,0,Middle,9.1,19,90
100,5.5,74.4,8,6.2,Yes,Yes,High School,6,3,0,Low,12.7,19,100
98.7,6.7,64.6,9,7.5,Yes,No,High School,6,2,0,Middle,3.3,20,100
88.6,4.5,59.7,10,8,Yes,Yes,Bachelor,8,8,0,Middle,13,20,100
82.8,7.5,86.2,7,6.5,Yes,No,High School,10,6,2,High,10.3,18,100
79.7,6.1,35.7,8,7.6,Yes,Yes,Bachelor,9,5,0,High,5.2,18,100
71.5,3.2,85.3,5,8.7,Yes,No,Bachelor,6,4,0,Middle,6.3,19,84.8
82.9,8.5,60.4,9,5.6,Yes,No,Bachelor,10,7,0,High,13.6,21,100
84.8,5.1,66.9,6,7.4,Yes,Yes,Master,9,4,1,Middle,0.5,18,100
68.3,3,60.6,9,7.9,Yes,No,High School,7,1,0,Middle,13.6,18,74.2
85.7,7.5,89.6,5,6.9,Yes,Yes,Diploma,7,5,0,Middle,12.5,19,100
80.3,8.2,50.8,10,8.4,Yes,No,High School,10,2,0,Middle,5.1,18,100
61,4.4,68.2,8,9.4,Yes,No,Master,9,5,0,Middle,7.5,22,100
72.5,3.6,75.4,6,7.4,No,Yes,Master,9,7,0,Middle,16.1,17,91.9
77.5,4.2,45.4,9,6.7,Yes,No,Diploma,10,1,1,Middle,1.5,19,80.8
100,5.8,55.1,6,8.1,Yes,Yes,Diploma,8,2,0,Middle,7.1,18,98.1
88.1,6.8,65.9,9,7.9,Yes,Yes,Diploma,8,6,0,Middle,11.2,20,100
67.3,5.5,55.6,7,4.2,Yes,Yes,Master,10,3,0,Middle,9,20,100
87.3,4.7,56.6,4,7,Yes,Yes,Bachelor,10,5,0,Low,8.3,20,95
65,7.2,63.1,6,6.6,Yes,No,Master,6,5,0,Low,17.1,19,85
93.9,3.9,77.1,7,7.4,Yes,Yes,High School,7,6,0,Middle,2.5,18,100
76.8,6.4,63.2,10,6.8,Yes,No,Diploma,5,3,0,High,2.7,18,99.6
81,4,83.1,9,6.9,Yes,Yes,Bachelor,8,0,0,Middle,0.5,20,100
96.6,5.3,54,10,6.1,Yes,No,Master,9,5,0,Middle,2.6,19,97.2
67.8,4.3,50.5,10,7.8,Yes,Yes,Diploma,5,1,0,Middle,4.7,18,87.5
66.6,4.4,95,6,8.8,Yes,Yes,Diploma,9,6,0,Middle,9.6,18,98.8
75.6,3.8,58.8,7,6.1,Yes,No,Master,6,4,1,Middle,12.8,18,70.6
93.4,6.9,49.6,7,5.5,Yes,No,High School,6,3,0,Low,3.2,19,94.9
65.3,3.2,43.6,6,7,Yes,No,Diploma,9,5,0,Middle,7.3,20,90.2
50.8,3.2,83.1,4,7,Yes,No,Diploma,6,1,2,Low,15,20,67.1
77,8.3,63.2,7,8.3,Yes,Yes,High School,4,4,0,Middle,7.1,22,99.4
88.1,6.3,64.4,5,5.6,Yes,Yes,Diploma,8,5,0,Middle,10.6,19,100
95.2,0.5,65.8,7,6.4,Yes,No,Bachelor,7,5,0,Middle,13.6,19,94
76.9,3.5,82.2,10,4.6,Yes,No,Diploma,9,3,0,High,3.4,18,100
77.5,1.2,65.5,6,8.5,Yes,Yes,Diploma,9,3,1,Low,2.3,19,79.8
94.7,2.8,100,8,7.3,Yes,No,Bachelor,4,7,0,Middle,16.1,20,100
61.4,0.5,69.9,9,6.5,Yes,No,Master,10,6,1,Low,10.9,18,78.7
77.7,4.3,82.9,8,5.5,Yes,No,Bachelor,10,3,0,High,1.4,18,100
84.1,2.4,79.3,8,5.6,Yes,Yes,Bachelor,9,7,1,Low,2.7,19,100
86.9,4.6,67.5,7,7.5,Yes,No,Master,9,6,1,Middle,7,18,92.9
76.4,1.6,59.8,7,5.8,Yes,Yes,Bachelor,7,5,0,Low,15,19,84.4
82.4,4.6,72.6,6,7.1,Yes,Yes,Master,6,5,0,Middle,12.9,19,100
54.6,3.8,75.1,9,9.2,Yes,No,Bachelor,7,2,0,Middle,13.3,20,100
74.8,7.2,60,4,6.6,No,No,Bachelor,9,7,0,Middle,5.8,20,95.9
87,7,70.3,9,5.9,Yes,No,Bachelor,9,6,0,Middle,8,20,100
71.2,5.9,85.3,5,7.4,Yes,Yes,Master,6,4,0,Middle,4,18,100
82.6,3.9,97,9,5.7,Yes,No,Bachelor,6,4,1,Middle,5.9,20,100
86.9,8.1,80,7,8.9,Yes,Yes,Bachelor,4,4,0,Middle,2.4,19,100
78.2,1.7,94.1,5,8.5,Yes,No,High School,8,3,0,Middle,3.6,19,96.5
83.9,2,59.2,9,6.8,Yes,Yes,Master,6,5,0,Middle,4.4,20,94.4
71.4,4.3,77.8,9,6,Yes,Yes,Diploma,6,2,1,Low,7.3,19,81.9
79.7,8.6,86.7,7,6.5,Yes,Yes,High School,10,4,0,High,10.1,19,100
88.7,4.1,55.5,9,6.7,Yes,Yes,Bachelor,8,4,2,High,16.3,17,81.7
83.7,4.2,61.2,3,7.4,Yes,No,Diploma,8,5,0,Low,6.2,20,78.9
75.5,1.9,92.3,5,8.1,Yes,No,High School,9,6,0,Middle,10.9,19,90.8
84.5,6.2,54.3,10,5.9,Yes,Yes,Diploma,10,5,1,Middle,7.1,19,100
89.9,6.2,49.2,7,8.1,Yes,No,High School,4,5,0,Middle,12.8,19,92.7
59.5,5.9,89.4,4,7.7,Yes,No,High School,6,0,0,Low,1.7,19,78.6
94.7,3.4,84.8,6,6.4,Yes,No,Bachelor,7,5,2,Middle,5.3,18,92.4
78.3,3.2,74,6,5.8,Yes,Yes,Master,5,4,1,High,11.3,19,80.1
86.7,2.2,67.4,7,7.1,Yes,No,Diploma,6,5,0,Low,10.9,20,88.1
95.2,4.7,61.9,7,5.8,Yes,Yes,Bachelor,4,3,0,High,11,21,90.1
66.9,2.6,71.9,8,8.1,Yes,No,Bachelor,9,6,0,High,15,21,100
74.2,2.4,90.1,7,5.8,Yes,No,Diploma,6,5,0,Middle,0.5,22,95.2
78.8,3.7,71.3,10,7.6,Yes,Yes,Bachelor,7,3,0,Middle,1.7,20,97.9
73.4,3.6,98.3,8,6.9,Yes,No,Diploma,7,3,2,Low,10.8,20,94.8
100,3.5,55.4,8,6.4,Yes,Yes,Bachelor,8,6,0,Middle,12.1,19,95.2
72.6,5.3,67.7,10,6.9,Yes,Yes,High School,2,4,0,Middle,11.3,18,100
75.9,4.6,62.8,7,8.2,Yes,Yes,Master,8,4,0,Middle,21.5,18,93
84.2,4,52.8,5,5.7,Yes,No,High School,6,4,0,High,3.4,18,86.3
68.8,4.8,65.9,10,6.5,Yes,No,Bachelor,8,6,0,High,9.8,19,100
77.6,2.7,73.8,8,6.2,Yes,Yes,Diploma,5,5,0,Middle,7.6,20,89
85.5,4.7,75.3,8,7,Yes,Yes,Bachelor,8,2,0,High,11.1,20,92
78.3,4.8,98.4,6,6.2,Yes,Yes,Diploma,10,2,0,Middle,9.9,19,100
81,1.8,74.5,6,5.1,Yes,No,Diploma,7,4,0,Low,5.4,18,89.3
76.2,6.3,84.1,9,5.8,Yes,No,Diploma,6,3,1,Low,9.9,18,91.8
65.3,2.9,68.9,9,8.8,Yes,No,High School,6,0,0,Middle,8.4,22,86.7
85.5,4.7,91.5,9,7.3,No,No,Bachelor,8,3,0,Middle,8.6,21,100
100,6.6,100,9,7.2,Yes,No,High School,8,3,1,Middle,13.7,18,100
82.2,6.2,75.4,9,6.7,Yes,Yes,Bachelor,8,3,0,Low,20.4,20,100
84.5,4.6,54.1,8,6.9,Yes,Yes,Diploma,7,5,0,High,0.5,19,98.8
89.6,3.8,60.3,7,6.5,Yes,No,High School,7,0,0,High,14.4,18,87
68,6.2,71.9,10,7.6,Yes,No,High School,7,2,2,Low,11.2,20,87.3
100,5.7,74.4,7,7.1,Yes,No,Master,6,6,0,Low,4.3,20,100
84.2,3.4,77.8,8,5.7,Yes,Yes,Bachelor,9,3,0,Middle,6.2,19,90.2
100,3.1,74.4,6,7.3,No,Yes,High School,8,2,0,Middle,12.4,18,94.4
73.9,0.8,68.1,6,4.3,Yes,Yes,Bachelor,10,3,0,Middle,8.3,19,83.8
100,4.8,59.1,7,7.5,Yes,No,Bachelor,9,5,0,Middle,7.8,19,100
90.5,4.4,73.6,6,5.4,Yes,No,Diploma,8,3,0,Low,4.6,21,97.2
88.1,6.5,94,9,6.9,Yes,Yes,Bachelor,8,3,0,Middle,4.2,20,100
84.6,5.1,82.3,5,5.7,Yes,No,Diploma,5,5,1,Middle,3.2,20,88.9
79.3,6.9,75.5,8,7,Yes,No,High School,7,5,0,High,5.5,18,100
95.2,3.2,82.4,8,7.6,No,Yes,Diploma,8,1,0,Middle,7.4,20,100
83.5,6.5,62.8,4,8.7,Yes,Yes,Bachelor,4,4,0,High,9.8,19,93.3
60.4,3.5,60.9,7,5.3,Yes,No,Diploma,8,1,0,Low,3.9,21,67.4
69.7,5.9,57.5,8,8.1,Yes,No,Diploma,5,6,0,Low,11.8,18,88.5
80,1.9,66.2,8,7.1,Yes,No,Diploma,5,6,0,Middle,3.5,19,87.5
85.4,4.9,62.1,7,6.5,Yes,No,Diploma,6,3,0,High,11.8,18,93.5
81.4,0.9,84.9,9,7.8,Yes,Yes,Diploma,7,6,0,Middle,3.7,19,100
95.4,4,61.3,7,6.7,Yes,Yes,Bachelor,4,2,2,High,18.1,21,95.9
60.5,5.3,56.8,8,7.8,Yes,No,High School,9,4,0,Middle,11.2,20,96
83.6,3.6,95.2,8,5.9,Yes,No,Bachelor,7,3,0,Low,12.2,20,100
62,2.6,61.7,9,6.3,Yes,Yes,High School,10,4,0,Low,7.1,18,88.1
90.4,6,70.1,6,8,Yes,Yes,Bachelor,8,4,0,Middle,11,20,100
81,4.3,74.3,7,8.6,Yes,Yes,Diploma,8,4,0,High,1.7,19,100
86.6,3.6,52.1,6,7,Yes,Yes,Bachelor,5,4,0,Middle,3.1,19,89.1
72.5,4.6,85.3,7,4,Yes,Yes,Bachelor,5,4,0,Low,6.5,19,100
96.1,9.2,76.9,10,6.8,Yes,No,High School,8,7,0,Middle,15.6,21,100
93.5,6.6,89.8,9,7,Yes,No,Bachelor,5,0,0,Low,13,18,100
88.4,6.6,58.5,5,6.7,Yes,Yes,High School,8,8,0,Middle,0.5,20,100
80.6,5.3,69.4,6,7.4,Yes,No,High School,10,3,0,Low,3.1,21,100
88.4,4.8,68.6,8,6.5,Yes,No,Master,9,4,0,High,7.6,18,100
74.2,0.5,71.7,6,7.9,Yes,Yes,High School,8,7,0,High,14.3,22,88.3
91.4,3.3,47.6,6,5.7,Yes,No,High School,8,5,0,Middle,9.2,22,86.1
100,3.6,69.6,10,8.4,Yes,Yes,High School,6,5,0,Low,0.5,20,100
93.8,1.1,48,6,8.7,Yes,No,Diploma,7,6,0,Middle,2.1,18,90.2
74,2.4,73,9,6,Yes,Yes,Master,6,4,0,Low,11.6,19,91.3
86,0.9,38.2,10,6,Yes,Yes,Diploma,4,6,0,Middle,9,18,70.5
67.8,4.4,42.1,6,7.5,Yes,No,Bachelor,7,1,1,Low,8.7,18,69.9
88.3,6,79.5,6,5.7,No,Yes,Diploma,9,5,0,High,13.6,20,100
87,6.5,60.3,7,6.5,Yes,Yes,Diploma,4,5,0,High,6.3,19,98.7
61.4,5.2,54.2,5,8.2,Yes,Yes,Bachelor,10,6,2,Low,11.5,19,91.7
69.2,2.8,85.8,8,7.8,Yes,No,Bachelor,9,5,0,Middle,16.2,18,97.9
78.9,1,72.6,7,9.2,Yes,No,Diploma,8,4,0,Middle,9.1,18,94.7
78.7,1.3,80.2,8,7.2,Yes,Yes,Master,8,3,0,Middle,3.5,22,87.4
68.7,2.2,65.7,10,6.3,No,Yes,High School,7,3,1,Low,5.9,20,80.4
86.3,2.9,100,9,7.1,Yes,No,High School,7,3,0,Low,3.5,20,100
84.8,4.2,59.5,8,6.8,Yes,Yes,Master,6,1,0,Middle,0.5,19,100
79.9,2.7,92.4,4,6.8,Yes,No,Bachelor,7,7,0,Low,4,21,97.7
73.7,5.1,67.1,8,7,Yes,Yes,Bachelor,7,6,1,Middle,11.2,20,100
93.5,4.1,44.8,10,6,Yes,No,Bachelor,10,5,0,High,8,19,100
100,4.5,74.8,1,7.3,Yes,No,Diploma,8,6,0,Middle,14.8,20,100
76.7,6.6,72.4,9,5.5,Yes,Yes,Bachelor,7,6,0,High,8.7,21,100
75.3,2.4,53.3,7,6.2,Yes,No,High School,7,2,0,Middle,12.4,18,75
87.4,5.3,55.1,6,6.9,Yes,No,Bachelor,6,5,0,Middle,0.5,19,100
78.1,4.5,67.7,9,4.5,Yes,Yes,Bachelor,6,7,0,High,5.8,22,93.3
80.5,3.9,72.9,10,7.8,Yes,Yes,Master,9,3,0,Middle,6.7,21,98
90.1,6.1,33.4,9,4.7,Yes,Yes,Bachelor,6,1,1,High,3.9,20,96.1
61,6.1,82.7,7,7.7,Yes,Yes,High School,6,2,0,Middle,15.6,18,97.8
96.5,2.8,61.1,6,5.6,Yes,Yes,Diploma,6,4,1,High,0.5,19,81.7
82.8,4.2,49.4,8,6.6,Yes,No,High School,6,2,1,Low,7.4,20,73.5
77.5,5,81.2,9,7.6,Yes,No,Bachelor,9,4,0,Low,13.7,19,97.7
81,4,67.7,7,9.4,No,No,Bachelor,7,3,1,Low,11.8,22,100
81.6,5.6,85,7,7.1,Yes,No,Diploma,6,4,1,Low,6.1,20,100
63,5,74.1,10,4.8,Yes,No,Master,7,3,1,Middle,3.5,18,92.2
98.4,7.8,68,10,8,Yes,No,Master,7,4,0,Middle,13.5,19,100
82.5,1.7,65.9,10,6.7,Yes,No,Master,6,5,1,Middle,5.4,19,93.2
86.9,4.3,74.8,5,7.1,Yes,Yes,High School,4,2,0,Middle,3.8,19,89.1
92.5,2.9,62.2,6,7.6,No,Yes,Bachelor,10,5,0,Middle,13,19,100
70.8,5.6,56.1,8,4.6,No,Yes,Master,9,2,0,High,9.5,18,94
87.2,1.6,76.5,5,7,Yes,No,Bachelor,8,4,1,Low,6.2,20,90.8
79.1,5.1,66,10,6.5,Yes,Yes,High School,9,4,0,Low,9.6,18,99.9
91.3,3.4,68.5,10,8.3,No,Yes,Bachelor,10,5,0,Low,10.2,19,100
58.6,3.2,83.3,6,7.8,Yes,No,Master,6,4,0,Low,7.7,19,84.7
80.9,1.9,66.4,10,5.2,Yes,No,Bachelor,5,6,0,Middle,8.8,22,92.1
75.4,3.7,68.2,7,8.4,Yes,No,Diploma,8,4,0,High,0.5,19,96.3
86.8,6.5,59.6,10,7.5,Yes,No,High School,4,3,0,Middle,7.5,19,100
87.2,4.5,74,8,5.3,No,Yes,Bachelor,7,6,0,Middle,4.8,20,100
74.2,5.6,72.9,9,7.1,Yes,No,Diploma,6,5,0,High,4,18,100
74.2,7.5,80.6,10,8.1,Yes,No,Bachelor,8,6,0,High,4.6,19,100
80.8,5,59.9,10,5.7,Yes,No,High School,6,4,0,High,5.5,20,98.7
72.1,3.5,61.6,9,8.5,Yes,No,High School,9,1,1,High,6.5,18,83.6
91.3,5.3,79.1,7,5.3,Yes,Yes,Diploma,6,8,0,Middle,8.8,19,100
77.9,3.5,71.5,9,6.1,Yes,Yes,Diploma,8,3,0,Low,4.3,17,90.9
50,3.6,55.3,6,6,Yes,No,Bachelor,6,2,0,Middle,10.6,18,71
77.9,1.8,86.3,8,8.5,Yes,Yes,Diploma,8,5,0,Low,11.7,20,93.2
70.6,6.2,44.2,5,6.5,Yes,Yes,Bachelor,5,2,0,Low,11.6,19,74.2
64.1,3.8,79,4,5.7,Yes,No,Bachelor,7,3,0,High,12.7,18,90.9
68.4,4.8,50.3,8,7.5,Yes,Yes,High School,10,4,0,Middle,5.2,18,84.3
83.2,2.6,94.4,10,7.7,No,No,Master,7,4,0,Middle,6.6,18,100
96.6,5.3,46.4,9,7.7,No,Yes,Bachelor,9,3,1,Middle,9.2,18,100
85.4,3.1,84.1,7,6.7,Yes,Yes,Bachelor,7,7,0,Middle,5.9,18,100
75.3,4.2,66.9,10,7.3,No,No,Master,6,4,0,Middle,2.2,18,98
87,6.1,62.9,6,6.3,No,Yes,Diploma,7,2,0,High,5.5,18,89
77,5.9,70.6,4,8.8,Yes,No,Diploma,8,6,0,High,16.2,20,90.7
74.4,4.5,76.8,3,8.3,Yes,No,High School,3,3,0,Low,4.3,22,78.7
69.3,1.3,55.3,5,8.2,No,No,Diploma,8,4,1,Middle,4,21,67.6
62.7,9.9,56.6,9,7.9,Yes,Yes,Bachelor,5,2,0,Middle,5.3,18,100
77.7,7.6,77.1,6,7.6,Yes,No,Bachelor,5,4,0,Middle,10.8,18,96.1
83.7,5.8,44.1,8,5.6,Yes,Yes,High School,8,4,0,Middle,9.7,18,90.4
80.9,3.1,59.8,10,7.7,Yes,No,High School,10,4,0,Middle,11.5,18,96.1
77.4,4.3,100,5,7.1,No,Yes,Diploma,7,4,0,Middle,20.7,19,98.2
71.6,3.5,54.4,8,8.4,Yes,Yes,High School,4,6,0,High,12.1,22,86.5
88.7,6.8,84.1,9,7.9,Yes,No,Bachelor,6,5,1,Middle,12.5,21,100
67.5,5,59.8,6,7.6,Yes,No,Bachelor,6,2,0,Low,22.3,19,85.3
90.5,3.1,75.1,10,5.1,Yes,No,Diploma,7,3,0,High,10.4,19,100
71,3.7,77.2,7,6.9,Yes,No,High School,7,6,0,Middle,6,18,93.6
73.7,6.5,83.8,7,6.4,Yes,Yes,High School,8,2,0,High,6.5,19,100
65.9,7.4,65.2,10,7.3,Yes,Yes,Bachelor,9,5,1,High,13.3,19,100
76.5,7.3,95.8,9,6.5,Yes,No,Master,8,6,1,Low,1.7,19,100
92.7,5.9,59.7,9,6.7,Yes,Yes,Diploma,9,1,0,Middle,0.5,19,100
87.7,4,71.3,10,7.5,Yes,Yes,Bachelor,6,3,0,Middle,3.9,21,100
92.8,0.5,71.4,6,6.5,Yes,No,Master,10,6,0,High,12.1,19,100
87.7,5,52.3,10,7.1,Yes,Yes,High School,8,4,0,Middle,11,19,100
69.9,4.5,64,6,5.3,Yes,No,Master,8,3,0,Low,7.2,19,97
78.4,4.8,70.3,6,6.1,Yes,No,Diploma,10,6,0,Middle,13.3,18,87.6
73.4,4.6,62,7,7.7,Yes,No,Master,7,6,0,Middle,11,17,96
96.6,2.1,100,6,5.6,Yes,Yes,Bachelor,6,3,0,Middle,9.7,19,100
68.8,5.5,56.3,9,8.4,Yes,Yes,High School,10,8,0,Low,7.9,20,100
91.8,5.6,84.5,8,8.1,Yes,No,Master,10,0,0,Middle,12.5,19,100
91.8,5.7,80,7,6.7,Yes,Yes,High School,7,1,0,Middle,11.8,19,99.4
100,6.2,67.8,9,10,Yes,Yes,Master,10,3,0,High,6.6,20,100
77.5,5.6,55.9,7,8.4,Yes,No,High School,7,3,0,Middle,12.1,18,82.7
89.8,3.8,57.2,7,6,Yes,No,Bachelor,9,3,0,Middle,4.7,20,91.6
100,4.4,60.7,8,7.8,No,Yes,Diploma,10,3,0,Middle,9.2,20,100
75.2,4.7,43,8,7.1,No,Yes,Master,7,3,0,Middle,10,19,82.7
65.1,4.7,54,8,6.1,Yes,No,High School,8,4,0,High,6.3,18,88.2
61.3,6.3,47.2,7,5.8,Yes,Yes,Diploma,9,3,1,Middle,8.7,19,73.8
89.8,5.7,86.8,9,8.1,Yes,No,Bachelor,6,5,0,Middle,11,22,100
61.3,8.2,76.7,7,6.3,Yes,Yes,Master,5,4,1,Middle,2.6,18,100
77.9,8.5,79,6,6.9,Yes,No,Diploma,10,4,0,Middle,8.9,22,100
86.8,4.6,76.2,5,6,Yes,Yes,Diploma,8,4,0,Low,19.1,19,92.9
84,0.5,70.3,9,6.2,Yes,Yes,Diploma,6,6,1,Middle,3.9,20,94.5
86.7,6.7,88.4,8,6.9,Yes,Yes,Diploma,7,3,1,Middle,13.1,20,100
84.4,3.5,59.4,8,7.4,Yes,Yes,Bachelor,8,1,1,Middle,7.5,18,98.9
96.1,3.1,69.5,10,4.2,Yes,Yes,High School,4,2,1,Middle,13.9,18,78.4
71.5,3.8,78.5,7,7,No,Yes,Bachelor,8,4,0,High,4.4,18,100
74.6,3.7,49.5,5,6.2,Yes,No,Bachelor,8,5,0,Middle,8,19,76.5
73.5,5.6,100,8,8.5,Yes,Yes,High School,10,6,0,Low,19.1,22,100
91.1,1.7,68.4,8,10,Yes,No,Diploma,7,7,1,Low,7.1,18,99.8
91.9,2.6,70,7,6.6,Yes,Yes,Bachelor,10,5,1,Low,11.2,21,100
87,5.1,85.6,10,5.1,Yes,No,Diploma,7,2,0,High,11,19,100
95,5.6,80.8,3,7.1,Yes,No,High School,7,4,0,High,0.5,18,100
69,5.7,68.5,10,6.8,Yes,No,High School,8,0,0,Low,10.2,18,89.4
100,3.1,69.8,9,9.2,Yes,Yes,Bachelor,10,3,1,Middle,1.8,20,96.2
98.8,2.7,46.9,8,8.8,No,No,Diploma,5,3,0,Middle,11.2,20,81.1
90.1,3.6,60.2,1,8,Yes,Yes,Master,8,0,0,Low,8.6,18,88.5
100,4.9,75.2,10,6.4,Yes,Yes,Bachelor,7,8,2,Middle,2.4,21,100
63.8,7.2,74.2,5,7.7,Yes,No,Diploma,7,3,0,High,2,18,100
76.2,0.8,85.1,6,7.3,Yes,Yes,Bachelor,8,0,0,High,7.6,19,83.3
73.9,4.1,66.3,7,7.3,No,Yes,Diploma,9,3,1,Middle,20.4,19,91.6
89.9,2.1,48.6,8,5.3,Yes,Yes,Master,8,7,1,Low,16.1,21,87
70.4,1.5,82.8,9,8.2,Yes,Yes,Diploma,9,8,0,Middle,9.8,17,100
90.3,6.2,88.1,9,7.1,Yes,Yes,High School,6,4,0,High,10.6,18,100
97.1,5.5,80.6,9,6.9,Yes,No,Bachelor,7,4,0,Low,11,18,100
89.6,5.3,65.7,8,6.3,Yes,Yes,Bachelor,5,6,0,Middle,5.3,18,100
85.1,6.2,82.6,8,6.1,No,No,Bachelor,10,4,0,Middle,4.5,20,98.7
71.1,3.6,100,5,7.3,Yes,No,Master,7,5,1,Low,12.3,18,97.3
72.7,3.7,69.6,6,5.1,Yes,No,Diploma,6,6,0,Middle,5,19,80.4
95.7,8.4,49.6,9,7.9,Yes,No,Diploma,8,2,0,Low,15.2,20,100
90.6,4.1,59.8,9,5.8,Yes,No,Diploma,9,7,2,High,1.2,19,96.2
81.6,5.8,76.8,9,4.7,Yes,No,Master,6,2,0,Low,3.5,20,100
77.4,4.5,45.5,6,9,Yes,Yes,Master,9,3,0,Middle,15.1,20,91.1
59.7,1.2,70.4,9,6.1,Yes,No,Master,6,4,0,High,6.6,18,83.3
70.2,0.8,73.3,5,6.2,No,No,High School,10,6,0,High,7.4,17,78.5
100,3.5,89.5,10,8.2,Yes,No,Diploma,6,5,1,Middle,11.2,18,100
67.9,6.4,86.3,7,9,Yes,Yes,Diploma,8,4,0,Middle,13.8,21,100
84.1,5.9,80.1,10,5.3,No,Yes,Diploma,7,5,0,Low,11,19,100
93.1,6.1,37.7,4,5.9,No,No,High School,5,6,0,Middle,9.4,21,75.2
68.2,2.7,80.9,10,6,Yes,No,High School,4,4,0,High,12,19,81.7
84,7.4,77.9,7,8,Yes,No,Diploma,6,2,0,Low,10,18,96.1
92.3,2.8,71.6,7,8.8,Yes,No,Diploma,9,3,0,Middle,13.4,20,96.8
82.1,4.9,43.8,8,5.8,Yes,No,Diploma,3,6,0,Low,22.3,19,75.2
100,4.5,57.1,6,8.6,Yes,Yes,High School,8,2,2,Middle,10.5,19,87.7
63.6,4.2,51.7,7,6.2,Yes,No,Bachelor,7,1,0,Middle,3.7,18,82.6
93.6,6.9,39.8,6,7.4,Yes,Yes,Diploma,4,3,0,Middle,13.2,18,77.6
80.1,3.2,68,6,5.6,Yes,No,Bachelor,5,4,1,Middle,7.3,18,89.9
90.5,2.1,56.8,8,6.9,Yes,Yes,Diploma,5,6,0,Middle,9.7,20,97.6
86.9,4.5,100,6,6.9,Yes,Yes,Bachelor,7,1,0,Low,9.8,20,100
73.9,3.8,65.6,6,6.7,Yes,Yes,High School,10,5,0,Middle,5.1,20,100
84.5,10,86.1,5,7.4,Yes,No,High School,9,6,0,Low,6.1,19,100
61.6,5.7,46,6,5.9,Yes,No,Bachelor,6,2,0,Middle,0.5,19,81.7
88.6,3.8,60.6,10,6,Yes,Yes,Master,5,4,0,Middle,7.5,20,100
85.3,2.6,69.4,6,7.5,No,No,High School,4,0,1,High,10.8,20,76.5
89,1.1,55.3,6,8.5,Yes,No,High School,6,6,0,Low,8.1,20,86.9
93.6,2.7,62.1,8,7,Yes,No,Master,5,6,0,Middle,5.7,18,96.4
86,4.7,64.9,7,7.6,Yes,No,High School,7,4,0,Middle,9.9,17,86.5
83.6,7.1,64.7,10,7.8,Yes,Yes,Diploma,7,1,0,Middle,3.3,18,97.7
72.3,6.5,94,7,7.9,Yes,Yes,Master,6,5,1,Middle,2.7,19,100
74.2,4.9,73.3,8,6,Yes,Yes,Bachelor,6,4,1,Middle,10.6,22,95.7
95.1,3.9,74.7,9,6.1,Yes,No,Diploma,6,0,0,Middle,10.9,18,100
97.8,5,75.6,9,6.2,Yes,Yes,Master,6,6,1,Low,10.6,21,100
79.4,3.6,76.6,8,9.1,Yes,No,Bachelor,10,6,0,High,6.5,20,100
82.5,7.6,66.8,7,7.6,Yes,Yes,High School,8,7,0,High,13.5,18,100
72,4.2,63.5,10,7.5,Yes,Yes,Bachelor,8,1,0,Low,2.4,19,99.3
94.9,4.3,70.3,7,7.4,Yes,No,Bachelor,9,0,0,Middle,6.5,19,100
89.3,0.5,84.2,7,5.5,Yes,No,Bachelor,9,3,1,Low,11.7,19,89.4
100,4.1,83.8,6,9.1,Yes,Yes,Master,10,5,0,High,12.3,18,100
72.3,6,64.6,4,7.5,Yes,No,High School,8,2,0,Middle,4.1,18,88.8
77.8,2.6,78.7,9,7.8,Yes,No,Bachelor,7,1,0,Middle,18.7,19,100
84.5,3.1,65.3,3,5.1,No,No,Diploma,6,5,1,Middle,7.3,20,86.8
89.1,5.9,68.5,7,7.9,Yes,Yes,Diploma,5,3,0,Middle,8.4,19,96.1
79.6,1.8,61.4,7,6.6,Yes,Yes,Bachelor,9,5,0,Middle,12.9,22,90.8
72.4,6.4,65.5,10,5.5,Yes,No,Bachelor,7,4,0,Middle,15.8,20,94.5
91.7,3.5,86.8,4,6,Yes,No,Master,4,4,0,Middle,8.3,21,99.4
89.9,3.8,69.3,6,5.6,Yes,No,Master,3,4,0,Low,13.9,19,86.5
71.9,2.5,69.9,7,5.6,Yes,No,Bachelor,10,3,0,Middle,5.7,17,84.6
96.9,5.2,47.7,7,7.1,Yes,No,Diploma,5,3,0,Middle,16.3,19,78
94.9,8.9,63.7,6,6.6,Yes,Yes,Bachelor,6,2,1,Middle,8.2,20,100
83.5,5.9,64.6,7,7.4,Yes,Yes,Diploma,9,5,0,Low,9.6,19,100
82.9,2.9,56.4,5,8.8,Yes,Yes,Diploma,5,6,0,Low,6.3,19,88.3
88.1,6.5,68.3,8,6.9,Yes,No,Bachelor,8,3,0,Low,9.1,22,100
72.5,3.9,62,3,4.5,Yes,No,Bachelor,10,8,0,Middle,4.3,19,84.7
82.3,7,69.1,7,6.7,Yes,No,Bachelor,10,5,0,Middle,7.7,20,100
58.3,6,69.7,6,8.3,Yes,No,Master,6,5,0,Middle,8.1,19,98.4
91.6,0.5,54.6,10,6.9,Yes,No,Diploma,7,5,1,Middle,2.7,19,93.1
64.8,2.7,62.4,10,8.7,Yes,Yes,Diploma,6,6,1,Middle,5.1,18,94.2
98.5,6.2,69.1,7,7.5,Yes,Yes,Bachelor,7,3,1,High,0.5,20,100
78.4,4.8,84.6,10,5,Yes,Yes,Bachelor,10,5,0,Middle,1.8,21,100
79.7,2.7,71.6,7,7.1,Yes,No,High School,4,6,0,Middle,7.9,19,92.9
75.1,3.4,58.7,6,7.3,Yes,No,Diploma,8,3,0,Middle,12.8,20,89
78.8,1.1,73.6,10,8.2,Yes,Yes,Diploma,7,4,1,Middle,6.2,19,91.3
97.6,4.3,91.9,9,9,Yes,No,Bachelor,10,2,0,Low,7.8,18,100
54.6,8.5,80.8,8,8,Yes,No,Master,10,3,0,Middle,13.8,21,100
96,5.9,75.7,9,7.5,Yes,Yes,Diploma,6,3,0,Low,12.2,20,100
85.7,8.4,78.2,8,7.7,Yes,No,High School,7,2,0,Low,12.1,21,100
68.7,6.1,88.2,7,6.8,Yes,Yes,High School,9,4,1,Low,8.6,19,94.8
70.2,6.3,83.1,5,5.4,No,No,High School,9,5,0,Middle,5.5,21,95.3
100,8.1,75.9,7,7,No,No,High School,2,5,0,Middle,10,19,100
71.6,5.2,83,9,7.4,No,Yes,High School,9,2,0,Middle,14.4,17,100
69.3,4.2,52.9,7,5.7,Yes,No,Diploma,10,3,1,Low,17,18,79.8
94.5,6.4,47,9,8.5,Yes,Yes,Diploma,8,6,1,Middle,20,18,96
85.7,7.1,70.2,8,8.1,Yes,Yes,Bachelor,9,3,0,Low,15.6,18,100
71.7,3.6,69,6,5.5,Yes,No,Diploma,10,6,1,Middle,8.2,18,91.2
84.4,3.2,60.4,5,8.5,No,No,Bachelor,7,3,0,Low,2,18,88.9
70.7,4.7,79.6,7,6.7,Yes,Yes,Master,9,5,0,Middle,11,21,100
94.1,6,41.9,6,6.1,Yes,Yes,Diploma,7,6,0,Middle,13.5,21,95.8
93.7,5.9,60.5,8,8.2,Yes,No,High School,7,0,0,High,0.5,20,95.5
87.9,1.9,61.2,6,6.9,Yes,Yes,High School,6,6,0,Middle,0.6,19,81.2
86,7.9,45.1,6,9.1,Yes,Yes,High School,7,7,0,Middle,5.7,19,99.8
100,3.3,88.9,10,6.1,Yes,Yes,Diploma,10,3,0,Middle,4.2,19,100
82,4,49,8,5.1,Yes,No,Bachelor,5,5,0,Middle,0.5,18,92.4
69,2.9,59.8,6,6.7,Yes,No,Bachelor,8,2,0,High,9.9,20,78.4
86.9,9.4,80.7,8,7.9,No,Yes,High School,8,5,0,Middle,14.2,18,100
100,4.9,77,10,6,Yes,No,Bachelor,10,9,0,High,7.1,20,100
70.8,3,52.5,8,5.5,Yes,Yes,High School,10,0,0,Low,0.5,19,77.3
78,6.1,77.6,9,7.3,Yes,No,High School,5,3,0,Middle,9,20,100
86.6,5.9,72.1,6,5.4,Yes,Yes,Bachelor,6,6,1,Low,2.5,22,95.1
81.4,4.2,100,10,7.3,Yes,Yes,High School,6,7,0,Middle,3,21,100
71.2,6,73.7,10,6.6,Yes,No,Bachelor,6,1,1,Middle,12.8,20,92.9
94.3,3,66,6,7.5,Yes,Yes,Master,6,3,0,Low,14,19,93.7
100,3.6,56,5,5.5,Yes,Yes,Bachelor,8,3,0,Middle,6.6,18,89.3
84.2,0.9,57.6,8,8.4,Yes,No,High School,5,3,0,Middle,11.7,20,74
72.1,2.1,56.4,9,6.8,Yes,No,Bachelor,6,4,0,Middle,2.6,18,78.5
65,7.8,87.2,7,7.8,Yes,Yes,Diploma,5,1,1,Low,10.6,17,97.8
84.8,7.5,68.3,5,8.1,Yes,No,Master,8,3,0,High,6.1,19,97.3
94.1,4.6,75.9,7,5.7,Yes,No,Master,7,2,0,Low,1.4,19,97.9
87.2,7.5,89.2,9,8,Yes,No,High School,7,4,0,High,3.5,21,100
82,4.2,35,7,5.4,Yes,No,Master,5,3,0,Middle,10.1,20,71.7
75.5,4.1,85.9,9,5.5,Yes,No,High School,4,4,0,Middle,0.6,20,100
70,4.6,68.8,10,9.2,Yes,No,Diploma,10,2,1,Middle,6.6,20,100
91.2,4.3,74.1,8,8.2,Yes,Yes,Diploma,6,6,0,Middle,13.3,19,100
92.1,4.1,56.4,7,9.3,No,Yes,Diploma,10,3,0,Low,5.5,22,100
65,6.6,57.4,9,6.6,No,No,Master,9,4,1,Middle,0.5,18,98.7
99.5,4.8,74.8,6,7.1,Yes,Yes,Diploma,10,4,0,High,6.6,21,100
88.3,5.8,100,6,7.6,Yes,Yes,Bachelor,9,4,0,High,11.4,21,100
97.4,6.4,82,7,7,Yes,Yes,Master,7,4,2,Low,1.5,18,100
67.2,5.2,85.7,7,6.2,Yes,Yes,Bachelor,6,6,1,Middle,13.9,20,98.8
67,2.8,65.3,6,6,Yes,Yes,Diploma,5,3,1,Low,11.8,20,77.1
80.4,2.1,59.6,10,7.2,Yes,Yes,Bachelor,9,3,0,Middle,9.8,22,96.2
87.5,4.8,57.1,10,5.8,Yes,Yes,Bachelor,8,4,0,Middle,10.9,18,90.9
100,4.2,61.2,7,5.8,No,No,Bachelor,8,3,0,Middle,8.6,19,95.7
89.8,4.7,39.3,8,7.4,Yes,No,High School,9,4,1,Middle,9.7,20,93.7
79.3,4.5,57.9,7,6.9,Yes,Yes,Bachelor,8,2,1,Middle,8.4,18,85.1
70.7,9.2,60.2,10,8,Yes,No,Bachelor,6,6,0,Middle,12.4,21,100
95.5,2.1,65.5,10,6.5,Yes,No,Bachelor,9,2,0,High,14.5,19,85.8
71.4,0.9,69.8,4,6.4,No,No,Master,7,6,0,Middle,3.9,20,81.2
99.9,5.1,73.1,8,7.5,Yes,No,High School,7,4,0,Middle,4.5,18,98.1
78.9,3.8,67.8,5,6.1,Yes,Yes,Diploma,8,6,0,Low,6,18,89.3
99.5,5.1,59.9,10,6.3,Yes,Yes,Diploma,7,2,0,Middle,5,19,100
89.5,5.6,40.5,8,6.3,Yes,Yes,Diploma,3,0,0,High,13.7,19,79.3
80.5,6.8,59.9,6,6.8,Yes,Yes,Diploma,9,1,1,High,0.5,22,94.4
76.3,1.8,54.4,7,8.9,Yes,Yes,High School,10,9,0,Middle,10.7,20,94.8
78.3,3.5,74.5,7,5.5,Yes,No,Bachelor,3,3,0,Middle,14.9,21,86.4
86.7,5.3,80.7,9,8.4,Yes,Yes,Master,5,6,0,Middle,5.1,19,100
82.8,5.9,81.1,10,7.8,Yes,No,High School,10,1,0,Low,15.4,19,96.6
75.5,8.4,78.6,5,8.7,Yes,No,High School,7,4,0,High,13.8,20,100
80.2,6.2,66.1,10,10,Yes,No,High School,7,5,0,Low,6.3,19,95.7
82.9,4.4,60.7,10,8.6,Yes,Yes,Bachelor,6,10,1,Middle,12.1,19,100
58.6,2.9,57.5,6,8,No,No,Bachelor,5,3,0,Middle,3.9,19,86.9
87,3.5,46.9,8,5.6,Yes,Yes,High School,7,3,0,Middle,2.5,20,91.1
71.2,3.4,81.9,10,5.7,Yes,Yes,Bachelor,9,5,0,Low,5.7,20,95.2
69.3,5.7,65.6,10,7.4,No,No,High School,7,2,1,Middle,14.8,20,88.4
63.4,5,50.6,7,5.1,No,Yes,Master,8,5,0,Low,5.7,19,84.8
62.3,2.1,56.4,9,7.7,Yes,No,Master,10,4,0,Low,8.2,19,89.7
67.1,3.7,55.9,10,4.7,Yes,No,Master,6,2,0,Middle,3,21,90.4
74.2,6.1,68.6,8,8.3,Yes,Yes,High School,8,5,1,High,12.3,21,100
100,5.1,82.9,6,6.6,Yes,No,Diploma,9,4,0,Low,12.2,17,100
76.2,5.5,63.1,8,7.1,Yes,No,High School,5,6,0,Middle,4.5,19,98.5
84,5.2,36.5,8,6.2,Yes,Yes,Bachelor,7,7,1,Middle,0.5,18,81.6
86.4,7.4,65.4,6,4.9,Yes,No,High School,10,3,0,Middle,6.2,20,100
83.4,4.9,65.8,8,8.4,Yes,No,Bachelor,6,3,0,High,10.2,19,100
81.1,3.8,64.9,5,8.5,Yes,No,Bachelor,9,1,0,Middle,7.9,17,89.6
68.9,2.9,59.2,6,6.6,Yes,No,Bachelor,7,5,1,High,8.4,20,85.7
98,4.9,71,9,7.7,Yes,No,Bachelor,10,3,0,High,9.7,18,100
100,0.5,68.9,4,6.6,Yes,No,Bachelor,4,5,1,Middle,5.4,18,73.9
63.5,4.2,67.7,9,7.3,Yes,No,Diploma,7,6,0,Middle,1.7,18,91.6
70.7,4.1,73.8,3,7.8,Yes,Yes,Bachelor,4,3,1,High,11.7,21,84.9
78.9,2,62,4,7.6,Yes,Yes,Master,6,3,0,High,3.6,19,90.3
71.4,2.8,61.2,7,8.5,Yes,No,Bachelor,6,6,0,Middle,2,19,85.9
87.6,6,87.3,8,7.6,Yes,Yes,Bachelor,6,5,0,High,10.5,20,100
74,4.9,75.8,10,7,Yes,No,Master,5,5,0,Middle,2.5,19,100
100,4.7,79.6,8,6.2,Yes,No,Bachelor,7,3,0,High,3.9,19,100
95.1,5.1,85.2,7,6.5,Yes,Yes,Master,8,1,0,Middle,15.9,18,100
84.3,4.7,75.4,9,7.9,No,No,High School,4,3,0,Middle,15.9,18,100
93.3,6.7,81,6,5.3,No,Yes,Bachelor,6,2,0,Middle,14,19,100
94.2,4.7,45.9,8,8.2,Yes,No,High School,10,5,0,Middle,11.8,18,94.2
75.8,1.9,70.9,5,6.7,Yes,Yes,Diploma,8,5,1,Middle,13.8,20,76.2
73,7.4,65.4,8,6.1,Yes,Yes,High School,3,3,1,High,17.8,19,90.7
82.9,5.2,91.5,7,5.8,Yes,No,High School,4,3,0,Low,13.5,18,100
91.5,3.4,81,6,7.7,Yes,No,High School,7,5,0,Low,9.3,20,94.1
83.5,2.2,59.2,8,7,Yes,Yes,Diploma,7,3,0,Middle,12.4,18,87.4
64.7,5.2,73.2,8,8.7,Yes,Yes,High School,6,3,1,Middle,5.7,20,89.6
73.2,4.3,70.3,10,5.6,Yes,Yes,Bachelor,10,8,0,Middle,8.7,19,100
81.2,7.3,74.4,4,6.4,Yes,Yes,High School,10,3,2,Middle,9,20,88.2
81.2,3.9,53.7,7,6.9,Yes,No,Diploma,6,5,0,High,7.3,18,100
100,3,73,6,6.2,Yes,Yes,High School,9,5,0,Middle,6.4,19,100
66.8,6.1,64.8,9,7,Yes,No,High School,9,1,1,Middle,14.4,18,89.8
87.6,6.2,72,9,7.4,Yes,No,Master,9,3,0,Middle,3.2,18,100
98.4,4.8,57.9,9,7.5,No,No,Bachelor,6,6,0,Middle,8.7,22,100
100,5.7,59.8,6,8.7,Yes,No,Bachelor,10,4,0,High,1.6,20,100
77.6,4.4,84.4,9,5.6,Yes,Yes,Diploma,7,1,0,Middle,0.5,19,100
87.4,4.9,53.3,4,7.4,Yes,Yes,High School,8,5,1,Middle,14,18,95
88.3,6.6,54.3,4,6.3,Yes,No,High School,7,3,0,Middle,14.4,18,82.5
84.2,5.6,67.3,5,7.5,Yes,No,Bachelor,7,5,0,Low,5.6,18,98
80.9,4.2,57.2,7,7.5,Yes,No,Bachelor,8,9,0,Low,8.3,18,100
86.8,6.9,55.6,9,5.9,Yes,No,Master,5,5,0,Low,6.6,18,95.5
54.1,0.5,69.5,2,6,Yes,No,Diploma,3,5,0,High,6.6,20,64.4
89.5,8.2,46.9,10,7.6,Yes,No,Diploma,7,3,0,Middle,5.6,19,100
83.4,1.4,53.9,8,7,Yes,No,High School,5,2,0,Middle,10.3,19,80.7
79.6,3.4,96.8,4,6.8,Yes,No,Bachelor,8,6,0,High,6.1,20,100
100,4.4,74.4,8,7.7,Yes,No,Diploma,8,3,0,Low,10.1,18,100
74.6,4.2,57.5,10,7.8,Yes,Yes,Diploma,7,4,0,High,16.3,19,95.6
77.6,6.3,73.9,9,6.4,Yes,No,Master,10,8,0,Middle,9.9,18,100
100,2.6,75.9,10,6.1,Yes,Yes,Bachelor,7,3,0,Middle,8.6,19,100
72.8,5,81.9,5,5.6,Yes,Yes,High School,4,6,0,Middle,5.1,21,89
75.9,3.5,66.2,7,7,Yes,No,High School,7,5,1,High,7.9,21,85.4
80.4,5,81.7,6,5.4,Yes,No,Bachelor,9,3,0,Middle,0.5,19,100
91.2,4.4,39.5,10,7.1,Yes,No,Bachelor,3,5,0,Middle,15.7,20,81
84.3,4.7,53.2,9,8.3,Yes,Yes,Bachelor,7,3,0,Low,3.2,22,93.6
67.8,3.5,70.3,10,6.6,No,Yes,High School,8,6,0,Middle,0.5,19,100
76.1,3.6,72.6,7,6.4,Yes,Yes,Master,10,6,0,Middle,7.5,21,100
75.3,5,55.2,6,9.2,No,No,Bachelor,9,4,0,Middle,9.8,19,87.8
81.2,6.2,71.6,7,8.7,Yes,No,Master,7,7,0,High,14.6,18,100
86.7,3.4,59.3,10,6.2,Yes,Yes,Diploma,8,4,0,High,9.2,21,100
86.6,2.9,64.1,7,7.2,Yes,No,Diploma,3,6,1,Middle,12.6,18,88.5
62.5,5.6,82.3,8,7.4,Yes,Yes,High School,5,10,0,Middle,12.6,20,100
93.7,4.4,80.7,8,7.2,Yes,No,Master,8,9,0,Middle,12.2,18,100
84.8,6,54,8,9,Yes,Yes,High School,7,4,0,High,2.3,21,100
97.2,2.9,53.2,6,7.1,Yes,No,High School,8,5,0,Middle,10.6,18,84.2
86.9,1.3,62.2,7,7.3,Yes,Yes,High School,7,2,0,Middle,1.1,18,79.9
94.1,3.5,67.6,7,7.8,Yes,Yes,Bachelor,7,6,0,High,18,19,100
87.1,3.1,58.8,7,8.3,Yes,No,Master,7,5,0,Middle,11.5,19,86
96.8,4.4,82.6,9,8,Yes,No,Bachelor,5,2,1,Middle,4.9,20,100
87.7,3.4,72.9,10,7.6,Yes,No,Bachelor,7,6,0,Low,9.9,20,100
80.9,5.8,73.7,6,5.3,Yes,No,Master,5,3,0,Middle,2.9,19,82
100,4,50.3,7,6.5,Yes,No,High School,6,3,1,Middle,0.5,19,88
91.8,4.8,84.3,6,7.9,Yes,No,Master,9,5,0,Middle,12.4,19,100
88.3,4.8,30,8,7.3,Yes,No,Diploma,7,3,0,Middle,3.1,19,96
68,4.9,79.7,6,7.9,Yes,No,Diploma,8,4,0,Middle,7.1,21,100
67.8,4.5,81.1,8,9.1,No,Yes,High School,7,7,0,Middle,9,19,97.4
85.2,5.4,61.9,10,5.7,Yes,Yes,High School,6,3,0,Low,7.1,21,95.1
83.6,3.1,85.8,2,8.3,Yes,No,Diploma,5,5,0,Middle,2.9,18,100
75.2,7,67.1,8,6.6,Yes,No,High School,6,3,0,Middle,8.3,21,100
83.6,4.1,68.9,7,8,Yes,Yes,Diploma,7,2,0,Middle,8.7,19,100
99.5,2.1,72.8,8,7,Yes,Yes,High School,8,4,1,High,12.4,20,92.9
89.6,4.8,100,6,9.3,Yes,Yes,High School,7,9,1,Middle,20.2,19,100
69.4,3,86.8,10,7.1,Yes,No,Master,8,6,0,Low,0.5,21,100
80.8,5.7,77.8,9,6.3,Yes,Yes,Master,4,5,0,Middle,4,18,100
73.1,8.5,55.2,9,7.5,Yes,No,Master,9,3,0,Middle,9.1,20,100
77.7,3.1,70,9,7.4,Yes,No,Bachelor,5,3,0,Middle,13.1,21,94.9
77.5,5.1,56.6,6,8.3,Yes,No,Bachelor,9,1,0,Low,9.7,20,89.2
76.7,1.3,79.5,6,7.5,Yes,Yes,Bachelor,8,8,0,Middle,13.6,19,88.8
68.2,5.3,70,9,9.7,Yes,No,Bachelor,3,5,0,Low,0.6,20,100
80.6,2.9,52.3,6,6.9,Yes,No,Diploma,8,4,0,Middle,6.4,18,90.2
75.8,3.4,69.1,10,6.9,Yes,Yes,High School,9,4,1,Middle,15.3,18,94.5
49.8,2.5,56.1,7,6.3,Yes,Yes,High School,10,8,0,Middle,3.7,18,83
100,5.8,70.1,9,7.1,Yes,No,Bachelor,5,5,0,Middle,0.5,21,100
94,6.3,56,10,7.3,Yes,No,Bachelor,7,4,0,Middle,3.9,18,100
77.9,4.5,68.4,6,7.3,Yes,Yes,Diploma,8,8,0,Middle,10.2,19,92.5
82.2,2.9,78.5,8,7.1,Yes,Yes,High School,8,4,0,Middle,7.6,21,96.7
69.1,7.4,67.3,10,6.3,Yes,No,Diploma,8,1,0,High,1.6,20,100
100,3.1,62.5,9,6,Yes,No,Bachelor,6,1,0,Middle,4.4,20,94.8
100,0.6,70.8,7,6.6,Yes,No,Bachelor,9,4,1,Low,1.3,19,93.8
83.7,5.3,77.8,6,8.3,Yes,Yes,Diploma,9,5,0,Middle,1.9,20,100
93.3,2.5,52.5,7,8.5,Yes,Yes,Diploma,7,6,0,Middle,3.6,19,92.3
83.9,6.3,71.6,10,6.9,Yes,No,Bachelor,5,2,0,Low,8.5,18,100
67.3,3.8,86.4,7,6,No,No,Master,6,4,0,Middle,0.5,19,100
77.5,5.6,76,8,6.9,Yes,No,Master,10,2,2,Middle,14.8,19,94
83.5,7,68.8,7,9.3,Yes,No,High School,9,6,0,High,7.5,18,100
77,2.3,77,9,8.1,No,Yes,Diploma,7,7,0,Middle,2.5,19,100
79.6,3.5,74.3,8,7.6,Yes,No,Diploma,7,8,0,Middle,3.1,21,100
81,4.4,78.6,5,8.1,Yes,Yes,Bachelor,3,5,1,Low,4.8,20,95.7
81.1,7.3,39.7,6,8.7,Yes,No,Bachelor,7,8,0,Low,8,21,99.7
82.6,3.3,46.3,4,5.7,Yes,No,High School,5,3,0,Low,8.8,20,61.1
70.3,3.4,82.1,6,6.6,Yes,No,Bachelor,7,4,0,Low,7,20,92.8
74.1,5.4,46.9,9,6.4,Yes,No,Diploma,9,2,0,Middle,4.2,18,98.3
67.9,3.5,73.6,10,7.6,Yes,Yes,Master,5,5,0,Middle,7.9,18,100
92.8,4.8,63.1,9,7.2,Yes,Yes,High School,7,5,0,Middle,0.5,18,100
58.8,1.7,54.1,9,7.8,Yes,No,High School,9,0,0,Low,1.9,19,83.6
94.7,8.5,72.9,7,6.4,No,No,Bachelor,7,6,0,Low,4.6,20,100
97.2,2.1,70.8,9,8.5,Yes,No,Bachelor,6,6,0,Middle,1.3,21,100
78.7,3.9,97.5,8,6.9,Yes,No,Bachelor,7,3,0,Middle,6.9,21,100
53.4,4.4,59.3,10,7.8,Yes,No,Master,9,5,0,Low,1.3,20,99.1
78,7.9,88.2,7,8.3,Yes,Yes,Diploma,8,1,0,High,16.6,19,100
81.3,2.1,72.9,10,8.2,Yes,Yes,Diploma,7,2,0,Middle,0.7,18,100
70.9,8.1,58.7,9,7.4,Yes,Yes,Master,9,7,0,Low,15.6,21,100
76.3,5.9,79.2,9,7.9,Yes,No,Bachelor,8,2,0,Middle,0.5,20,100
98.8,5.3,75.9,3,8.9,Yes,No,Diploma,5,4,2,Middle,18,19,93.4
89.3,2.7,68.5,9,7.6,Yes,Yes,Bachelor,8,1,0,Middle,10.9,18,98.9
71.8,5.5,71.7,7,6.2,Yes,No,Bachelor,9,5,1,High,12,21,96.4
64.4,3.2,59.6,7,7.6,Yes,Yes,Diploma,5,5,1,Middle,1.2,19,87.7
78.4,6.8,56.4,5,7,Yes,Yes,Diploma,2,5,1,Middle,6.4,21,90.4
79.7,2.8,78.6,7,4.4,Yes,No,Diploma,5,5,0,Middle,6.7,18,96.7
87.5,4.3,64.9,8,7.5,Yes,Yes,High School,7,7,0,Middle,7.5,18,99.1
76.1,3.5,66.9,5,7.1,Yes,No,Master,9,3,0,Low,14.4,19,93
87.6,2.7,71.9,5,8.3,Yes,No,High School,5,2,0,Middle,11.5,18,72.3
100,5.8,71.7,8,6.2,Yes,Yes,High School,8,3,0,Middle,7.2,18,100
91,5.5,48,9,5.3,Yes,No,Bachelor,1,1,0,High,13,20,78
81.5,6.7,86,8,7.2,Yes,No,Bachelor,7,4,0,Middle,13.9,18,100
80,1.3,69.7,10,7.4,Yes,No,Bachelor,6,4,1,Middle,5.2,20,95.4
78.1,6.4,65.2,7,7.1,Yes,Yes,Diploma,10,5,0,Middle,5,19,100
95,9,74,7,7,Yes,Yes,Master,3,1,0,High,18.8,18,100
75.1,3.7,71.3,6,5.8,No,Yes,Bachelor,7,4,0,Middle,6.8,19,85.8
82.5,7.9,78.7,4,6.8,Yes,Yes,Diploma,3,6,0,Middle,4.8,18,96.5
82.6,4,75.5,10,6.6,Yes,No,Bachelor,6,5,0,High,7.2,19,100
76.5,2,78,10,8.2,Yes,Yes,High School,4,0,1,High,13.4,18,93.2
66.9,3.9,86.9,5,7.4,Yes,No,Master,10,4,1,Middle,11.6,18,96.1
85.6,6.4,80.4,8,6.7,Yes,No,Bachelor,6,3,1,Middle,7.4,19,100
81.3,3,65.8,7,8.9,Yes,No,Master,7,4,0,High,11.1,17,97.2
87.5,3.4,52.3,7,6.7,No,Yes,High School,7,3,0,Middle,9.3,20,87.1
76.1,5.6,91.3,7,7.6,Yes,Yes,Master,5,7,1,Middle,7.3,18,100
95.4,4.5,64.7,8,6.8,Yes,Yes,Bachelor,9,4,1,Low,6.5,20,93.2
72.4,5.6,61.4,9,8.8,Yes,Yes,Bachelor,8,5,0,Middle,8.7,21,100
100,4.9,43.7,8,7.1,Yes,Yes,Diploma,9,4,0,Middle,5.9,21,100
62.8,5.4,72.7,7,7.1,Yes,No,Master,5,5,0,Low,8.4,19,95.6
86.8,3.7,70.1,7,6.8,Yes,Yes,Diploma,9,4,0,Low,7.8,20,95.4
87.2,4.9,46.8,9,7.2,Yes,Yes,Diploma,9,6,0,Low,0.7,19,94.9
73.2,2.8,74.3,8,8.3,Yes,Yes,Bachelor,7,3,0,Low,5.4,19,97.3
86.7,6.8,61,8,7.9,Yes,No,Diploma,9,7,0,Low,6.7,19,100
96.1,3.4,100,7,7,Yes,No,Diploma,8,5,0,High,17.3,20,100
57.6,6.5,60,8,8.9,Yes,No,Bachelor,4,4,0,Low,7.2,20,89.9
87.5,4.1,61.9,7,8,Yes,Yes,High School,7,6,0,Middle,9.4,20,95.9
54.6,4.9,55.8,9,6.5,Yes,No,Bachelor,6,5,0,Low,18.8,20,89
71.4,3.6,85.9,5,5.5,Yes,Yes,Bachelor,7,6,0,Middle,0.5,21,92.2
99.9,2.7,62.8,7,6.5,Yes,Yes,Bachelor,9,4,1,Middle,0.5,20,95.6
75.6,1.4,57.9,9,7.5,Yes,No,High School,4,4,1,Middle,4.1,21,71.1
69.1,2.6,77.9,5,7.7,Yes,No,Bachelor,6,4,1,High,6.3,20,85.6
79.8,3.9,48.7,4,8.5,Yes,No,Bachelor,5,3,0,Low,6.8,20,82.3
100,4.9,76.8,8,5.8,Yes,No,Diploma,5,6,0,Middle,5.4,21,100
61.9,6.3,92.9,4,6.5,Yes,Yes,Diploma,5,7,0,High,1.8,20,100
70.4,3.7,75.9,5,5.7,Yes,Yes,High School,7,5,0,Middle,12.9,18,92.4
98.5,2.9,76.9,9,5.5,Yes,No,Bachelor,8,7,0,High,5.7,18,100
100,1.9,80.2,7,6.3,Yes,Yes,Bachelor,8,6,0,Low,13.9,19,90.7
80.9,5.4,91.9,10,7.4,Yes,No,High School,7,3,0,High,2.9,20,100
68.4,7,84.9,5,7.8,No,No,Bachelor,8,6,0,Middle,17.8,17,100
100,6.8,74.2,7,6,Yes,No,Master,10,1,0,Low,0.5,18,100
99.5,5.8,80.7,8,6.1,Yes,No,High School,7,4,0,Middle,7.9,18,100
89.5,5.6,55.6,5,5,Yes,No,Bachelor,9,2,0,Middle,3,18,91.2
73.1,7.6,78.9,10,7.2,Yes,Yes,Master,9,4,1,Low,8.2,20,100
81.5,5.1,53.9,9,6.2,Yes,Yes,Master,10,1,0,Middle,3.1,18,98
80.2,5.7,62.9,4,8.8,Yes,No,High School,8,6,0,Low,0.5,20,96.7
85.6,3.9,30,7,7.5,Yes,No,Diploma,5,3,0,High,4.1,18,77.1
98,2,73.6,8,6.8,Yes,Yes,Master,8,6,0,Middle,16,19,98.3
91.7,3.3,59,6,6.3,Yes,No,High School,8,4,0,Low,3,18,100
70.1,4.5,83.6,5,5.4,Yes,No,Bachelor,9,0,0,Low,10.5,17,81.1
97.1,4.6,73.5,8,5.5,Yes,No,Bachelor,5,3,2,High,8,20,93
85.4,8,83.7,10,6.3,Yes,Yes,Bachelor,10,3,0,Low,5.7,19,100
89.6,4.6,52.8,7,6.2,Yes,No,Diploma,7,4,0,Middle,18.2,19,92.4
98.1,6.6,82.5,10,5.9,No,Yes,Master,9,7,1,Middle,6.4,18,100
69.8,3.7,97.5,6,7.4,Yes,No,Diploma,8,7,0,Low,8.8,19,100
81.6,3.9,78.7,8,7.6,Yes,Yes,Bachelor,7,4,0,Low,8.4,20,100
76.2,2.1,79.1,9,6.5,Yes,No,Diploma,7,1,0,Middle,15.9,18,99.5
64.8,3.2,70.4,7,9.1,Yes,No,Diploma,8,3,1,Middle,0.5,19,84.4
85.8,5.4,60.7,7,5.1,Yes,Yes,High School,10,5,0,Low,19.2,19,87.3
100,4.5,78.7,9,7.1,Yes,No,Master,3,4,0,Middle,15.6,21,100
61.8,6.2,46.9,10,6.8,No,No,Bachelor,8,1,0,High,10,18,92.9
81.6,4.8,62.2,8,6.4,Yes,No,Bachelor,7,3,0,High,11.1,22,93.7
89,3.9,43.2,6,6.2,Yes,Yes,Bachelor,7,7,0,Middle,6.9,21,93.1
83.4,8.4,58.1,7,7,Yes,Yes,High School,2,5,0,Middle,8.8,18,96.4
80.8,4.3,77,10,6.8,No,No,Bachelor,8,4,0,High,10.1,19,100
67.7,6.6,75.1,8,6.6,Yes,Yes,High School,7,3,0,Middle,3.5,20,100
84.6,3.8,68.7,6,5.6,Yes,No,Bachelor,5,3,0,Middle,15.6,19,84.6
73.7,5.8,70.4,5,5.2,Yes,Yes,High School,7,5,0,High,9.1,20,90.1
57.9,6.2,41.6,4,6.7,Yes,Yes,Bachelor,6,4,0,Middle,8.7,19,80.1
95.1,4.9,62.8,8,6.6,Yes,Yes,Bachelor,4,6,2,High,3.7,21,100
92.5,0.5,58.5,9,6.8,Yes,Yes,Diploma,7,5,0,High,13.8,18,81.7
82.6,4.5,58.8,7,6.9,Yes,No,Diploma,8,4,0,Middle,7.8,18,93.3
84.5,6.7,76.4,7,6.4,Yes,No,High School,6,5,0,High,5.4,22,100
93.8,5.4,56,5,6.8,Yes,No,Master,8,3,1,Middle,2.6,20,94.9
84.5,5.3,59.5,8,6.1,Yes,Yes,High School,7,4,0,Middle,7.2,20,99.6
91.9,1.4,38.8,8,8.7,Yes,No,Diploma,9,7,0,Low,2.2,20,96.6
78.7,3.2,63.9,6,6.1,Yes,No,High School,7,4,1,High,9.7,19,66.8
96.4,5.2,52.8,10,6.6,Yes,No,Master,9,4,1,Low,11.9,19,100
85.5,5.2,69.1,6,6.2,Yes,No,Bachelor,6,4,0,High,6,22,84.4
84.1,6.7,54.7,8,6.2,Yes,Yes,High School,10,2,0,Low,9.2,19,97.3
68,4.2,69.5,9,7,Yes,Yes,Bachelor,6,4,1,Middle,14.1,18,99.3
85.2,5.2,66,7,6.9,Yes,No,Master,6,7,0,Low,7.1,19,100
72.8,4.5,91.4,7,6.5,Yes,No,Bachelor,7,2,0,Middle,7.5,21,94.5
75,2.7,75,5,6.7,Yes,Yes,Diploma,6,5,0,Middle,8,18,93.3
73,0.5,42.2,10,6.2,Yes,Yes,Diploma,5,4,0,High,5.8,20,77.2
70.3,5.3,50.3,7,7.4,Yes,No,High School,8,4,0,Middle,6.2,18,89.8
100,4.8,68.8,9,9.3,Yes,No,High School,1,4,0,Middle,4.2,20,100
96.6,3.4,55,9,6,Yes,No,Bachelor,6,5,1,Low,10.1,19,83
100,1.6,30,6,7.4,No,No,Bachelor,4,2,0,Low,7.6,20,66.3
68.5,5.6,86.9,7,7,Yes,Yes,Master,7,5,1,High,11,18,100
82.8,4,78.1,10,7.7,Yes,Yes,Bachelor,3,4,0,Low,13.1,18,100
67.8,5.5,75.3,5,7.8,Yes,No,High School,8,0,0,High,2.7,18,86.1
74.3,7.9,59.5,10,7.2,Yes,No,Bachelor,8,5,0,Low,3.8,21,100
71.9,0.6,74,6,7,Yes,Yes,Bachelor,4,4,0,Middle,11.5,20,80.3
95.6,3.2,58.1,5,6.5,Yes,Yes,Diploma,7,2,0,High,6.7,19,86.7
77.6,4.1,70.9,8,6.2,Yes,No,Bachelor,8,4,0,High,8.4,21,100
93.8,7.1,55.1,10,6.9,Yes,Yes,High School,9,1,0,Low,8.4,21,100
88.6,1.6,89.2,4,5.6,Yes,No,High School,4,3,0,Middle,3.3,18,89.8
100,8,46,7,6.3,No,No,Bachelor,4,4,0,High,10.5,20,91.2
65.7,4.7,85.3,8,8.2,Yes,No,High School,10,1,0,Low,9.2,19,99.5
95.9,4.3,68.5,8,7.1,Yes,No,Bachelor,5,2,0,Low,3,19,97.5
94.6,4.1,61.1,8,8,Yes,Yes,Diploma,6,2,0,Middle,7.2,19,100
71.3,3.7,70.3,6,8.6,Yes,No,Master,8,4,0,Low,7.5,20,100
93.1,6.4,78.3,6,6.8,Yes,Yes,Master,5,5,0,Middle,11.7,19,100
85.7,2.6,87.1,7,7.2,No,No,Master,6,2,0,Middle,13.9,18,90.3
79.5,5.1,72.4,5,6.7,Yes,No,Master,9,2,0,High,8,20,99.8
72.9,3.8,55.5,7,6.1,Yes,Yes,Master,4,4,0,High,0.5,22,86.7
74.1,3.1,68.8,7,6,Yes,Yes,Bachelor,6,4,0,Middle,11.6,20,86.8
100,9.2,93.4,7,7.9,Yes,Yes,Master,5,3,0,Middle,19,19,100
82,5.3,86.9,8,7.2,Yes,No,Bachelor,5,8,1,Middle,11.6,18,100
90.6,5.6,80.7,4,9,Yes,Yes,Bachelor,9,4,0,Low,6.6,20,100
73.3,6.5,79.1,7,8.1,Yes,No,High School,10,4,0,High,10,20,99.9
73.4,1.9,77.8,10,6.2,Yes,No,Bachelor,8,3,1,Low,12,20,93.9
93.9,7.7,84.2,5,7.9,Yes,No,Master,8,6,2,Low,8.6,21,100
67.2,0.5,61.6,10,6.7,Yes,No,Bachelor,8,5,0,Middle,14.6,20,85.4
77.4,3.1,49,8,8.3,No,Yes,High School,6,1,0,Middle,2.3,20,76.5
82.4,3.7,69,6,6.5,No,No,Bachelor,7,3,0,Middle,6,19,92.9
83.2,5.5,56.6,5,5.8,Yes,Yes,Bachelor,4,3,0,Low,10.3,18,82.1
80,4.9,53.2,8,6.1,Yes,Yes,Bachelor,5,4,0,Middle,11.5,18,83
86.4,4.2,57.9,10,6.2,Yes,Yes,Bachelor,7,5,0,High,5.3,20,100
89.6,4.5,100,7,6.1,Yes,No,High School,5,2,0,Middle,5.7,20,100
90.1,2.7,69.9,7,6.4,No,Yes,Master,4,4,0,Low,4.7,19,89
71.2,1.8,73.1,10,7.9,Yes,No,Bachelor,6,7,1,Low,4.3,18,93.1
78.9,5.8,50.9,8,9,Yes,Yes,Diploma,9,4,1,Middle,10.6,21,94
95.1,5.7,42.2,4,5.5,Yes,No,Bachelor,10,3,0,Middle,7.8,19,91.3
91.8,7.4,56.5,8,8.4,Yes,No,Diploma,7,1,0,Middle,14.5,18,91.7
66.9,3.1,88.1,10,6.5,Yes,No,Diploma,8,3,0,High,2.5,18,91
85.9,5.7,72.7,7,7.4,Yes,No,Master,6,2,0,Low,7.2,21,100
60.2,4,76.4,2,5.2,Yes,No,Master,3,3,1,Middle,11.7,18,64.1
82.5,6.6,78.3,8,7.6,Yes,Yes,Diploma,5,5,0,Middle,9.7,19,97.5
100,6.3,59.7,7,4.8,Yes,No,High School,6,4,0,High,2.5,20,100
71.6,4.9,87.4,4,7.3,Yes,No,High School,7,3,0,Low,13.8,19,93.4
72.8,3.9,59.1,4,7.3,No,Yes,Master,7,0,0,Low,8.5,19,79.2
90.4,6.2,87.7,9,7.2,Yes,Yes,Master,6,6,0,Middle,17.6,20,100
65,5.7,74.2,6,6.2,No,Yes,Diploma,6,3,1,Middle,7.3,22,96.2
75,3.3,43,6,7.6,No,No,Diploma,8,4,1,Middle,13.8,19,81.2
88.6,2.1,57.5,7,7.4,Yes,Yes,Diploma,4,2,0,High,6.2,19,76.3
75,4,43,6,6.8,Yes,Yes,Master,9,3,0,High,6.8,19,84.4
79.4,7.2,84.3,8,7.7,Yes,Yes,Diploma,6,3,0,Low,10.5,19,100
90.2,6.6,67.7,7,6.9,Yes,No,Bachelor,10,1,0,Middle,0.5,19,100
86.6,2.5,36.8,5,7.6,Yes,No,Bachelor,6,2,0,Low,0.5,19,80.4
84.9,2.4,73.3,6,6.9,No,No,High School,6,4,0,High,4.6,19,86.6
78.3,6.8,60.5,8,7.2,Yes,Yes,Diploma,6,5,0,Low,1.5,22,100
86.1,2.5,47.2,8,7.6,Yes,No,Diploma,6,3,0,High,0.5,19,75.9
80.6,5.4,91.5,7,6.6,No,No,Bachelor,8,2,0,Middle,11.7,20,99.8
87,3.4,69.5,10,5.6,Yes,No,Bachelor,7,3,0,Middle,4,19,95.9
76.5,7.4,63.9,9,7.3,Yes,No,Bachelor,9,6,0,Middle,6.3,20,100
80,3.1,62.4,9,8.3,Yes,No,High School,8,2,0,Middle,8.7,19,91.6
71.1,6.6,46.8,7,7.3,Yes,No,Diploma,7,4,2,Low,10.5,18,85.2
81.6,4.8,49.7,8,7.3,Yes,No,High School,8,3,0,Middle,9.4,21,91.5
73.1,5,86,7,7,Yes,No,High School,9,6,0,Middle,9,20,100
69.7,1,61.4,9,7.8,Yes,Yes,Bachelor,8,3,0,High,10.3,19,90
84.8,0.5,68.3,7,6.8,Yes,Yes,Master,8,5,0,Middle,5.5,21,82.2
84.3,4.1,39.4,8,6.5,Yes,No,Bachelor,8,6,0,Middle,4.4,22,91.2
90.6,4.9,49.5,8,8.2,Yes,No,Bachelor,5,7,1,High,0.5,19,94.3
77.3,2.5,76.5,7,6.4,Yes,Yes,Bachelor,10,1,0,High,11.2,19,96.7
86.5,2.5,73.3,10,8,Yes,No,Master,8,1,0,Low,4.6,20,100
88.1,5.5,92.5,6,8.2,Yes,Yes,Bachelor,8,6,0,Middle,17.9,19,100
86.9,5.5,86.8,6,7.6,Yes,Yes,Bachelor,7,6,0,Low,11.7,18,100
72.9,4.3,64.8,9,5.6,Yes,Yes,Diploma,2,3,0,Middle,12.8,19,90.8
83.6,5.9,74.6,6,7,Yes,No,High School,6,0,1,High,11.5,20,97
86,2.4,63.6,7,6.8,No,No,Diploma,7,4,0,High,10.7,20,83.3
82.1,3.9,96.8,5,6.5,Yes,No,Master,5,1,0,High,10.4,21,96.6
59,7.5,84.1,8,7.2,Yes,No,Bachelor,5,2,1,Middle,10.8,18,100
83.8,4.6,70.4,9,7.8,Yes,No,High School,6,4,0,Low,8.9,18,100
100,4.7,70.8,7,6.5,No,No,Bachelor,9,5,0,Low,4.9,18,99
78,8.7,88.2,9,6.8,Yes,Yes,Diploma,10,7,0,Middle,2.1,22,100
74,2,76.1,4,6.7,Yes,No,Master,7,3,2,Low,10.1,18,68.1
86.1,5.9,89.8,6,8.3,Yes,Yes,High School,6,2,0,Low,14.5,19,100
85.4,7.5,37.3,7,6.7,Yes,No,Bachelor,6,6,0,Middle,7.4,20,89.7
95.1,3.9,74.5,5,5.6,Yes,No,Bachelor,7,5,0,Low,8.8,20,99.9
68.2,6,60.8,4,5.3,Yes,No,Master,7,3,0,Middle,1.4,20,91.6
90,2.7,92.6,7,7.4,Yes,No,Bachelor,8,4,2,High,5.7,19,100
88.5,3.3,89.6,9,6.2,Yes,No,Master,6,3,0,Low,1.9,18,100
80.4,5.2,68.5,10,7.7,Yes,Yes,High School,8,5,0,High,2.2,20,100
85.7,5.9,89.5,6,5.5,Yes,Yes,High School,8,7,0,High,8.5,19,100
93.3,6.5,93,9,6.4,Yes,No,Diploma,6,3,0,Middle,7.7,18,100
91.6,7.3,69,9,5.5,Yes,Yes,Bachelor,4,5,0,High,11.9,18,100
69.4,4.4,100,10,7.5,Yes,No,Diploma,5,1,0,Middle,11.8,19,100
91,6.6,67.6,7,7.7,No,Yes,High School,10,2,0,High,3.6,19,100
81.3,3.9,65,4,7.4,Yes,No,Bachelor,4,5,0,High,0.5,21,91.7
82.8,6.1,80.1,8,5.8,Yes,No,Bachelor,10,4,0,High,3.3,19,100
82.8,4.9,63,5,6.2,Yes,Yes,Bachelor,4,2,0,Low,4.4,19,73.4
80.3,5.3,69.2,6,7.3,Yes,Yes,High School,5,4,0,High,10.8,18,91.6
95.1,5.3,87.7,7,5.1,Yes,No,Master,6,6,1,High,11.1,22,97.5
81.1,1.6,68.3,7,6.7,Yes,No,Bachelor,10,1,0,High,7.8,21,78.7
69.7,2.5,44.3,8,8.7,Yes,Yes,Diploma,7,7,1,Low,11.7,20,87.9
77.7,4.7,73.1,9,6.8,Yes,Yes,Bachelor,7,5,1,Low,20.8,19,94.5
84,1.5,58.3,7,5.4,Yes,No,Diploma,5,5,0,Middle,7.4,19,82.8
95.5,6,80.1,8,6.3,Yes,Yes,Bachelor,8,4,0,Middle,6.8,19,100
88.6,6.1,77.7,8,6.3,Yes,Yes,Diploma,6,7,0,Low,3.8,19,100
72.6,5.1,88.6,9,9.4,Yes,No,Master,7,6,2,High,9.6,18,100
100,2.5,80.7,7,8.8,Yes,No,Master,6,3,1,Middle,13.7,18,94.5
84.9,7,83.3,7,7.8,Yes,No,High School,8,6,1,Middle,5.5,22,100
96,8.2,58.6,7,6.6,Yes,No,High School,9,3,2,Middle,6,20,98.3
80.3,4.8,79.3,7,8.3,No,No,High School,5,3,0,Middle,5.4,17,98.9
87.9,5.4,95.6,6,5.8,Yes,No,Bachelor,6,7,0,Middle,2.2,20,100
91.2,4.9,58.4,6,8.2,Yes,Yes,High School,6,5,1,Middle,8.7,18,86.3
95.4,5.5,93.2,9,8,Yes,Yes,Bachelor,7,5,0,Middle,8.8,20,100
93.6,4.3,60.3,5,6.8,No,Yes,Diploma,9,6,0,Middle,7.8,20,100
91.6,4.4,56.1,7,8.3,Yes,Yes,Bachelor,7,5,0,Middle,17.2,18,90.3
78.5,6.1,72.1,10,6.5,Yes,No,Diploma,3,2,0,Middle,10,19,98.4
75.7,8.7,78,7,5.6,Yes,No,Master,9,7,0,Middle,2.4,18,100
85.7,2,80.8,9,8.1,Yes,No,High School,4,5,0,Middle,11.2,18,87.1
92.3,4.3,54.5,6,6.9,Yes,No,Bachelor,6,5,0,Middle,6.3,18,95.8
79.6,2.4,74.1,5,7.7,Yes,No,Bachelor,7,4,0,Middle,6.4,18,82.9
93.7,7.4,58.4,4,9,Yes,No,Bachelor,7,6,0,Middle,7.1,20,100
98,3.4,47.2,10,6.2,No,Yes,Diploma,9,8,1,Middle,6.6,19,96.6
71.9,1.9,55,5,6.8,Yes,No,High School,6,3,1,Middle,9.3,20,64.6
72.8,5.6,57.5,9,8.7,Yes,No,Bachelor,5,6,0,Middle,18.6,18,92.2
80.5,7.6,75.3,6,7.7,Yes,Yes,Bachelor,6,4,0,Middle,6.2,21,100
85.4,5.7,84.1,10,6.2,Yes,Yes,High School,9,0,0,Middle,8.4,19,100
76.2,4.9,47.4,10,5.9,Yes,Yes,Diploma,8,1,0,Low,9.2,17,90.7
96.9,5.2,72.9,4,6.4,No,No,High School,7,5,0,Low,5.4,19,87.5
86.7,7,51.5,5,6.2,Yes,Yes,Bachelor,10,6,0,Low,6,18,100
82.4,2.9,76.8,9,7.3,Yes,No,Bachelor,9,5,0,High,13,18,100
66.2,4.3,59.3,9,7.1,No,Yes,Bachelor,9,6,0,Middle,5.4,20,92.6
67.5,3.7,53.3,9,7.3,Yes,Yes,Diploma,5,9,1,Middle,3.6,18,88.8
85.1,2.4,79.2,6,6.1,Yes,No,High School,9,5,0,High,16.9,18,96.4
58.5,3.9,59.8,10,6.9,Yes,No,Bachelor,7,3,0,Low,2,19,80.4
93.1,6.5,63.6,8,4.7,Yes,Yes,Diploma,6,4,0,Middle,12.4,18,97.2
80.3,5.5,36.9,5,7.2,Yes,No,High School,6,7,0,Middle,7,18,78.9
100,5.7,81.3,7,8.3,No,Yes,Bachelor,7,1,0,High,1.9,19,100
100,4.8,79.5,5,5.4,Yes,No,High School,6,6,0,High,6.1,18,100
80,5.4,68.1,10,7.5,Yes,No,Bachelor,7,4,0,Middle,6.9,21,100
80.8,3.1,46.6,6,6.3,Yes,Yes,High School,7,2,0,Middle,0.5,19,83.2
93,3.9,84.9,8,7.9,Yes,No,Diploma,7,1,0,High,10.1,17,90.4
100,4.8,58.7,7,7.2,Yes,Yes,Diploma,8,7,0,High,9.6,18,100
64,5,61.7,6,7.4,No,Yes,Bachelor,6,2,0,High,6.3,22,85.6
62.3,5.1,100,4,7.1,No,Yes,Bachelor,6,4,1,Low,10.4,19,85.4
75.2,4.3,58.1,9,8.5,No,Yes,Bachelor,3,2,0,Middle,9,19,84.1
88.4,3.8,78.4,10,7.4,Yes,No,Diploma,9,8,0,Middle,14.5,19,100
87.5,10,75.9,6,6.2,Yes,No,High School,7,4,1,Low,2.6,19,100
93.8,6.1,73.5,4,7.1,Yes,No,High School,7,1,0,Middle,6.5,18,98
68.8,5.2,71.9,9,6.6,Yes,Yes,Master,9,3,1,Low,13,20,86.6
56.5,4.1,73.3,4,7.2,Yes,No,Diploma,4,7,0,Middle,10.7,19,81.3
91.4,3.7,71.8,10,6.5,Yes,Yes,Bachelor,7,2,0,High,0.5,20,94.9
72.9,4.3,67.3,6,6.3,No,No,Master,5,3,0,Middle,0.5,18,87.6
59.8,5,89.2,5,7.2,Yes,No,High School,8,6,0,Middle,8,17,96.2
83.6,1.1,49.6,8,7.1,Yes,Yes,Bachelor,3,5,0,Middle,16.2,22,75.5
90.7,1.7,82.3,5,8.2,Yes,No,Diploma,9,2,0,Middle,5.8,19,100
80.7,3.4,79.5,6,6.5,Yes,No,Diploma,9,4,0,Middle,11.2,18,89.7
77,4.9,77.8,8,4.8,Yes,No,High School,5,4,0,Middle,8.4,18,95
80.2,4.1,83.6,3,6.6,Yes,No,Bachelor,7,4,0,High,10.9,19,96.2
77.9,7.2,66.7,10,5.2,Yes,No,Diploma,5,6,0,Low,13.4,20,100
67.2,1.8,41.8,8,7.5,No,No,High School,8,4,0,Middle,12.7,19,77.3
74.1,3.1,67,5,5.2,Yes,No,High School,9,4,0,Low,12.5,21,85.1
87.7,7.2,54.1,5,5.9,Yes,Yes,High School,5,4,0,Middle,4.9,19,91.8
85.5,4.7,57.8,9,6.6,Yes,No,Master,4,6,0,High,7.2,18,98.4
83.8,6.1,50.6,9,8.7,Yes,Yes,Diploma,9,3,0,Low,10.6,17,96.2
71.1,8.2,61.3,10,5.8,Yes,No,Master,10,0,0,Middle,10.4,21,98.9
80,3.3,59.6,6,7,Yes,No,Bachelor,8,4,0,High,11,22,81.5
58.1,4.3,34.7,8,7.6,Yes,No,Bachelor,8,5,0,Middle,0.5,18,87
84,4,77.8,8,8.6,Yes,No,Diploma,6,3,0,Middle,14,18,100
97.7,1,99.1,9,7.9,Yes,No,Diploma,7,3,0,Low,0.5,21,100
65.8,3.9,76.5,10,8.2,Yes,Yes,Bachelor,8,3,0,Low,4.2,18,100
75.6,6.1,65.2,6,8,Yes,No,Diploma,7,4,0,Middle,9,18,100
85.6,5.5,67.2,7,5.7,Yes,No,Bachelor,10,1,0,High,7.9,20,100
95.8,5.6,62.1,6,7.4,Yes,No,High School,7,5,0,Middle,15.1,22,100
77.1,3.8,69.3,7,7.9,Yes,Yes,Master,8,0,0,High,2.1,19,95.6
74.4,3.3,67.5,9,5.9,Yes,No,High School,7,5,0,Middle,6.2,18,89.4
60.3,6.8,56.2,4,6.4,Yes,Yes,High School,7,5,0,High,0.5,21,86.4
83.1,3.6,91.6,10,6.1,No,Yes,Bachelor,9,5,0,High,8.7,19,100
100,5,47.2,5,7.8,Yes,Yes,High School,7,0,0,Low,7,18,88.6
85.1,4.8,78.1,7,6.9,Yes,Yes,High School,7,5,0,Middle,1.8,19,98.3
81.8,7.1,66.6,10,6.6,Yes,Yes,High School,7,3,0,Low,14.5,21,100
85.5,6.2,94.6,8,5.6,Yes,No,High School,6,7,1,Middle,13.4,18,100
81.9,2.2,72.8,8,6.9,Yes,No,Diploma,4,5,0,Middle,8.4,19,95
73.1,2.4,63,5,6.4,No,Yes,Diploma,10,2,0,Middle,13.7,19,88.2
91.1,5.5,64.5,5,7.3,Yes,No,Diploma,9,1,0,Middle,7.5,21,98.3
84.5,4.4,68.6,9,5.7,No,No,Diploma,9,3,0,Middle,11.6,20,98.1
82.2,3.7,52,6,7.2,Yes,Yes,Diploma,5,6,2,Low,12.3,20,81.1
71.3,6.3,57.3,7,6.5,Yes,Yes,Bachelor,10,6,1,Low,2.7,20,96.3
96.3,4.8,43,9,5.6,No,No,High School,10,4,0,Low,10.2,19,92.3
89.3,4.6,55.1,5,5.5,Yes,Yes,High School,9,4,0,Middle,8.8,18,84.1
75.9,5.9,69.3,8,5.7,Yes,Yes,Master,10,3,0,Middle,2.9,21,100
93,3.8,72.2,8,6.8,No,No,Bachelor,9,4,1,Low,1.6,20,92.5
76.5,7.3,40.3,7,7.1,No,No,High School,5,6,0,High,10.5,20,85.8
73.4,3.1,66.1,6,7.3,Yes,No,Master,8,3,0,Middle,6.6,20,95.4
73.6,5.7,75.9,6,7.3,Yes,No,Bachelor,5,5,0,Middle,0.7,19,100
62.5,7.1,65.7,5,6.2,Yes,No,High School,6,3,0,Middle,10.9,19,83.8
87.2,2,59.1,8,8.2,Yes,No,Master,8,6,0,High,12.7,19,99.7
61.9,3.9,62.2,6,6.5,Yes,Yes,Diploma,7,5,0,Low,2.1,19,83
68.5,6.6,60.4,9,7.5,No,No,Master,8,6,1,Middle,8,18,96.2
59.2,6.6,59.1,7,6.8,Yes,No,High School,3,8,0,High,15.6,20,98.9
81.1,4.2,70.4,5,7.4,Yes,Yes,High School,7,0,0,Low,3.4,20,81.5
80.3,3.2,100,7,6.8,Yes,No,Bachelor,8,6,0,Low,16.5,21,95.5
78.4,6.2,57.6,7,7.4,Yes,Yes,High School,8,5,0,Middle,6.4,20,95.1
70.5,6.6,63.5,10,7,Yes,Yes,High School,9,5,0,Middle,7.6,19,100
69.1,2.4,67.3,7,7.9,Yes,No,Bachelor,8,4,0,Low,1,19,87.1
87.1,2.3,58.4,7,6.1,Yes,Yes,High School,6,4,2,Middle,1.2,19,72.1
75.9,4.9,83.4,10,5.1,Yes,Yes,Master,8,5,0,Middle,4.7,21,100
85.5,5.6,34.8,9,5.9,Yes,No,Diploma,6,6,1,High,12.4,19,98.7
72.3,4,60.6,10,8.2,Yes,Yes,Master,9,6,0,Middle,19.7,20,100
84,5.7,79.5,10,6.8,Yes,No,Diploma,8,4,0,High,21,19,100
96.3,3.2,63.9,6,7.1,Yes,Yes,Bachelor,7,4,0,Middle,7.4,19,98.4
88.4,0.7,56.5,9,5.8,Yes,Yes,Diploma,5,4,0,Middle,6.2,20,84.1
77.5,3.7,74.2,10,7.1,Yes,Yes,Bachelor,9,3,1,Middle,3.1,20,100
84.8,4.6,80.7,10,5.9,Yes,No,Diploma,8,8,0,Low,13.6,18,100
79.4,4,70.9,9,6,Yes,Yes,High School,10,1,0,Low,4.4,21,97.1
82.1,2.4,56.8,9,6.6,No,No,High School,8,5,0,Low,6.8,20,85.5
78.4,1.2,74.4,7,7.5,Yes,No,High School,8,5,0,Low,10.5,20,79.7
80.2,3.6,62.4,6,7.6,Yes,No,Diploma,4,3,0,Middle,10.3,19,94.8
84.3,6.1,78.4,7,7.6,Yes,No,Bachelor,8,5,0,High,4.9,19,100
71.1,6.8,88.8,4,5.3,Yes,Yes,High School,6,7,0,Low,7.5,21,98.1
70.8,6.6,31.5,10,7,Yes,No,Diploma,9,3,0,Middle,5.1,19,92.8
66.7,3,69.6,7,6.8,Yes,No,Master,8,7,0,High,3.8,21,89.3
64.4,2.4,43.7,10,5.3,Yes,No,Bachelor,9,6,0,Low,2.9,18,86.3
68.6,5.4,100,5,7,Yes,No,Master,10,3,0,High,0.6,22,100
83.8,5.6,61.4,10,6.7,Yes,No,Master,5,2,1,High,9.8,19,100
72.2,5.2,78.4,7,7.6,Yes,No,High School,9,4,0,Low,6.8,19,100
87.6,0.9,67.5,5,7.1,Yes,Yes,Master,8,2,0,High,2.3,18,85.3
82.4,2.9,56.8,10,6.4,Yes,No,High School,10,0,1,High,1.9,22,93.4
60.3,4.4,55.1,10,8,Yes,No,Master,8,3,1,Low,1.8,18,86.8
89.2,5.4,90.2,8,4.6,Yes,No,Bachelor,8,8,0,High,4.9,19,100
90.9,5.9,81.4,8,6.9,No,No,Bachelor,9,3,0,Middle,13.6,19,100
71.1,4.8,95.2,8,5.1,Yes,No,Bachelor,9,5,1,High,4.6,18,100
86.6,5.1,68.8,8,6,Yes,No,Master,10,5,1,Middle,10.8,20,100
72.6,4.7,72,6,7.6,Yes,Yes,Bachelor,5,4,0,Middle,15.8,21,96.5
83.1,5.7,64.3,7,5.6,Yes,No,Diploma,6,3,0,Middle,8.8,18,98.8
68.1,5.1,64,10,5.4,Yes,No,High School,10,6,0,Middle,4.2,19,100
62.3,4.6,53.4,10,9.6,Yes,No,Bachelor,3,4,0,Middle,7.6,19,89.6
77.8,4,69.2,10,5.5,Yes,No,High School,7,4,0,High,7.8,19,92
80.6,4.6,57,8,8.8,Yes,No,Bachelor,7,6,0,Middle,16.6,21,86.9
77.6,5.4,74.2,7,6.8,Yes,Yes,Bachelor,7,2,0,High,0.5,19,94.3
69,5,70.4,6,6.4,Yes,Yes,Diploma,10,1,1,Middle,13.6,22,89
77.6,5.2,72,6,7.6,No,No,Bachelor,8,1,0,High,0.5,19,84.2
85,6.9,91.5,6,8.5,Yes,Yes,Bachelor,6,5,0,Middle,12.1,18,100
81.5,5,67.5,10,5.7,No,Yes,Master,6,4,0,Middle,6,19,100
84,3.3,78.6,10,6.4,Yes,No,Diploma,8,6,1,Middle,17.1,21,92.2
74.6,6.1,96.7,9,7.9,Yes,Yes,Master,9,4,0,Middle,11.4,19,100
94.9,2,86.3,6,7.3,Yes,Yes,Master,7,1,1,High,10.9,18,92.1
69.1,2.6,84.1,9,8.2,Yes,No,Bachelor,7,3,0,Low,3.3,20,88
87.4,5.1,63.7,7,7.6,No,No,Master,6,6,0,Middle,17,18,88.6
95,5.4,71.2,3,9,Yes,No,Bachelor,8,3,0,Low,22.1,20,95.5
87.3,2.3,49.5,8,7.2,Yes,No,High School,8,6,0,High,18.1,18,87.9
79.8,3.8,75,6,7.2,Yes,No,Bachelor,6,3,0,Low,3,19,92.8
76.2,3.4,71.8,6,7.4,Yes,Yes,Bachelor,9,5,0,Middle,7.1,21,100
93.4,3.6,68.3,7,6.8,Yes,No,Master,10,0,0,Middle,2.1,18,97
66.3,6.2,82.4,7,7.9,Yes,Yes,Bachelor,7,4,0,Low,5,21,100
71.3,5.8,51.1,7,7.3,No,Yes,Bachelor,8,3,0,Middle,9.4,18,88
77.6,4.5,90.9,7,7.9,Yes,Yes,Bachelor,5,1,0,High,11.6,20,100
95.6,3.5,80.6,4,8,Yes,No,Diploma,8,6,0,Low,10.7,18,93.7
86.2,2.1,67,10,7.5,Yes,No,High School,8,3,0,High,0.5,18,97.1
71.4,7.1,65.9,6,7.6,Yes,Yes,Bachelor,6,3,0,Low,7.8,20,97.8
78.6,5.6,74.7,6,5.9,Yes,No,High School,6,7,0,Middle,10.6,19,100
75.2,3.2,89.3,7,6.4,Yes,No,High School,10,4,0,Middle,12.7,19,99.4
74.2,5.8,69.4,7,7.9,Yes,Yes,Bachelor,8,6,1,Middle,10.1,18,95.9
92.8,4.4,70,10,8.6,Yes,No,Bachelor,5,1,0,Middle,10.4,19,100
66.9,4,68.3,8,4.9,Yes,No,Bachelor,9,2,1,Low,6.8,18,90.2
99.7,5.3,92.9,9,6.4,Yes,Yes,Master,7,8,1,Middle,9.4,19,100
91.1,3.2,62.8,8,7,Yes,Yes,High School,7,6,0,Low,20.9,19,99.8
94,3.9,67.6,8,6,Yes,Yes,Diploma,9,2,0,High,14,21,90.5
76.9,4.7,88.5,8,6.1,Yes,No,Bachelor,2,4,0,Middle,9.8,19,97.8
80.4,3.6,70.1,4,7.5,Yes,No,Bachelor,3,2,1,Middle,11.6,18,80
66.2,5.7,83.9,7,8.7,No,No,Bachelor,10,7,0,High,8.4,22,100
76.2,7.9,55.2,10,4.8,Yes,No,High School,7,0,0,Middle,8.4,17,99.8
87.4,3.1,65.1,10,6.8,Yes,No,Bachelor,6,5,0,Middle,12.8,20,97.4
96.3,1.5,88.8,5,7.5,Yes,Yes,Bachelor,4,5,0,High,5,18,95.7
69.8,0.9,58.5,8,7.9,Yes,No,Diploma,7,2,0,Low,7.4,20,78.9
78,4.2,65.9,6,7.4,Yes,No,High School,8,3,0,Middle,1.1,19,85.5
80.3,3.3,71.6,10,8.9,Yes,Yes,Bachelor,10,5,0,Low,11.9,19,100
66.6,4.9,54.2,5,7,Yes,Yes,High School,8,0,0,Middle,13.3,20,81.9
88.5,4.7,62.2,9,8.4,Yes,No,Diploma,6,1,0,Low,11,21,96.7
74,1.6,69.6,5,6.3,Yes,No,High School,8,4,0,High,6.8,18,79.2
79.9,1.2,68.7,7,7.1,Yes,Yes,High School,9,2,0,Middle,7.8,19,81.5
77,5,85.9,7,5.7,Yes,Yes,Diploma,9,3,0,Low,8.7,17,97.2
73.3,4.7,89.6,10,8,Yes,Yes,High School,8,4,0,Middle,13.5,21,100
81.9,3.7,56,5,6.9,No,Yes,High School,8,2,1,Middle,13.2,22,79.8
79.6,1.5,69.6,9,7.4,Yes,Yes,Bachelor,6,4,0,Middle,0.8,18,99.7
77.9,5.3,77.4,8,6.7,Yes,Yes,High School,5,5,0,Middle,3.6,19,100
74,6.8,89.2,8,7.6,Yes,Yes,Bachelor,5,6,0,Middle,10.2,19,100
85.5,5,78.1,9,7.4,Yes,No,Bachelor,8,2,0,Middle,1.3,19,100
100,3,72.1,5,5.9,Yes,Yes,High School,8,3,0,High,12.6,19,94.6
83.5,4.6,77.3,9,6,Yes,Yes,High School,9,5,0,Middle,6.6,19,100
93,2,77.4,6,7,Yes,Yes,Bachelor,8,1,0,High,11.5,18,87.3
66.7,6.4,55,10,7.7,Yes,Yes,Diploma,9,4,0,Low,8.2,18,95.7
83.7,4.6,70.7,8,9,Yes,Yes,Diploma,7,4,0,Low,7.5,20,100
69.9,1.3,88.4,7,7.3,Yes,No,Bachelor,9,0,0,Low,2.6,21,87.1
65.8,4,65.1,6,8.1,Yes,No,High School,5,3,0,Low,5.3,20,84.1
73.9,5.3,69.8,9,5.2,Yes,Yes,Bachelor,7,5,1,High,7.4,20,93.5
95.1,3.9,64.6,10,9.2,Yes,No,Master,3,4,0,Middle,7.3,22,99.1
92.5,4,35.6,6,7.7,Yes,No,High School,7,3,0,Middle,11.6,17,73.8
84.7,2.3,68.3,5,6.9,Yes,Yes,High School,9,4,0,Middle,4.8,19,91
65.1,5.5,72.2,9,6.8,No,Yes,Bachelor,7,6,0,Middle,7.9,19,99.5
79.8,3.3,60.8,5,5.8,Yes,No,Master,8,5,0,Low,15.5,19,87.3
85.3,0.6,51.8,5,6.1,No,No,High School,8,2,0,Middle,12.1,20,68.3
83.9,3.8,55.7,5,9.1,Yes,Yes,Diploma,6,1,1,Middle,8.5,19,83.5
61.7,6.3,78.7,7,5.9,Yes,Yes,High School,7,5,0,High,0.7,19,100
72.2,3.8,95.6,5,5.9,Yes,No,Diploma,9,2,0,Middle,1.1,20,94.4
81.3,7.6,87.4,4,6.2,Yes,No,High School,8,3,0,High,11.2,21,100
87.9,5.3,49.2,5,5.7,Yes,Yes,Diploma,6,4,0,Middle,11.7,20,82.9
57.8,5.1,80,9,7,Yes,No,Bachelor,4,6,0,Low,0.5,19,98.7
80.2,4.3,58.7,5,8.2,Yes,Yes,Master,7,7,0,Middle,11.5,20,97.4
83.6,4.4,59.8,7,6.3,Yes,Yes,Bachelor,6,4,0,Middle,5.2,19,94.6
91.3,4,61.5,10,5.5,Yes,No,Bachelor,7,3,1,Middle,6,19,98.8
89.6,4,77.9,7,7.3,Yes,No,High School,4,2,0,Low,12.4,19,97.6
88.4,5.5,81.4,8,6.9,Yes,Yes,High School,9,8,0,Low,11.7,17,100
73.2,2.8,66.6,6,8.1,Yes,No,Bachelor,7,3,0,Low,7.5,19,91.3
61,2.6,66.9,10,6.5,Yes,Yes,Bachelor,7,5,0,Middle,11.4,19,92
77.7,2.5,74.5,6,6.7,Yes,Yes,Bachelor,5,4,0,High,6.2,18,86
93,8.2,76,7,6.8,No,No,High School,6,3,1,Middle,4.1,18,100
97.3,5.5,84.5,10,7.1,Yes,No,Diploma,7,3,0,Middle,14.3,22,100
89.8,5,50,7,6.6,No,No,High School,6,1,0,Middle,14.6,18,87.4
86.7,2.6,68.3,8,6.4,Yes,Yes,Diploma,7,6,0,Middle,4.8,19,89.9
86.2,5.6,53,7,5,No,Yes,High School,10,4,0,Low,5.3,19,91.2
75.9,4.3,67.3,7,6.4,Yes,No,Master,3,7,0,High,12.5,19,89.9
80.6,4.9,64.8,8,7.8,No,Yes,High School,7,3,1,Middle,4.5,18,95.4
100,2.7,67.3,9,7.9,Yes,Yes,Master,5,3,0,Middle,12,20,95.4
71.6,4.8,56.8,6,6.5,Yes,No,Master,10,2,0,Middle,2.9,20,89.7
99.8,3.7,47.2,6,8.4,Yes,Yes,Bachelor,7,3,0,Low,6.6,22,89.7
78.5,3.1,38.7,6,7,Yes,Yes,Master,5,2,0,Middle,12.9,18,80.6
96.6,5.8,66.2,5,5.5,Yes,No,High School,7,5,0,Middle,3.2,19,100
66.5,1.7,62,4,5.2,Yes,Yes,Bachelor,8,4,0,Middle,5.1,20,78.8
88.4,5.5,58.5,8,8.3,No,No,Bachelor,10,7,0,Middle,9.9,18,100
73.9,5.7,86.5,9,6.6,Yes,No,High School,3,1,0,Middle,0.5,20,95.1
66.4,2.9,56,9,5.7,Yes,Yes,Bachelor,5,6,0,Middle,8.4,18,81.5
84.4,3,87.8,3,4.5,Yes,Yes,Diploma,10,2,0,High,13.8,19,92.5
93.1,4.1,90.7,7,6.6,Yes,No,Diploma,4,5,0,Middle,12.3,22,95.4
72.7,5,40.7,5,7.4,Yes,No,Master,7,2,0,Low,7.8,19,79.2
65.5,4.2,69.3,8,6.2,Yes,No,Bachelor,6,4,0,High,8.1,19,92.6
81,5.3,62.4,7,5.8,Yes,Yes,High School,6,0,1,Low,15.5,19,75.5
81,7.7,30,9,6.4,Yes,Yes,Master,7,3,0,Middle,14.9,18,92.2
88,3.6,47.8,7,8.4,Yes,Yes,High School,6,4,0,Middle,7.5,22,88
92.4,1.4,78.8,4,5.5,Yes,No,Master,9,8,1,Low,4.9,18,100
81.3,6,96.3,6,6.3,Yes,Yes,Master,10,0,0,High,12.3,18,100
100,7.5,80.6,8,8.3,Yes,No,Master,8,4,0,Middle,13.7,19,100
84.5,5.2,72.5,8,7.5,Yes,No,Bachelor,7,3,0,Middle,14.9,19,100
78.2,2.5,67.7,5,7.2,Yes,Yes,Bachelor,8,0,0,Middle,10.9,18,84.2
64.3,4.3,91.6,4,6.3,Yes,Yes,Bachelor,9,2,0,Middle,6.2,20,99.1
79.1,2.5,98.1,8,7,Yes,Yes,Diploma,9,3,2,High,0.5,19,93.2
78.3,5.7,59.8,5,6.4,Yes,No,Diploma,8,5,0,Middle,17.7,19,90.6
92.6,2.1,40,4,6.1,Yes,No,Diploma,10,4,1,Middle,16,20,75.4
87.1,4,38.6,7,5.8,Yes,Yes,Bachelor,6,1,0,Middle,4.2,19,75.2
69,2.7,86.5,7,7.9,Yes,Yes,Bachelor,9,0,0,Middle,9,21,93.1
83.9,4.7,67.3,6,6.9,Yes,Yes,Bachelor,8,5,0,Middle,6.9,21,99.5
89.4,3.8,70.6,6,7.3,Yes,Yes,Bachelor,6,4,0,High,8.3,22,96.1
98.8,4.8,42.9,8,7.2,No,No,Bachelor,7,7,0,High,6,18,93
91.8,4.5,57.5,6,7.5,Yes,No,Bachelor,8,3,1,Low,11.5,19,85.7
90.4,2.7,63.9,8,6.7,Yes,Yes,High School,7,6,1,Middle,2.3,19,92.3
82.7,5.6,70.9,7,6.5,Yes,No,Diploma,7,5,0,High,6,18,100
86.3,4.4,62.4,8,6.1,No,Yes,Diploma,4,6,0,Middle,12.4,21,93.9
95.7,2.7,53.5,9,5.4,Yes,Yes,Bachelor,6,5,0,Low,0.5,18,94.2
67.3,8.5,57,9,5.8,Yes,Yes,High School,7,5,2,Low,9.5,19,94.6
78.2,5.4,84.9,10,6.6,Yes,No,Bachelor,6,0,0,Low,5.3,18,97.6
73.5,4.2,71.4,9,5.2,Yes,Yes,High School,5,4,0,High,16.1,20,90.9
86.2,7,76.6,8,5.5,Yes,Yes,Diploma,9,3,0,Middle,9.6,20,100
95.5,7.8,55.4,7,8.1,Yes,Yes,Bachelor,7,7,0,Middle,4.1,21,95
75.4,4.2,30,7,7.2,Yes,Yes,High School,10,2,0,Middle,15.3,19,78.1
55.7,5.1,60.7,6,6.5,Yes,Yes,Bachelor,7,3,0,Low,8.1,20,83.1
77.5,2.7,55.9,8,9.5,Yes,Yes,Master,9,6,1,Middle,8.7,19,100
92,4.2,72.9,9,5.2,Yes,Yes,Bachelor,7,5,0,Middle,12.4,20,100
87.9,4.1,100,6,8.1,No,Yes,Bachelor,6,4,0,Middle,5,18,100
86.7,4.8,77.7,7,6.9,Yes,Yes,Bachelor,8,6,0,Low,15.2,19,99.2
78.9,5.1,100,6,7.9,Yes,No,High School,10,5,0,High,10.9,18,100
67.9,5.5,76,8,7.1,Yes,No,Bachelor,7,3,0,High,4.8,20,100
87.7,4.9,59.2,6,4.9,No,No,Diploma,8,1,0,Middle,5.8,18,84.8
72.8,2.3,72.9,6,7.1,Yes,Yes,High School,8,5,2,Middle,1.7,17,81.5
100,2.8,92.9,6,7.4,Yes,Yes,High School,7,2,0,Low,9.5,21,97
88.3,3.5,93.6,9,4.6,No,Yes,Bachelor,7,4,0,Middle,7.1,19,100
75.6,4,59.9,7,9.1,Yes,Yes,Bachelor,5,6,0,Middle,9.6,22,88.3
75.3,6.4,71.5,7,7.3,Yes,Yes,Master,7,4,0,Middle,0.5,19,100
81,2.4,48,8,7.7,Yes,Yes,Diploma,8,3,0,Middle,5.4,19,84.7
79.4,3.9,79.5,7,5.7,No,No,Diploma,8,3,1,Middle,3.1,20,96.2
94.3,6.2,89.7,10,7.8,Yes,Yes,Bachelor,7,3,0,Middle,10.5,19,100
84.1,4,68.6,6,8.2,Yes,No,Bachelor,8,2,1,Low,5,18,81
74,5.3,58.7,7,7.3,Yes,No,Diploma,7,7,0,High,10.4,20,95
100,4.2,73,5,7,Yes,No,Diploma,7,3,0,Middle,5.3,19,91.4
82.5,5,73.8,7,6,Yes,No,Bachelor,8,6,0,Middle,16.1,21,97.7
90.5,4.1,69.1,4,6.8,Yes,Yes,Diploma,7,2,0,Low,8.3,18,84.2
75.3,5.7,70.5,9,6.4,Yes,Yes,Bachelor,7,5,0,High,12.6,19,100
86,1.7,65.6,9,7.6,Yes,Yes,Bachelor,8,4,0,Middle,7.4,18,93.2
85.4,3.8,81.9,9,6.1,Yes,Yes,High School,7,4,0,Middle,12.6,20,100
61.2,5,78.3,8,7.6,Yes,Yes,High School,6,4,0,Low,4.1,20,95
100,5.5,54.2,6,6.1,Yes,No,Master,7,5,1,Middle,7.8,18,94.4
96.2,7.2,53.9,6,6.7,Yes,Yes,High School,7,4,0,Middle,5.7,19,97.6
77.6,3.8,64.4,10,7.7,Yes,Yes,High School,5,4,0,Middle,17.3,19,89.6
69.9,7.2,78.3,10,6.2,Yes,No,Bachelor,8,5,0,Middle,2.1,20,100
85.8,3.3,70.1,8,7.7,Yes,Yes,Bachelor,10,2,0,Low,18.4,19,98.3
83,6.9,59,6,7.6,Yes,Yes,Bachelor,5,1,0,Middle,1.1,18,94.9
85.9,6,71.7,10,6.7,Yes,Yes,Bachelor,6,4,0,Middle,11.7,22,100
84.1,2.9,63.4,6,8.3,Yes,No,Master,10,0,0,Low,4.9,21,87.6
87.6,5.1,80.3,8,7.1,Yes,No,High School,5,1,0,Middle,9.3,19,96.7
97.9,4.4,72.7,10,8.2,Yes,No,Bachelor,10,8,0,Middle,7.1,20,100
88.2,5.6,63.6,6,9,Yes,Yes,Bachelor,7,7,0,Middle,3.8,17,100
70.5,4.1,71.2,9,6.7,Yes,No,High School,7,3,0,Low,8.4,18,93.2
97,3.9,86.4,9,7.7,Yes,Yes,Diploma,7,6,1,Middle,5.9,20,100
100,7,60,7,6.3,Yes,No,Bachelor,8,6,0,Middle,10.9,18,100
100,4.3,73.6,6,5.9,Yes,No,Diploma,4,5,0,Low,3,18,100
69.6,6,67,6,6.8,Yes,No,Master,7,4,0,Middle,10.4,20,97.2
84.7,4.1,74,8,5.5,Yes,No,Bachelor,6,5,0,Middle,12.3,18,86.7
59.1,7.5,58.8,5,6,Yes,Yes,Bachelor,3,6,0,High,7.5,18,98.3
88.1,3.3,69.5,8,7.7,Yes,Yes,Bachelor,9,5,0,Middle,1.4,18,100
76,3.4,83.5,9,6.4,No,No,Bachelor,3,1,0,Low,16.7,19,96.9
100,7.2,54.9,9,7.8,Yes,Yes,Bachelor,10,8,0,Middle,10.3,20,100
73.5,3.7,49.4,5,7.3,Yes,No,Bachelor,8,9,0,High,4.4,18,85.4
63.4,7.4,49.9,10,9,Yes,No,Bachelor,4,0,0,High,10.5,19,86.7
76.8,6.1,51.6,10,7.6,Yes,Yes,Bachelor,10,5,1,High,0.5,17,97.9
60.3,4.2,76.3,8,8.2,Yes,No,High School,5,8,1,High,13.9,18,95.1
90.3,1.2,48.3,5,7.4,Yes,Yes,Bachelor,6,6,1,Low,18.6,18,72.7
59.3,4.5,63.8,7,7.3,Yes,Yes,Diploma,3,6,0,Low,12.1,18,90.7
82.3,4.7,76.7,7,8.3,Yes,Yes,Bachelor,5,1,0,Middle,3,18,94.6
59.1,6.6,73.8,8,7.7,Yes,Yes,High School,6,6,0,Middle,0.5,20,100
78.5,7.4,62.6,8,7.2,Yes,No,Bachelor,9,4,0,Low,14.8,22,100
100,3.3,70.7,8,7.2,Yes,Yes,Master,9,6,0,Low,7.3,20,100
86,5.9,69.5,7,7.6,Yes,No,Bachelor,5,2,0,High,6,18,94.3
72.5,5.9,64.9,8,6.3,Yes,Yes,Bachelor,8,2,0,High,13.8,20,86.4
81.7,6.4,65,7,6.2,Yes,No,Bachelor,3,4,0,Low,5,20,100
82.2,5.4,99.3,7,8.6,Yes,No,Diploma,8,3,0,Low,11.8,18,100
87.2,1,79.3,6,9.1,Yes,Yes,High School,10,4,1,High,8.1,19,91.7
67,4.2,100,10,6,Yes,No,Diploma,3,3,1,Middle,9.2,19,96.5
88.5,2.4,61,10,6.3,Yes,No,Diploma,5,4,0,Middle,16.1,19,78.3
52.3,4.1,66.8,9,8.3,Yes,No,Master,8,3,0,Middle,5.6,19,94
75.1,6.3,49.4,10,7.6,Yes,No,Diploma,9,4,0,Middle,5.1,18,100
76.6,5,56.7,9,7.7,Yes,No,Bachelor,5,1,0,Middle,7,19,95.9
89,6.6,94.6,8,8,Yes,No,Master,10,5,0,High,2,20,100
82.2,5.1,60.7,4,6.7,Yes,Yes,Bachelor,5,5,0,Middle,12.7,19,95.2
66.5,2.2,94.9,7,7.4,Yes,Yes,Diploma,10,1,0,Middle,12,18,85.2
71.2,0.5,50.6,7,7.3,Yes,No,Diploma,8,7,0,Middle,8,20,84.5
84.2,4.8,53.3,5,6.1,Yes,Yes,Diploma,10,2,1,Middle,3.4,19,82.5
81.1,4.1,63.2,5,7.3,Yes,Yes,Bachelor,8,6,0,Middle,0.5,19,100
75.6,2.7,67.1,8,8.4,Yes,Yes,Diploma,8,5,0,Middle,3.8,19,96.1
76.7,1.4,80.9,8,6.6,Yes,Yes,Bachelor,8,6,0,Low,6.8,19,89.9
89.7,3.2,74.3,5,7.2,Yes,Yes,Master,9,4,2,High,0.5,20,96.3
76.3,4.1,62.2,6,7.2,Yes,No,Diploma,7,5,0,Low,20.5,18,87.6
81,5.7,66.1,10,6.7,Yes,No,High School,5,6,0,High,10.1,20,100
100,4.8,63.5,6,7.7,Yes,Yes,Bachelor,7,8,0,Middle,10.7,19,100
66.3,7.4,55.2,8,6.3,Yes,No,Diploma,6,6,0,Middle,7.3,21,90.5
61.6,2.6,55.6,7,8.5,Yes,Yes,Bachelor,6,5,0,Middle,11.7,21,86.5
90.6,6.1,82.4,9,7.7,Yes,Yes,Bachelor,10,1,0,High,6.5,19,100
74.5,4.6,42.4,6,6,Yes,No,Diploma,8,0,1,Low,7.2,18,76.8
78.5,5.8,90.6,8,8.9,Yes,No,Master,8,4,1,Middle,15,19,100
73.4,3.7,63.2,8,7.2,Yes,Yes,Diploma,9,3,0,Low,13.5,18,94.9
79.1,6.4,57.2,8,6.2,Yes,Yes,Diploma,8,3,1,High,7.9,19,100
99.6,5,78.4,8,8.2,Yes,Yes,Master,10,4,0,Middle,18.1,19,100
90.8,3.3,88.8,8,7.5,Yes,No,High School,3,5,0,High,7.6,19,96.7
91.5,4.5,83.6,10,5.1,Yes,Yes,High School,5,3,0,High,5.5,19,100
66.4,4.1,75,10,6.4,No,Yes,Master,6,6,1,Middle,8.6,20,95.6
69.3,5.4,83.2,6,7.3,Yes,No,High School,4,4,1,Low,9.5,17,92.7
50.8,2.4,44,3,4.6,Yes,No,High School,7,4,0,Low,2,18,69.1
73.1,4.4,60.7,9,7.1,Yes,No,Bachelor,7,8,0,Low,10.4,18,97.6
92.5,5.2,55.2,8,7.2,Yes,No,High School,10,4,0,Low,18.6,20,100
87.7,4.6,85.1,10,5.7,Yes,No,Bachelor,9,4,0,Middle,12.8,21,100
79.6,6.9,62.6,8,7.3,Yes,No,Diploma,6,5,0,High,11.3,20,100
81.8,5.9,79.8,8,7,Yes,Yes,Bachelor,8,8,0,Low,10.4,22,100
74.4,4.5,75.5,10,5.7,Yes,No,Diploma,3,4,0,Low,3,18,93.4
84.3,4.9,55.9,10,8,No,Yes,Master,7,5,0,Middle,3,19,100
90.4,5,59.8,5,7.9,Yes,No,Diploma,7,4,0,High,8.8,21,91.1
64.2,5.2,86.1,6,6.7,Yes,Yes,Bachelor,5,4,0,Middle,5.9,19,100
85.3,1.2,57.1,7,6.8,Yes,Yes,Master,7,3,0,Middle,0.8,20,79.8
92.3,4,69.7,8,7.8,Yes,Yes,Diploma,6,3,0,Middle,6.2,19,100
77.4,1.8,57,7,6.8,Yes,No,High School,5,7,0,Middle,10.3,22,89.2
89.7,6.8,63.6,8,4.9,Yes,Yes,High School,8,3,0,Middle,10.9,19,100
100,4.4,67.4,9,7.5,Yes,Yes,Master,9,1,0,Middle,3.8,19,100
80.9,4.2,57,10,6.1,Yes,Yes,Bachelor,8,4,1,High,7.8,18,93.8
86.3,6.1,54.6,9,6.6,Yes,Yes,Master,6,6,0,High,10.1,18,100
73.9,5.3,72,6,8.6,No,No,Bachelor,6,6,0,High,1.7,21,97.2
84,2.5,56.2,7,6.9,Yes,Yes,Diploma,6,2,0,Middle,4.1,19,81.3
87.1,4.4,56.7,7,7,Yes,Yes,High School,7,6,1,Low,7.9,20,100
84.1,3.9,54.9,9,7.6,Yes,No,Master,5,8,0,Low,3.5,20,98
70.8,1.4,66.9,8,7.6,Yes,No,Diploma,9,3,0,Middle,6.4,19,86.3
84.3,3.3,81.2,10,6,Yes,No,Diploma,7,4,0,High,20.5,22,100
98.1,4.2,89.1,7,6.9,Yes,No,Bachelor,9,2,0,Middle,0.5,21,100
86.9,4.3,57.8,8,7,Yes,Yes,High School,4,8,0,High,15.1,20,92.1
92.6,1.8,98.1,10,7.3,Yes,No,Diploma,6,1,0,Middle,9.7,22,100
79.4,6.6,53.9,6,7.3,Yes,No,Bachelor,9,3,1,Low,1.9,17,93.5
90.2,4.3,83.2,8,9.8,Yes,No,High School,9,6,1,Middle,11.4,17,100
85.1,4.6,57.9,6,5.7,Yes,No,High School,5,3,0,High,8.2,18,90.6
71.5,5.2,55.8,8,8.1,Yes,Yes,Bachelor,8,2,1,Middle,14,22,89.7
85.5,3.1,57.6,6,8.3,Yes,Yes,Bachelor,8,4,0,Low,11.3,20,90.2
71.1,5.3,67.3,10,7.5,Yes,No,High School,6,9,0,Low,9,21,100
75,3.8,76.1,8,6.3,Yes,Yes,High School,8,3,0,Low,6.5,18,89.3
84.1,2.9,77.4,6,8.8,Yes,No,Master,4,4,0,Middle,13.8,18,88.7
85.3,5.5,54.8,9,4.6,Yes,No,High School,5,2,0,Low,6,19,80.3
68.9,7.2,54.1,8,6.2,Yes,Yes,High School,8,5,0,Middle,1,18,100
93.6,5.8,55.2,9,8.3,Yes,Yes,Diploma,7,6,0,Middle,0.5,21,100
88.3,6.2,66.4,5,6.6,Yes,Yes,High School,7,3,0,Middle,1.8,19,100
74.2,3.6,65.1,8,8.8,Yes,Yes,Bachelor,7,5,0,Middle,12,20,93.4
65.1,1.6,54.7,9,5.3,Yes,Yes,Master,8,3,0,Middle,6.2,19,88.1
80.4,7.2,71.8,7,5.8,Yes,Yes,Diploma,8,0,0,Middle,4.1,19,91.2
77.1,8.2,99.7,5,6.4,No,Yes,Bachelor,9,5,0,Middle,5.8,20,100
83.2,7.3,60.9,7,7.5,Yes,Yes,Master,7,8,0,Middle,12.1,19,100
78,3.9,61.9,10,6.8,Yes,Yes,High School,6,2,0,Low,11.2,22,82.9
59.9,2.4,75.8,10,6.5,Yes,No,Diploma,6,4,2,Middle,8.8,19,69.3
77.7,2.6,60.2,7,8.6,Yes,No,Bachelor,5,7,0,Low,5,19,93.1
78.6,1.5,77.4,5,8.7,Yes,Yes,Diploma,6,4,0,Middle,6,20,94.1
89,4.3,57.9,7,6.5,Yes,Yes,Bachelor,6,1,2,Middle,7.3,20,85
74.3,7.4,93.6,7,5.1,Yes,No,Bachelor,10,4,0,High,3.5,22,100
100,4.2,72.8,8,4.6,Yes,Yes,Diploma,5,7,0,High,7.4,21,100
61,5,59.3,7,7.3,Yes,No,High School,9,3,0,High,3.3,19,90.1
96.4,7,59.8,6,7.7,Yes,Yes,High School,6,4,0,Middle,9.8,18,100
79.5,3.8,60.8,10,7.1,Yes,Yes,Diploma,7,2,0,High,10.4,18,85.9
91.5,8.2,87.2,8,6.9,Yes,No,High School,8,4,1,Middle,13.6,19,100
82.9,8.1,50.2,8,6.1,Yes,No,Bachelor,4,5,0,Middle,9.3,19,100
94.5,4.3,58.6,4,7.7,Yes,No,Diploma,5,4,1,Middle,9.1,20,83.5
77.7,3.5,60.1,3,8.8,Yes,Yes,Bachelor,5,3,0,Middle,3.8,21,84.5
69.9,5.8,67.8,5,4.6,Yes,No,Diploma,6,5,0,Low,7.8,22,82.3
97.6,3.9,64.2,7,6.9,Yes,No,Bachelor,5,5,0,Middle,2.9,19,98.1
80.8,2.4,47.1,9,5.9,Yes,No,Master,10,5,0,Middle,0.5,19,86.9
84.4,6.8,62.4,3,5.4,Yes,No,Bachelor,6,3,0,Middle,6.7,20,87.7
95.6,6.7,66.6,10,5.8,Yes,No,Diploma,2,3,0,High,5.5,19,100
70.6,4.8,59.2,8,7.4,Yes,No,High School,6,8,1,High,11.1,18,83.5
88.6,2.2,77.6,10,7.4,Yes,Yes,Diploma,9,4,0,Middle,3.2,18,98.2
75.5,2.3,80.9,6,8.6,No,No,Diploma,10,3,0,High,22.1,21,95.1
80.5,4.7,66.9,9,7,Yes,No,Master,7,1,0,Middle,5.6,20,96
82.8,3.6,71.2,8,5.1,Yes,No,Bachelor,6,2,1,Low,7.6,20,83.8
65.5,3.9,37.7,9,6.7,Yes,No,Bachelor,7,3,1,Middle,5.2,20,80.8
73.4,6.3,62.1,7,5.5,Yes,Yes,Bachelor,8,5,0,Middle,11.9,18,91.6
96.9,5.8,82.1,8,5.7,Yes,Yes,Bachelor,5,3,0,Low,6.9,19,100
91.7,7,62.1,10,7.6,No,Yes,Bachelor,7,4,0,Middle,3.1,18,100
81.3,2.7,57.7,6,7.2,Yes,No,High School,7,1,0,Middle,0.5,20,80.9
84.7,3.9,99.9,8,7.6,Yes,Yes,High School,7,7,0,Middle,10.9,18,100
78.8,5.9,93.5,4,6.6,No,No,Bachelor,7,3,0,High,11.2,20,99.3
96.9,5.3,74.5,9,7.9,Yes,No,Bachelor,5,4,0,Middle,9.7,19,100
79.8,7.3,83.9,10,6.5,Yes,Yes,Diploma,8,3,1,Low,6.9,19,100
84.6,5.3,36.8,5,8.2,Yes,No,Bachelor,7,3,0,Middle,6.4,20,78.1
94.6,7.8,57,7,7.4,Yes,No,Diploma,7,2,0,Middle,11.9,19,100
73.4,5.5,61.4,9,6.8,Yes,Yes,Diploma,5,5,0,Middle,7.5,18,85.2
99.1,6.4,64.7,8,7.2,Yes,Yes,High School,8,2,0,High,13.6,21,100
65.2,3.9,61.1,8,7,Yes,No,Bachelor,5,5,0,Low,7.5,20,81.1
99.9,4.5,32.3,7,8.8,No,Yes,Diploma,10,4,0,Middle,7.3,19,92.9
77.9,6.1,73.4,7,7.3,Yes,No,Bachelor,5,5,0,Middle,9.9,19,100
79.3,7.4,75.6,7,7,Yes,No,High School,9,5,0,Middle,15,19,100
61.2,5.8,90.4,8,6.7,Yes,Yes,Bachelor,3,3,0,Low,13.9,19,100
77,4.4,57,5,7.9,Yes,Yes,High School,2,5,0,Middle,7.8,18,95.1
70.6,7,55.8,7,7.8,Yes,Yes,Diploma,6,3,0,High,6.1,21,91.3
75.3,0.6,30.5,10,6.7,Yes,Yes,Diploma,2,7,0,Middle,2,19,78
80.5,1.9,63.9,7,5.7,Yes,No,Diploma,8,3,0,High,11.5,19,79.3
92.5,5.7,80.6,5,6,Yes,No,High School,7,4,0,Middle,0.5,19,100
84.3,4.5,59.4,7,6.8,Yes,Yes,Master,10,3,2,Middle,16.5,18,97.5
85.4,5.6,98,6,8.5,Yes,No,Diploma,7,3,0,Middle,12.2,18,100
69.9,4.6,64.4,5,6.7,Yes,Yes,Bachelor,7,8,0,Middle,4.3,19,86
72.3,5.5,70.1,8,6.3,Yes,No,Bachelor,6,5,0,High,14.2,18,95.2
100,3,48.9,6,5.1,Yes,Yes,Bachelor,5,4,0,High,10.7,20,82.4
73.9,5.5,72,6,8.7,Yes,Yes,Bachelor,6,3,0,Low,10.3,20,93
100,6.3,40.3,8,7.6,No,No,Bachelor,5,6,0,Middle,6.7,22,100
79.3,6.7,77.7,4,7.9,Yes,No,Bachelor,8,3,0,High,10.8,20,91.4
82,8.1,78.1,4,8.1,Yes,Yes,Diploma,6,4,1,Middle,0.9,22,100
93.8,4.9,87,9,6.8,Yes,Yes,Bachelor,7,8,0,Middle,8.3,17,100
96,5,53.7,4,7.1,Yes,Yes,High School,10,2,0,High,4.6,19,88.6
80.8,1.8,70.2,6,8.6,Yes,Yes,High School,6,5,0,High,6.6,18,93
77.7,3.5,75.9,4,7.2,Yes,Yes,Diploma,8,5,0,Middle,4.6,18,96.2
81.4,4.2,74.2,7,7.6,Yes,No,Master,7,5,0,Low,4.8,20,98.7
85.7,6.4,55.9,8,8,Yes,No,Bachelor,9,3,0,Middle,14.4,18,100
91.8,3.4,34.5,8,7.7,Yes,No,Bachelor,7,3,0,High,0.8,18,83.7
82,5.9,72.9,10,6.9,Yes,Yes,High School,6,4,0,Middle,10,19,100
88.8,4.5,65.9,10,7,Yes,No,Diploma,10,3,0,Middle,2.3,18,100
100,4.2,60.1,6,7.9,Yes,No,Diploma,5,0,0,High,14.6,18,86.7
86.2,4.9,78.7,5,7.9,Yes,Yes,Bachelor,7,2,0,Middle,10.1,18,97.3
85.4,3.8,67.4,10,8.3,Yes,No,High School,9,3,0,Middle,1,18,94.5
65.3,3.7,49.5,10,7.6,Yes,Yes,Bachelor,5,2,0,Middle,9.7,21,82.4
53.1,1.4,41,9,7.7,Yes,Yes,Master,9,4,0,Middle,4.5,19,71.8
86.3,4.1,52.2,8,6.5,Yes,Yes,Master,6,2,0,Low,9.1,18,90.1
81,3.6,100,8,6.4,Yes,No,Master,9,4,0,Low,1.4,18,100
76.3,3.6,78.1,5,7.9,Yes,Yes,Diploma,9,8,1,High,14.2,17,100
84.7,5.3,70.6,8,6.4,No,No,Master,7,6,0,Low,0.5,18,99.7
81.3,5.7,65.5,8,7,Yes,No,Bachelor,5,5,0,Low,4,20,98
94.4,4.9,64.5,6,8.5,Yes,Yes,Master,6,8,0,Middle,2.6,22,100
82.9,6.3,84.3,6,8.3,Yes,Yes,Master,7,4,0,Middle,9.9,20,100
73.8,5.5,61.1,10,7.3,Yes,No,Master,9,4,0,Middle,5.5,21,100
92.9,4,76.1,7,6.7,Yes,No,High School,8,2,0,Middle,7.1,20,100
79.6,3.7,63.1,10,6.9,Yes,Yes,High School,8,7,0,Low,4.8,19,100
87.8,5.1,95.2,4,8,Yes,No,Bachelor,8,8,0,Low,1.2,20,100
76.7,5.5,78.4,6,7,No,Yes,Bachelor,9,6,0,Low,6.9,20,100
74.9,7,85.4,4,6.4,Yes,Yes,Diploma,7,7,0,High,1.5,18,100
82.9,6.6,59.8,5,8.3,Yes,No,Bachelor,7,0,0,Middle,0.5,21,97.8
82.1,3.5,82.8,6,7.2,Yes,No,High School,7,9,0,Middle,11.1,22,98.3
87.3,4.3,63.6,8,6.4,Yes,Yes,High School,6,4,0,Middle,1.8,19,98.4
79,5.7,69.5,8,7.5,Yes,Yes,Diploma,9,9,0,Middle,15.3,19,100
61.8,6.4,90.9,6,8.1,Yes,Yes,High School,9,7,0,Middle,15.1,19,100
77.2,6.2,53.4,3,5.9,Yes,No,Bachelor,9,6,0,Middle,12.4,19,91.5
90.7,4.4,70.8,10,6.8,Yes,Yes,Master,5,3,2,Middle,2.3,17,100
78.7,2.2,74.1,7,6.7,No,Yes,Bachelor,8,4,2,Middle,18.6,19,80
79.3,2.7,75.3,5,7.5,Yes,No,Bachelor,9,0,0,High,0.5,18,97.5
92.9,5,61.7,8,7.7,No,Yes,High School,10,6,0,Middle,3.6,20,100
74.2,5.1,97.2,8,6.4,Yes,Yes,Bachelor,4,0,0,Middle,12.2,20,100
65,2.5,49.9,7,5.4,Yes,No,Bachelor,7,3,0,Middle,11.8,19,74.2
80.2,4.6,88.4,8,8.1,Yes,No,Bachelor,7,7,0,Middle,4.4,18,100
76.7,5.6,85,5,5.8,Yes,No,High School,10,5,1,Low,4.1,22,92.2
71.4,2.4,94.6,9,7.3,Yes,Yes,Bachelor,3,1,0,Low,6.9,19,100
80.1,6.5,45.8,6,6.9,Yes,No,Master,5,1,1,Low,7.6,19,84.8
87.4,3.8,55.8,6,7.2,Yes,Yes,Diploma,10,3,1,High,5.7,19,100
81.9,6.8,88.9,9,8.8,Yes,Yes,High School,6,4,0,High,16.3,19,100
85.4,3.5,41.7,10,10,Yes,Yes,Diploma,4,6,0,Low,4.6,21,95.5
100,2.7,45.5,10,5.2,Yes,No,High School,10,5,0,Low,15.3,20,96.7
78.2,3.7,61.2,10,8.1,No,No,Master,4,2,0,Middle,10,19,91.9
85.1,4.3,70.7,7,6.8,Yes,No,Master,9,5,2,Middle,13.1,20,93.9
76.4,3.8,90.3,4,8.2,Yes,No,Bachelor,4,5,0,Middle,0.5,18,94.6
72.7,4.1,65.4,10,8.1,Yes,Yes,Bachelor,4,5,0,Middle,13.1,18,94.5
75.6,5.1,59.5,10,8.6,Yes,Yes,Bachelor,7,9,0,Middle,13,19,100
76.7,4.2,72.4,6,7.3,No,No,Diploma,5,5,0,Low,4.7,17,87.7
86,4.4,74.6,9,6,No,Yes,Bachelor,8,6,0,Low,12.2,19,92.5
100,1.4,74.2,7,8,No,Yes,Bachelor,10,8,0,High,0.6,19,100
74.1,5.2,65.5,10,7.1,Yes,No,Bachelor,7,6,0,Middle,5.6,19,100
77.4,4.3,40.6,6,6.7,No,No,High School,10,3,0,High,13.8,19,78.8
81.3,7.4,55.2,10,6.5,Yes,Yes,Diploma,8,6,0,Middle,7.1,19,100
86.4,2.8,87.9,9,8.1,No,No,Diploma,9,3,0,Middle,6.7,19,100
84.9,1.2,70.6,10,8.8,Yes,No,Bachelor,2,2,1,Middle,15,17,77.6
96.1,5.6,63.5,7,5.7,Yes,Yes,Bachelor,8,2,1,Low,0.5,21,100
55.3,5.1,83.7,8,7.7,Yes,Yes,Diploma,8,6,0,Middle,7.1,18,100
55.7,2.7,52.2,6,6.6,Yes,Yes,Bachelor,6,5,0,High,7.7,19,78.5
76.5,1.7,64.8,9,5.4,Yes,Yes,Diploma,10,6,0,Low,4,17,98.9
94.1,7.3,69.9,9,7.2,Yes,Yes,Diploma,6,5,0,Low,14.9,22,100
64.8,7,61.8,10,6.1,Yes,No,Master,4,4,1,Middle,3.4,19,94.2
48.9,0.5,69.4,8,5.3,Yes,No,High School,9,5,0,Middle,3.5,17,80.2
88.3,3.7,65.4,9,6.1,Yes,No,High School,4,5,0,Low,0.5,18,98.8
84.7,7.5,48.4,7,5.9,Yes,Yes,High School,7,3,0,Middle,13.6,21,97.6
70,3.6,70.5,9,6.3,Yes,Yes,High School,10,1,0,Middle,6.4,19,97.9
71.2,3.6,49.4,7,5.5,No,No,Bachelor,8,3,1,High,6.4,20,83.9
71.3,4,70.3,8,6.6,Yes,No,Bachelor,7,5,0,High,6.9,20,94
83.2,2.5,87.2,8,6.2,No,No,Diploma,6,3,0,High,14,19,100
75.1,1.4,64.1,7,7.4,Yes,Yes,High School,10,8,0,High,16.1,21,91.2
87.4,6.4,51.6,8,7.7,Yes,No,High School,5,5,0,Middle,0.5,18,100
50.6,1.2,66.2,7,7.3,Yes,Yes,Diploma,9,4,0,High,5.7,21,84.7
72.6,4.9,56.4,7,6.7,Yes,Yes,Bachelor,10,3,0,Low,2.3,20,89.2
69.6,6.1,76.3,10,6.7,No,No,Diploma,8,6,0,Middle,6.9,21,100
79.2,1.9,65.9,8,6.1,Yes,No,High School,7,2,0,Middle,7.5,17,87.4
76.1,2.8,91.9,8,6.1,No,Yes,High School,7,5,0,High,0.5,18,90.7
90.8,6.7,84.3,5,7.8,Yes,No,High School,6,3,0,Middle,9.8,18,100
61.5,5.5,65.9,8,5.1,Yes,No,High School,6,4,0,Low,5.8,19,84.4
82.5,3.4,78,9,6.9,Yes,Yes,Bachelor,7,5,0,High,11.9,18,100
88.1,6.7,62.5,7,6.6,Yes,Yes,Diploma,8,2,0,Middle,8.2,21,100
100,6.7,68.5,10,7.7,No,Yes,High School,10,1,0,Middle,0.5,20,100
76.7,5,62.9,3,5.4,Yes,Yes,Bachelor,3,2,1,Middle,11.1,20,82.7
85.6,2.9,78.7,9,7,Yes,No,Bachelor,2,6,1,Middle,1.3,19,100
62.2,3.8,88.1,9,7.4,Yes,No,Diploma,10,5,0,Low,1.8,20,100
55.7,5,79.2,9,4.9,Yes,No,High School,7,3,0,Middle,6.4,18,87.3
91.3,4.2,80.9,8,5.8,Yes,Yes,Bachelor,7,8,0,High,6.6,21,100
81.9,6.2,80.9,9,6.9,Yes,Yes,Bachelor,8,7,1,Middle,0.5,20,100
95,1.7,75.7,9,7.6,Yes,No,Diploma,7,6,0,Middle,7.3,19,100
66.9,1.8,52,6,7.2,No,Yes,Diploma,10,3,1,Middle,7.6,21,79.4
87.7,4.8,91.8,8,7.6,Yes,Yes,High School,8,6,0,High,7.4,21,100
100,3.6,93.3,7,5.8,Yes,No,Bachelor,6,5,0,Middle,0.5,17,100
86.6,3.4,64.7,5,5.3,Yes,No,Bachelor,6,3,0,Middle,8.7,21,73.8
85,1.3,62.8,9,7.1,Yes,No,High School,7,4,1,Low,11.1,19,91.4
82.1,4.5,76.6,6,5.6,Yes,No,Diploma,5,2,0,Low,1.3,19,86.5
64.7,4.4,75.7,5,6,Yes,No,Master,10,3,0,Middle,2.6,18,88.1
96.9,5.7,65.2,6,8,Yes,Yes,Diploma,7,2,0,Low,11.9,21,100
75.3,4.6,50.5,6,7.2,Yes,Yes,Diploma,5,6,0,Middle,15.9,19,86.4
87.5,4.3,72.3,10,6.4,Yes,No,Bachelor,8,4,0,Middle,7.2,21,100
64.8,6.6,75.7,8,6.2,Yes,Yes,High School,10,2,2,High,5.8,20,90.9
69,2.1,78.2,10,7.7,Yes,Yes,Bachelor,9,5,2,Low,9,21,96.6
97.8,5.5,72.9,6,7.2,Yes,Yes,Bachelor,5,4,0,Middle,14.8,22,100
78.2,1.5,64.2,9,5.7,Yes,Yes,Master,5,6,1,Middle,3.7,21,86
98,3,81.9,10,4.9,Yes,No,Bachelor,10,4,1,Low,5.6,18,92.8
81.1,2.3,68.9,8,9.1,Yes,Yes,Diploma,4,1,0,Middle,5.4,18,97.2
61.7,5.9,61.5,9,5.7,No,Yes,Bachelor,8,3,0,Middle,0.9,20,92.8
91.8,4.4,65.5,9,7.6,Yes,No,Master,6,2,0,Low,12.3,18,95.8
75.5,4.5,43.6,5,8.7,Yes,No,Diploma,10,5,0,Middle,9.3,21,86.9
89.7,2.5,65.4,9,7.2,Yes,No,High School,5,6,1,Low,0.5,22,88.2
82.3,4,77.6,8,6.3,Yes,Yes,Master,5,1,0,High,7.9,18,100
65,3.1,72.8,7,5.4,Yes,Yes,High School,8,4,0,Middle,16.3,18,90.6
83.8,5.2,89.3,6,5.4,Yes,Yes,High School,9,6,1,Low,9.4,20,100
100,2.7,64.3,9,7.4,Yes,No,Diploma,10,1,1,Middle,16,20,100
87.4,6.9,74.8,6,8.6,Yes,No,Diploma,8,3,0,Middle,5.2,19,100
81.4,1.5,79.1,10,6.6,Yes,Yes,Bachelor,8,4,1,Middle,12.8,19,100
93.8,3,100,8,6.4,Yes,No,Diploma,9,6,0,Low,14.6,19,98.3
84.3,7.5,70,5,7.8,Yes,No,High School,4,5,0,Low,7.6,20,100
84.3,3.7,53.4,6,6.2,Yes,Yes,Bachelor,5,5,0,High,5.9,20,100
70,2.1,79.9,7,7.3,Yes,No,Bachelor,4,5,0,Middle,13.5,19,82.8
84.6,4.9,94.1,10,7,Yes,No,Bachelor,2,3,0,Low,10.7,19,100
93.4,3.6,63.5,6,6.5,Yes,Yes,Diploma,9,7,1,Low,12.8,19,87.5
72.8,3,79.8,7,7,Yes,Yes,High School,10,3,0,Middle,10.1,19,100
97.7,2.5,85.2,6,8.9,No,No,Bachelor,8,0,0,Middle,7.6,21,94.2
81,9.5,82.2,8,7.7,Yes,No,High School,8,0,0,Middle,7.6,19,100
72.2,4,69.8,6,8.2,Yes,Yes,High School,7,4,1,Low,6.2,22,86.2
93,1,58.2,5,6,Yes,No,Bachelor,7,3,0,Middle,10,19,79.9
78.8,7.2,66.9,7,8.2,Yes,Yes,Diploma,10,3,0,Middle,7.1,20,100
90.4,5.6,74.4,7,7.7,Yes,Yes,Bachelor,10,4,0,Middle,9.3,20,100
78.8,3.1,80.7,6,5.4,Yes,Yes,Bachelor,6,6,2,Middle,4,20,92.8
81.3,2.8,72.7,6,7.6,Yes,No,Diploma,9,5,2,High,3.7,19,92.6
87.4,5.7,62.7,10,6.4,Yes,No,High School,9,5,0,Middle,10.9,18,100
85.2,4.1,75.8,7,5.3,Yes,No,Diploma,8,2,0,Middle,9.9,20,91.7
60,1,80,5,7.1,Yes,No,High School,8,3,1,Middle,5.9,20,80.2
69.7,7.7,73.3,7,7.6,Yes,No,Master,8,5,0,Middle,14.9,18,100
92.2,3.7,56.3,8,7.2,Yes,Yes,Bachelor,4,4,1,Middle,3.9,19,92.5
80.5,7.2,65.5,5,6.9,Yes,No,Diploma,4,5,0,Middle,10.2,21,96.1
76.2,6.8,81.3,10,6.6,Yes,No,High School,9,5,2,Middle,10.3,20,100
67.1,2.7,48.6,9,9.7,Yes,Yes,High School,5,4,0,Low,8.3,18,83.4
70.1,6.4,38.7,10,5.7,Yes,Yes,Bachelor,4,7,0,Middle,14.3,21,89.9
59.8,3.3,89.1,8,8,Yes,No,Master,3,3,0,Middle,16.1,20,80.4
80.9,1.1,75.2,3,7,Yes,Yes,High School,6,2,0,Middle,2.2,19,84.9
75.4,3.7,76.5,10,6.1,Yes,Yes,Master,8,0,0,Middle,0.5,18,100
71.4,5.2,52.9,6,6.9,Yes,No,Diploma,8,5,0,Middle,5.6,20,89.7
81.3,3.7,78.3,6,5.5,Yes,No,High School,9,3,0,Middle,3.1,21,97.1
86,3.9,71.9,8,6.3,Yes,Yes,High School,6,7,0,High,5.8,18,97.7
100,6.6,45.8,10,6.9,Yes,Yes,Bachelor,7,4,1,Low,17.1,19,100
65.4,4.7,87.9,10,5.3,Yes,No,Diploma,9,3,0,Low,21.5,21,100
94.8,3,70.2,9,7.6,Yes,No,Bachelor,8,2,0,Low,3.3,22,92.7
92.7,5.8,62.5,7,5.9,Yes,No,High School,6,6,0,Middle,9.1,18,95.8
73.4,4.9,62.7,7,5.4,No,No,Bachelor,8,4,0,Middle,9,20,94.1
84.2,0.5,39.8,8,5.8,Yes,No,High School,3,5,0,Low,9.7,19,71.3
77,5.3,76.3,7,9.4,Yes,No,High School,7,5,0,Middle,1.1,19,100
84,5.2,71.7,9,4.8,Yes,Yes,High School,6,5,0,Middle,14.2,20,100
98.6,4.5,65.3,9,7.5,Yes,Yes,Bachelor,10,2,1,Middle,12.5,19,91.8
88.7,6.1,85.9,9,6.2,Yes,No,Bachelor,5,5,1,Middle,5.6,18,100
87.6,3.3,48.6,2,6.6,No,Yes,High School,7,6,0,High,14.2,19,75.1
77.3,5.1,59.6,8,7.7,Yes,Yes,Diploma,6,5,0,High,0.8,18,100
65.7,1.7,56.1,7,7.6,Yes,Yes,Bachelor,6,5,0,Low,0.5,19,70.1
79.7,5.2,64.1,8,6.3,Yes,No,Diploma,8,5,1,Middle,9.3,19,96.8
95.3,8,68.9,6,5.5,Yes,No,Master,6,3,0,Middle,10.2,22,100
65.2,2.7,74,5,7.7,Yes,Yes,Master,10,3,0,Low,7.2,20,92.8
70.4,3.1,63.1,8,7.6,Yes,No,Bachelor,3,8,0,Low,13.5,19,93.7
83.4,3.2,55.7,7,6.7,Yes,Yes,Bachelor,8,7,1,Middle,4.7,21,100
71.2,4.7,91.6,9,7.5,Yes,No,Bachelor,7,4,0,Middle,14,18,99.4
73.3,2.6,100,6,6.5,No,No,Diploma,7,5,0,Middle,11.9,19,92.2
77.3,5.3,70,10,6.1,No,No,Diploma,8,2,0,Middle,17.3,20,96.6
67,6,57.4,10,7,No,Yes,High School,9,3,0,High,0.5,19,100
71.3,5.5,88.7,8,7.6,Yes,No,Master,8,2,0,Middle,5.6,20,100
89.7,1.3,47.7,7,7.3,No,Yes,Bachelor,9,5,0,High,3.5,20,87.3
67.6,6.3,63.3,9,7.6,Yes,No,High School,7,5,0,Low,11.9,20,100
64.4,6.2,58.3,8,6.2,Yes,No,Bachelor,5,6,0,Middle,15.9,19,90.2
75.1,6,51.8,8,8.7,Yes,No,Diploma,7,4,0,Middle,6.1,18,100
90.1,5.2,64.1,10,6.6,Yes,Yes,Bachelor,9,6,0,Low,11,21,100
79.8,4.9,55.9,10,6.9,Yes,No,Diploma,6,5,0,Middle,15.2,18,94.6
76.9,6.4,68.2,5,5.5,Yes,Yes,Bachelor,5,9,1,Low,9.6,19,88.4
82.5,8,68.4,5,6.8,No,Yes,High School,8,7,0,High,11.5,19,100
62.8,2.8,59.3,6,7.6,Yes,No,Bachelor,8,7,0,Middle,0.5,19,97.2
87.4,6.4,62.8,4,7.8,Yes,Yes,Diploma,5,6,0,Middle,15.8,18,99.4
86.2,4.3,64.8,7,8.7,Yes,Yes,High School,7,2,0,Middle,6.5,18,87.4
77.5,4.3,79.3,9,7.6,Yes,Yes,Bachelor,7,5,0,Middle,21.3,22,100
93.1,1.7,65.9,7,7.3,Yes,Yes,Bachelor,7,8,0,Middle,3.7,22,100
69.6,4,79.5,6,6.5,Yes,Yes,Master,8,5,0,High,10.4,19,100
94.4,2.7,76.2,10,6.3,Yes,No,Bachelor,6,2,0,High,12.1,19,100
83.7,3.7,76,8,8.1,Yes,Yes,Bachelor,8,5,0,Middle,0.5,18,100
78.3,2.5,87.4,8,8,No,No,Master,6,2,0,Middle,16.9,20,100
81.8,3.7,52.3,10,5.8,Yes,Yes,Bachelor,10,2,0,Middle,11.7,18,88.9
80.8,3.8,61.4,7,7.8,Yes,No,Bachelor,10,5,0,Low,0.5,18,90.8
95.4,4.7,92.7,10,7.7,No,No,Bachelor,5,5,0,High,9.8,19,100
70.2,1.6,64.4,7,5.8,No,No,Master,5,2,0,High,9.8,19,81
73.6,1.9,30,10,7.6,No,No,Bachelor,9,3,0,Middle,7.3,18,75.2
93.4,5.2,65.2,6,5.8,Yes,Yes,Bachelor,8,1,0,Low,5,18,100
75.4,3.1,69.9,9,4.3,Yes,No,High School,8,4,0,Low,7.7,22,96.2
91.9,6.4,31.4,6,6.8,Yes,Yes,Bachelor,6,0,0,Low,12.3,20,85.6
100,4.9,86.7,10,7.3,Yes,Yes,Diploma,7,3,0,Low,12.1,19,100
77.6,5.6,58,7,6.9,Yes,No,High School,6,4,0,High,8,19,86
89.5,7,72.6,8,10,Yes,Yes,Bachelor,8,0,0,High,9.1,19,100
69.3,3.9,64.8,6,7.4,Yes,Yes,Bachelor,5,2,1,Low,7.4,20,85.2
90.3,3.5,50,9,7.2,No,No,Diploma,7,4,0,Middle,3.1,20,84.1
84.2,6.1,53,6,7.5,No,No,Diploma,4,4,1,Low,7.7,22,82
87.2,5.4,54.9,10,6.5,Yes,Yes,High School,6,4,0,Low,4.3,18,97.3
74.9,4.2,83.2,6,8,Yes,No,High School,7,5,0,Middle,3,18,98.3
63.7,7,65.9,5,7.4,Yes,No,Diploma,8,1,0,Middle,0.5,19,92
87.5,4.1,60.7,9,7.3,Yes,No,High School,8,5,0,Low,6,21,94.7
59.3,4.6,54.9,6,6.3,Yes,No,Diploma,9,3,0,Middle,11.9,19,90
78.5,4.5,84.7,7,5.3,Yes,No,Bachelor,4,3,0,Middle,14.1,20,87.6
92.4,2.8,88.5,7,6.4,Yes,No,High School,10,0,0,Low,10.2,19,90
84.1,4.6,84.6,5,7.3,Yes,No,High School,6,3,0,Middle,1.5,20,92.7
100,7,74.9,7,6.5,Yes,No,Master,6,5,0,High,7.2,20,100
93.3,5.3,72.1,10,7.3,Yes,No,Bachelor,8,4,0,Low,2.2,19,100
74.8,4.6,51,10,6.7,Yes,No,High School,6,4,0,Middle,17.5,19,97.7
82.3,4.2,64.6,8,7.5,Yes,No,High School,8,3,0,Middle,6.1,20,91.4
81.5,5.1,58.4,10,5.9,No,Yes,Bachelor,8,4,0,Middle,5.5,18,98.3
64.6,5.8,42.4,5,7.2,Yes,Yes,Diploma,5,2,0,Low,12.6,19,69.4
71.7,5.6,82.8,7,6.3,No,No,Bachelor,7,4,0,Middle,7.8,18,97.3
75.8,3.9,58.3,8,5.3,Yes,Yes,Diploma,7,3,0,Middle,13.4,22,90.2
59.6,5.1,84.7,7,6.8,Yes,No,Master,9,2,0,Low,2.4,18,100
82.5,5.4,80.3,7,8.7,Yes,Yes,Bachelor,6,6,0,Middle,8.4,18,100
79.3,2.7,75.8,5,5.4,Yes,No,High School,6,1,0,Middle,10.5,19,75.7
63.6,4.8,76.6,3,7.1,Yes,No,Diploma,5,5,0,Middle,0.5,19,84.8
86.4,0.6,59.4,9,7.9,Yes,No,Bachelor,5,5,0,Middle,4.6,19,92.3
89.9,5.4,94,8,9.5,Yes,Yes,High School,4,3,0,Middle,4.9,21,100
84.5,5.7,68.6,9,6.5,Yes,No,High School,6,6,0,Middle,8.3,18,100
78.4,5.8,72.2,7,6.3,Yes,Yes,High School,10,3,0,Middle,6.4,19,100
88.5,3.8,58.9,6,5.7,No,Yes,Bachelor,8,3,0,Middle,9.5,19,93.9
89.5,5.1,55,8,8.3,Yes,No,Bachelor,10,2,0,Middle,6.8,18,95
85.4,7.1,74.7,9,6,Yes,No,High School,5,4,0,Middle,13.7,19,100
72.9,7,71,7,6.6,Yes,Yes,Bachelor,3,2,0,High,18.6,22,94.3
85,4.4,56.9,9,5,No,No,Bachelor,8,2,0,High,0.5,19,87.5
95.2,4.8,47.9,5,8,Yes,Yes,Master,10,4,0,Low,8.1,21,96.5
75.4,6.5,50.2,7,8.3,Yes,Yes,Bachelor,6,4,0,Middle,13.4,18,91
100,1.8,84.7,7,7.9,No,No,Master,7,7,1,Middle,4.5,20,100
76.2,3.9,59.4,10,5.2,Yes,No,Master,4,6,0,High,9.4,20,97.4
82.4,6.9,63.3,8,7.7,Yes,No,Diploma,7,5,0,High,6.1,19,100
74.6,6.3,88.3,10,5.2,Yes,Yes,Diploma,7,4,0,Middle,3,20,100
84.5,5.2,52.3,5,7.1,Yes,No,Diploma,3,3,0,Middle,2.9,21,85.6
62.8,1.8,57.8,8,7.2,Yes,No,Bachelor,5,4,0,Low,0.5,18,80.8
76,4.4,57.2,8,7.3,No,Yes,High School,5,3,0,Middle,8.8,19,83.8
70,3.4,90.7,9,7.6,No,No,Bachelor,4,3,0,Middle,9.2,21,92
83.5,5.1,95.9,6,7,Yes,No,High School,6,4,0,Low,3.2,18,100
92.9,3,78.5,10,4.8,Yes,No,High School,8,2,1,Low,6.6,19,87.9
89.1,2.7,79,8,7.6,Yes,Yes,High School,6,2,1,High,0.8,19,89.3
55.9,0.8,59.9,5,7.1,Yes,No,Master,9,6,0,High,10.7,20,71
100,6.7,95.3,7,6,Yes,No,High School,6,1,0,Low,6,20,100
85.2,3.8,71.7,7,5.3,Yes,Yes,Master,8,2,0,High,11.9,19,92.3
73.5,4.8,79.9,10,8.7,Yes,No,High School,8,7,0,High,6.4,22,100
83.7,4.5,66.5,10,8.4,Yes,No,Bachelor,10,3,0,Middle,3.1,18,100
83.9,2.6,64.2,8,7.8,Yes,No,Diploma,6,7,1,Middle,5.3,21,99
74.7,2.2,91.3,7,6.3,No,No,Diploma,8,2,0,High,15.5,19,88.1
84.2,2.7,75.6,9,4.2,Yes,Yes,Master,5,4,0,Low,18.5,20,80.9
75.3,3.2,88.3,9,7.8,Yes,No,High School,10,6,0,High,0.5,18,100
77.6,5.2,71.6,2,7.4,Yes,No,High School,5,2,0,Middle,12.5,18,89.5
74.5,3.1,56.1,9,6.6,Yes,Yes,Bachelor,8,7,0,Middle,2.5,20,93.4
66.2,7.6,59.8,8,8.2,Yes,No,Bachelor,10,3,1,Middle,4.2,18,100
83.6,6.3,69.4,5,7.9,Yes,No,Master,5,5,0,Middle,9,19,99
88.4,6,59.2,9,7.2,Yes,Yes,Bachelor,8,3,0,High,10.4,18,100
87.7,4.3,52.5,10,7,Yes,No,Bachelor,5,7,0,Low,4.4,20,100
91,7.2,84.8,9,7.1,No,No,Diploma,10,5,0,Middle,11.1,20,100
85.6,4.1,60.4,10,7.7,Yes,Yes,Bachelor,3,8,0,High,13.9,21,87.9
76.1,4.4,69.9,10,6.1,Yes,No,Bachelor,4,6,1,High,11.6,21,100
91.2,4.8,72.1,6,7.5,Yes,No,High School,5,6,0,High,3.2,20,99.7
67.1,5.8,59.8,4,6,Yes,Yes,Bachelor,5,2,0,Middle,5.8,19,86.7
72.1,5.6,88.3,9,8.5,Yes,Yes,High School,8,4,0,Middle,12.4,19,100
71.4,3.6,52.4,7,7.6,No,Yes,Diploma,10,3,0,Middle,15.8,19,87.6
93.9,3.5,71.7,5,6.2,Yes,Yes,Diploma,9,4,0,Middle,1.6,18,96.7
92.4,5.7,71.4,7,7.1,Yes,No,Diploma,7,4,0,Middle,9.5,22,98.9
87.4,5.8,67.2,9,6.1,Yes,Yes,Bachelor,7,2,0,Middle,11.7,20,99
93.8,3.8,49.8,7,8.7,Yes,No,High School,6,4,0,Low,1,18,89.7
72.3,1.6,80.2,6,8.8,Yes,No,High School,8,4,0,Middle,13.1,22,92.6
85.8,4.1,78.4,7,7.8,Yes,Yes,High School,7,2,0,Middle,18.6,21,95.2
80.6,5.6,58.5,7,8.7,Yes,No,High School,7,6,0,Low,11.3,21,91.3
91.3,7.7,77.9,4,7.2,Yes,No,High School,6,4,1,Low,10.8,19,100
80.7,2.3,73.2,7,7.8,Yes,No,Bachelor,5,6,0,Middle,4.2,19,96
77.8,3.7,50.1,5,8.3,Yes,Yes,Diploma,7,5,0,High,5.5,19,94.7
87.9,3.8,56,9,7,Yes,Yes,Diploma,7,1,0,Middle,4.8,18,85.8
91.6,6.9,83.9,4,7.1,Yes,Yes,Bachelor,6,2,0,Middle,3.6,19,100
74.6,4.4,72.3,10,8,Yes,Yes,Bachelor,5,7,0,Low,6.8,17,100
81.3,2.9,60.1,7,7.7,Yes,No,High School,8,6,0,Middle,9.5,21,94.8
70.4,5.5,56,6,6.2,Yes,Yes,Master,8,1,2,Middle,3.7,18,72.9
54.5,3.8,60.8,8,4.6,Yes,Yes,Master,10,5,1,Low,6.3,19,75.6
84.2,2.3,61.8,6,6.8,Yes,No,High School,10,2,0,High,9.6,21,82.2
88.7,2.9,56.2,8,4.7,Yes,Yes,Bachelor,5,0,0,High,0.5,21,87.1
84.9,7.6,43.6,6,5.9,Yes,Yes,High School,7,7,0,High,12.7,20,93.2
60.6,5.2,84,6,6,Yes,No,High School,4,4,0,Middle,9.1,20,90
78.1,4.7,81.6,8,6.4,Yes,No,Diploma,3,4,0,High,9.1,19,98
57.6,4.1,50.2,5,7.9,Yes,Yes,Bachelor,10,1,0,Middle,13.8,19,73.7
97.1,5,69.9,5,8.1,Yes,No,Bachelor,10,2,0,Middle,12.7,18,100
70.1,5,55.4,8,7.6,No,Yes,Diploma,6,1,0,High,11,18,81.7
95.8,5,64.3,7,7.7,Yes,No,Diploma,9,7,0,Low,9.4,21,93.8
92.4,4.7,63.2,8,7.7,Yes,No,Diploma,10,1,0,Low,8,19,92.7
72.1,6.1,62,8,4.3,Yes,Yes,Diploma,3,7,0,Low,5.1,18,89.3
69.5,4.5,96,8,7,Yes,Yes,Master,9,2,0,Middle,3.2,20,100
85.9,2.7,61.8,9,5,Yes,No,Bachelor,6,2,1,Middle,9.9,20,86
72.7,3.4,56.7,8,7.6,No,No,Diploma,8,4,0,Middle,10,18,90.3
83.1,0.9,57.3,3,4.7,Yes,No,Diploma,10,3,0,Middle,8.7,19,84.2
76.7,8.1,82.6,4,6.8,Yes,No,Master,10,4,0,High,1.3,19,100
62.4,6.1,44.9,10,7.6,Yes,No,Bachelor,7,2,1,High,0.5,19,94
57.5,3,57.3,8,5.8,Yes,No,High School,10,3,0,Low,8.3,19,78.3
84.5,4,88.3,9,8.1,Yes,No,Diploma,3,2,0,Middle,0.5,19,100
75.8,3.4,71.4,7,7.6,Yes,No,Diploma,8,6,0,High,9.6,18,94.8
75.9,7.3,70.7,7,7.4,No,Yes,Master,8,5,0,Middle,17.7,17,100
89.7,1.9,97.9,7,7.8,Yes,Yes,Diploma,8,4,1,Middle,9.7,19,100
94.9,4.7,71.4,10,6.6,Yes,Yes,High School,6,6,0,High,5.8,18,100
79,4.3,58.1,8,7.2,Yes,Yes,Diploma,8,5,0,Middle,2.8,21,96.3
78.3,6,64.1,6,7,Yes,No,Diploma,9,4,1,Middle,5.1,20,95.2
87.5,4.3,52.1,4,7,Yes,Yes,Bachelor,2,4,0,Middle,7.8,19,84
67.1,1.3,85.6,10,6.3,Yes,Yes,High School,6,3,0,High,13.4,19,96
84.5,4,76,7,5.6,Yes,No,High School,5,3,0,Low,8.7,19,83.6
88.1,2.8,83.7,9,6.6,Yes,Yes,High School,8,4,1,Middle,6.5,18,100
89.5,4.6,85,9,6.6,No,Yes,Diploma,10,6,0,High,11.4,18,100
60.7,7.1,62.2,7,6.2,Yes,Yes,Diploma,6,5,0,Middle,15.4,20,100
73.6,1.4,54.8,9,7.9,Yes,No,Bachelor,5,5,0,Middle,9.6,20,85.6
72.3,3.1,67.3,6,5.7,Yes,Yes,Diploma,7,2,1,Middle,9,21,87.8
83.1,3.5,55.8,6,6.8,Yes,No,High School,5,5,0,Middle,0.5,20,77.2
87.3,3.8,70.3,10,8.3,Yes,Yes,Bachelor,7,3,0,Middle,1.2,21,100
98.5,5.8,83.8,7,8,Yes,No,Master,6,4,0,Middle,0.6,22,100
76.6,4.2,65.6,9,8.3,Yes,Yes,Diploma,8,5,0,Middle,7,22,100
76.5,5.2,70.1,8,6.4,No,No,Diploma,8,2,0,Middle,3.8,19,97.4
94.6,3.4,66.7,9,7.9,Yes,Yes,Bachelor,7,4,1,Low,5.5,18,96.5
85.3,4.9,79.2,4,5.8,Yes,Yes,High School,10,4,0,Middle,3.8,18,97.9
95.9,5.9,58.7,6,6.7,No,No,Master,8,6,0,Middle,4.2,22,96.4
85.2,3.2,37.2,7,6.8,Yes,Yes,Master,6,3,0,Middle,0.5,19,90.5
69.3,5.9,74.6,6,6.4,Yes,Yes,Bachelor,6,4,0,High,9.1,18,100
67.3,4.6,81.8,8,6.6,No,No,Diploma,5,4,0,Middle,11.5,19,93.1
64.9,6.4,74.2,10,6.5,Yes,Yes,High School,5,3,0,Middle,8.3,20,100
89.3,4.1,59,10,5.9,Yes,No,Master,4,3,0,Low,9.8,21,92.5
95.1,5.2,52.1,7,7.9,Yes,Yes,Bachelor,9,3,0,Middle,10.3,19,96.7
100,4.4,74.9,8,6.8,Yes,No,Diploma,6,4,0,Middle,10.1,19,98.9
91.3,4.3,70,8,7.2,No,No,High School,8,7,0,Middle,12.2,20,98.2
94.8,5,66.2,9,7.2,Yes,Yes,Bachelor,6,4,0,Low,14,19,100
75.6,5.5,93.5,6,7.1,Yes,No,Master,7,5,0,High,15.9,18,100
69.3,2.3,54.7,10,7.1,No,Yes,Bachelor,9,4,1,Middle,0.5,21,85.2
91.4,7.1,92.9,9,6.7,Yes,No,High School,7,3,0,Middle,10.3,20,100
86.6,1.2,68.4,9,8.6,Yes,Yes,Diploma,5,4,0,Middle,1.9,18,98.2
83.2,3.3,42.3,10,7.8,No,No,High School,6,6,0,Middle,15,17,87.2
86.3,4.3,65.5,9,7,Yes,No,Master,9,4,0,High,8.3,18,90.8
85.6,5.2,81.4,5,6.5,Yes,Yes,Diploma,8,4,0,Middle,9.4,21,97.6
96.1,7.3,62.9,7,6.9,Yes,Yes,Bachelor,9,4,0,Middle,8.6,19,100
96.2,1.2,47.4,4,7.5,Yes,Yes,High School,7,2,0,High,9.1,19,71.7
88,3.6,65.7,8,8.6,Yes,No,High School,4,6,0,Middle,16.2,18,95.1
91.3,0.7,56,7,5.5,Yes,Yes,Bachelor,8,3,0,Middle,14.2,19,74.6
87.7,4.6,74.9,7,7.7,Yes,No,Bachelor,8,7,1,Middle,16,18,100
76.9,5,78.8,10,8.2,Yes,Yes,High School,8,4,0,Middle,7,20,100
90.3,7.4,53.2,7,5.4,Yes,Yes,Diploma,4,7,1,High,0.5,19,93.1
66.7,4.7,58.1,7,6.8,Yes,No,Bachelor,6,4,0,Low,11.7,21,82
93.6,6.4,78.6,8,5.8,Yes,No,Bachelor,5,3,0,Middle,2.4,20,100
68.9,5.6,56,4,7.5,No,No,Bachelor,8,6,0,Low,6.2,17,90.4
85.1,3.7,52.8,7,6.6,Yes,No,High School,8,3,0,High,7.7,18,99.1
72.7,2,51.5,3,6.9,Yes,No,Bachelor,7,7,0,Low,8,19,73.2
88.1,5,72.9,6,6.5,Yes,No,Master,9,5,0,Low,11.2,20,100
81.6,1.8,72.3,9,7.8,Yes,Yes,Master,10,7,0,Low,3.4,20,100
64.5,6.8,58.4,8,7.3,Yes,No,Bachelor,8,2,0,Middle,11.1,20,100
86.6,4.2,68.1,6,7.3,Yes,No,Master,8,6,0,Middle,7,18,100
75.6,6.7,89.4,8,7.2,Yes,No,High School,6,3,1,Low,21,17,100
91.7,3.6,54.4,5,7.6,Yes,No,Diploma,6,0,0,Low,0.5,20,83.7
82,5,40.7,7,6.7,Yes,Yes,Bachelor,9,6,0,Low,8.6,20,86.6
86.3,4.9,74.4,10,8.9,Yes,Yes,High School,5,4,0,Middle,11.1,20,90.5
71.5,4.4,66.5,10,5.6,Yes,Yes,Master,8,6,1,Middle,5.9,18,100
75.5,3.7,58.1,8,5.1,No,No,Diploma,10,4,0,Middle,5.1,22,83.9
77,5.2,77.1,8,5,Yes,Yes,Diploma,8,4,0,Low,14.6,18,96.6
91.4,2.8,79.7,6,4.7,No,Yes,High School,7,7,0,High,12.2,18,91.7
100,2.3,37.1,6,7.7,Yes,No,Diploma,4,4,0,Middle,4,18,81.4
73.1,6.7,58.9,8,7.6,Yes,No,Bachelor,7,3,0,Middle,0.6,18,98
93.8,5.8,100,6,8.3,Yes,Yes,Diploma,9,4,0,High,10.9,20,100
58.1,4.6,76.2,9,5.8,Yes,No,High School,7,4,0,High,9.6,17,90.1
68.9,7.5,77.5,10,7.8,Yes,Yes,Bachelor,9,0,0,Middle,10.9,19,100
71.5,4,84.4,8,7.1,Yes,No,High School,8,5,2,Middle,7.3,18,94.8
67.1,6.9,68.2,8,7.2,Yes,No,Bachelor,8,7,1,Low,12.3,18,100
64.6,4.8,79.2,4,7.7,Yes,Yes,Diploma,6,4,0,Low,16,21,88.9
86.5,2.7,78.1,9,6.2,Yes,Yes,Diploma,4,3,0,High,15.7,21,100
79.6,7.8,75.5,5,9.8,No,Yes,Diploma,6,5,0,Middle,3.9,19,100
86.2,6.3,63.5,7,8.5,Yes,Yes,Bachelor,6,7,0,Middle,20.5,19,100
89.6,4.3,70.4,9,6.4,Yes,Yes,Bachelor,8,5,0,Middle,11.3,21,100
84.9,5.8,59.8,10,5.8,Yes,No,Master,7,4,1,High,0.9,20,97.5
89.2,3.8,68.2,7,6.9,Yes,Yes,Diploma,9,3,0,Middle,10.2,20,97.4
81.2,6,51.6,7,7.2,Yes,No,Bachelor,8,2,0,Low,9.1,19,83.4
68.9,0.5,56.9,6,8.2,No,No,Diploma,6,4,0,Middle,7.4,20,72.6
93.6,2.7,64,5,5.7,Yes,No,Master,5,4,0,Middle,7,19,89.1
75.5,6.3,54.8,6,7.3,Yes,Yes,Bachelor,6,0,0,Middle,11.5,19,83.3
71.7,4.1,60.9,4,5.3,Yes,Yes,Diploma,7,3,0,High,11.5,19,81.7
80,4.9,65.7,9,7.5,Yes,No,Diploma,6,6,0,High,5.1,21,100
72,2.1,73.6,8,6.9,Yes,No,High School,5,3,0,Low,5.3,18,75.5
77.4,7.8,81.3,9,9.1,Yes,Yes,Bachelor,9,0,0,Low,5.1,18,100
85.8,6.6,61.5,6,5.3,Yes,No,Bachelor,7,7,0,Middle,7.1,18,98.7
85.8,4.1,86.7,5,8.5,No,Yes,Master,8,2,1,Middle,12.4,19,100
72.1,3.8,81.1,8,5.1,Yes,No,Bachelor,5,3,1,Low,14,20,89.4
76.6,6.4,75.1,8,5.5,Yes,No,Bachelor,5,6,0,Middle,6.9,18,98.4
93.8,8.1,70.2,7,5.2,Yes,No,Diploma,7,3,0,Low,13.5,20,94.4
87.5,6.2,72.5,7,7.3,Yes,Yes,Bachelor,3,0,0,Middle,10.2,20,95.9
100,8.4,84.6,10,5.7,Yes,Yes,Diploma,9,4,0,High,8.7,19,100
95,2.8,85.1,8,5.5,Yes,No,Bachelor,6,6,0,Middle,17.3,18,98.4
94.6,3,86.7,10,7.2,Yes,No,High School,6,3,0,Low,9.6,21,100
66.7,2.4,68.6,10,7.5,Yes,Yes,High School,8,4,0,High,7.3,19,97.4
90.4,5.3,75.8,10,7,Yes,Yes,Bachelor,7,2,1,Middle,12.2,20,100
81.4,4.8,86.8,5,6.8,Yes,Yes,Master,5,2,0,Middle,1.8,21,98.9
75.9,4.2,59.3,9,9,No,Yes,Bachelor,10,3,0,Low,6.9,18,93.4
83.8,6,63.5,7,7.2,Yes,No,Bachelor,4,5,0,Low,9.3,19,95.3
92.4,6.7,68.2,4,7.9,Yes,Yes,Bachelor,3,4,0,Middle,11.6,19,92
87.5,1.8,80.6,10,7.2,Yes,No,Diploma,9,6,0,Middle,9.2,18,98.7
72.3,3.4,80.8,7,5.8,Yes,No,High School,4,7,0,Middle,1.6,21,100
90.2,6,64.8,5,7.6,Yes,No,Master,10,6,0,Middle,3.6,18,100
75,3.7,46.9,7,6.3,No,Yes,Master,8,1,0,High,5.8,18,83.3
84.4,3.1,71.4,6,6.9,Yes,No,Diploma,8,3,1,High,9.2,18,85.5
78.7,6.3,55.1,6,7.3,Yes,Yes,High School,6,6,0,Middle,1.5,22,100
79.6,2.2,47.1,7,4.9,Yes,No,Master,5,4,0,Middle,15,20,75
90.4,4,50.3,10,5.2,Yes,No,Bachelor,6,1,0,Middle,9.6,20,89
70.6,5.1,72.6,6,8,Yes,No,High School,5,3,0,Middle,9.4,18,97.3
100,3.5,87.1,10,6.3,Yes,Yes,High School,9,0,0,Low,7.1,18,100
62,5.9,68.5,9,6.3,Yes,No,Master,6,3,0,Middle,0.8,20,93.8
75.4,3.5,71,8,7.2,Yes,Yes,High School,8,3,0,Middle,8.5,19,99.4
86.1,7,84.6,9,6.6,Yes,No,Diploma,9,3,0,High,11.7,18,100
88.4,4.3,46.4,8,7.5,Yes,Yes,Bachelor,5,6,0,Middle,7.2,19,95.2
80.9,5.7,75.3,10,6.9,Yes,Yes,High School,8,1,0,Middle,13.3,19,90.8
81.4,5.8,67.8,9,7.2,No,Yes,High School,5,3,0,Middle,7.7,18,100
86.5,3.4,75.9,4,6.2,No,Yes,Diploma,7,2,1,Low,11.5,19,80.3
79.5,0.8,61.2,8,7.2,Yes,Yes,Diploma,6,6,1,Middle,7.4,18,80.9
97.3,5.1,56.5,9,8.2,Yes,Yes,Bachelor,6,6,0,Middle,9.9,20,100
91.2,4.6,70,7,6.4,Yes,No,Bachelor,7,5,0,Low,12.3,20,92.4
91.6,5.5,91.1,8,8,Yes,No,Diploma,5,5,0,Middle,2.6,21,100
71.4,4.1,80.1,6,6.9,No,Yes,Diploma,9,2,0,Low,11.2,19,92.7
81.1,3.7,60.9,5,7.8,Yes,Yes,High School,5,4,0,Middle,13.3,19,89.1
78.7,8.1,49.2,4,7.1,Yes,No,High School,4,2,0,Middle,19,20,80.1
70.9,1.8,44.5,4,7,Yes,Yes,Bachelor,6,4,0,Low,8.4,19,76.3
86,5.8,86.4,9,7.4,No,No,High School,6,3,0,Middle,0.5,19,100
76.1,3.5,54.6,3,8.3,Yes,No,Diploma,8,3,0,Middle,0.5,19,74.8
89.2,3.9,63.4,6,7.3,Yes,No,Bachelor,7,4,1,Middle,3.6,19,85.7
70.2,3.9,86.5,6,7.5,Yes,No,Diploma,4,5,0,Low,14.4,20,88.5
100,3.1,45.4,7,6.6,Yes,No,Diploma,9,8,1,Middle,19,19,95.3
72.1,5.5,88.9,4,8.7,No,Yes,Master,6,5,0,High,6,21,100
84.4,7,64.4,8,7.7,No,Yes,Master,7,9,0,High,8.3,20,100
90.7,5.3,51.9,5,7.1,Yes,Yes,Master,10,4,0,Middle,0.5,20,99.9
75.7,4.7,64.5,10,6.9,Yes,No,Bachelor,10,8,0,Middle,11.3,21,100
91.4,2.7,57.9,6,8.1,Yes,No,Master,7,5,2,Middle,8.7,19,77.1
68.5,5.4,74.2,7,6.3,Yes,No,Bachelor,4,4,1,Low,6.7,21,88.9
98,8.4,58.9,8,5,Yes,Yes,Diploma,4,4,0,High,3.2,18,89.5
82.2,3.8,41.2,8,7.1,Yes,Yes,Bachelor,9,5,0,Middle,6.2,18,93.5
75.4,3.8,64.9,8,8.3,Yes,Yes,High School,6,5,0,Low,1.3,20,100
78.7,3.5,49,7,8.8,Yes,No,Bachelor,7,1,0,Middle,3.7,19,82.7
90.9,3.6,70.9,8,6.9,Yes,No,Diploma,5,5,0,Middle,1.6,20,100
75.6,0.5,51.4,8,7,Yes,No,Diploma,8,1,0,Middle,2.9,18,67.6
73.8,5.2,61.2,6,7.6,No,No,High School,9,5,0,Middle,2.2,22,96.4
79.6,3,70.6,8,6.7,Yes,No,Diploma,10,5,0,Middle,10.9,19,100
69.1,1.6,65,10,7.6,Yes,No,Diploma,6,7,2,Middle,2.3,17,85.3
100,5.9,71.5,9,6.9,Yes,Yes,Bachelor,8,2,0,Middle,7.7,19,100
75.8,2.6,77.5,9,8.1,Yes,Yes,Diploma,7,2,0,High,2.5,20,93.7
91.1,3.9,51.8,8,7.8,Yes,Yes,Bachelor,9,6,1,Low,2.7,21,97.9
84.3,7.1,67.1,6,7.9,Yes,No,Bachelor,7,2,0,Low,2.5,19,100
71.2,2,30,6,6.8,Yes,Yes,Bachelor,5,2,0,High,12.9,18,69.4
81.9,1.7,71.5,8,9.1,No,Yes,Diploma,10,4,0,Low,7.1,21,94.7
90.6,5,63.8,9,7.5,Yes,No,Bachelor,7,4,0,Low,4.3,22,100
79.9,6.6,54.2,10,7.3,Yes,Yes,Bachelor,6,4,0,High,3,18,96.9
95.1,1.7,72.4,9,6.2,No,No,Master,7,5,0,Middle,1.3,18,100
93.2,5.2,84.4,5,6.9,No,No,High School,6,5,0,Middle,4.4,19,100
92.1,5.5,61.3,6,7.1,No,No,Diploma,8,4,0,Low,0.8,19,90.3
76.9,0.8,54.8,10,6.1,Yes,No,High School,7,4,0,High,5.8,19,84.2
70.1,5.9,70.3,7,6.7,Yes,No,High School,5,4,0,Middle,4.5,19,89.5
75.3,6.1,49.3,8,6.8,Yes,No,Diploma,10,4,0,Middle,4.1,18,93.7
84.2,3.9,58.8,6,7.1,Yes,Yes,Master,5,1,1,Middle,14.2,19,87
88,6.8,85.1,10,5.1,Yes,No,Bachelor,8,6,0,Low,6.8,18,100
58.1,6.5,68.9,9,6.9,Yes,No,Diploma,7,6,0,High,7.1,19,100
81.9,4.7,41.7,6,6.6,Yes,Yes,Bachelor,5,5,0,Middle,14.4,19,82.3
83.7,3.7,42.8,6,7,Yes,Yes,High School,6,5,0,Middle,1.2,18,86.7
78.9,2.7,70.3,8,8.1,Yes,Yes,Diploma,4,2,0,High,5.6,19,86.1
96.2,4.4,80.1,8,9.3,Yes,No,Bachelor,10,1,0,High,0.5,20,100
86.6,5.5,45.4,9,7.7,Yes,Yes,Bachelor,6,6,0,Middle,8.4,18,98.7
96.4,3.9,74.3,9,5.6,Yes,No,Bachelor,7,4,0,High,11,20,100
79.6,0.5,86.6,7,6.6,Yes,Yes,High School,10,4,0,Low,0.5,19,90.2
92.3,6.8,94.4,6,7.7,Yes,Yes,Diploma,5,4,0,Middle,12.3,18,100
100,4.8,72.6,7,7.5,Yes,Yes,Master,10,5,0,Low,9.6,20,100
96.4,3.8,75.1,6,8.1,Yes,No,Master,8,5,0,Middle,8.2,19,100
70,6,38.1,7,6.9,Yes,Yes,Diploma,3,4,0,High,1.8,18,81.2
79.2,7.2,97.4,8,6.6,Yes,Yes,Bachelor,6,0,0,Middle,11.9,19,100
78.2,0.5,59.9,6,8.9,Yes,No,High School,8,5,0,Middle,16.4,19,81.7
87.4,5.3,54.9,9,7.1,Yes,No,Diploma,7,5,0,Low,6,19,100
89.5,1.9,64.4,7,5.9,Yes,No,Bachelor,7,1,0,Middle,6.4,18,76.8
72.8,5.4,89.2,6,8.6,Yes,No,Bachelor,6,2,1,Low,8.1,21,91.7
82.7,4.7,98.9,7,5.4,Yes,No,Bachelor,6,6,0,Low,6,19,99.1
59.8,5.6,69.8,8,4,No,No,Bachelor,6,6,0,Middle,7.1,18,99
97.9,3.6,82,8,7.8,Yes,No,Bachelor,10,0,0,Middle,13.1,18,100
76.4,1.1,68.6,8,8,Yes,Yes,High School,5,5,0,Middle,7.7,18,93.3
82.6,3.7,53.5,9,7.5,Yes,Yes,Bachelor,6,4,1,Middle,9.5,22,98.8
78.6,5.2,88.7,10,5.6,Yes,Yes,Master,7,4,0,Middle,18.2,20,100
94.6,6.3,59.3,8,6.9,Yes,No,Diploma,4,4,0,Middle,15.3,20,97.9
50.8,2.4,89.5,5,6.7,Yes,No,High School,8,2,2,Low,2.8,19,79.1
81.8,6.3,86.2,7,6.4,Yes,Yes,Master,4,5,0,Middle,16.7,19,100
80.8,3.3,76.6,5,8.6,Yes,No,Diploma,5,3,0,Middle,14.9,22,84.7
77,5.2,93.6,10,5.8,Yes,No,Diploma,5,5,0,Middle,15.5,18,100
100,3.6,99.3,10,7.3,Yes,No,High School,4,6,0,High,4.9,19,100
72.2,4.8,65.5,9,8.3,Yes,No,High School,10,2,0,Middle,9.1,18,88.1
90.5,6.1,56.7,9,7.4,No,No,High School,8,2,0,High,6,19,92.5
85.9,2.3,41.9,8,8.4,Yes,Yes,Bachelor,9,4,1,High,8.6,20,78.9
95.9,3.3,99.4,8,7.6,Yes,No,Bachelor,9,7,0,Middle,16.8,19,100
74.7,4.8,61.8,4,7.5,Yes,No,Bachelor,7,3,0,Middle,8.7,21,90.4
73.9,8.8,83.9,7,7.4,No,No,Bachelor,7,3,0,Low,0.5,18,100
94.1,2.9,57.6,6,7.7,Yes,No,Diploma,9,5,0,High,6.1,19,93.1
86.7,8.2,89.5,8,6.6,Yes,Yes,Bachelor,10,5,0,Low,4.7,21,100
65,8.1,58.2,7,5.6,Yes,Yes,Master,4,5,0,Low,16.9,20,98.5
76.1,4.3,51.3,10,8,Yes,Yes,Diploma,10,4,0,High,3.9,20,100
86.3,4,65.1,9,8.3,Yes,No,High School,4,3,0,Middle,6,19,100
91.2,3.3,60.6,8,7.3,No,No,Diploma,6,5,0,Middle,6.1,19,93.2
74.5,4.4,76.3,7,6.4,Yes,No,High School,7,0,0,High,16,21,90
49.9,2,67.3,10,5.3,Yes,No,Master,7,8,0,Middle,12.8,20,84.9
87.8,4.4,76.8,7,7.1,No,Yes,High School,10,4,0,Middle,10.8,19,91
68.6,7.2,63.9,8,5.5,Yes,Yes,Bachelor,9,4,0,Middle,9.2,18,100
59.8,3.4,58.7,8,5.4,Yes,No,High School,8,8,0,Middle,9.1,18,92.4
50.8,4.1,59.8,7,7,Yes,No,Bachelor,9,3,0,Middle,8.4,21,79.8
91,1.4,96.6,8,6.2,Yes,No,High School,8,9,0,Middle,18.3,20,100
83.4,5.2,71.2,4,7.4,Yes,No,Bachelor,6,5,0,Low,1.7,20,100
79.5,5,40.2,4,6.8,Yes,Yes,Master,8,5,0,Middle,0.5,20,86.3
97.3,4.6,60.7,8,6.3,Yes,Yes,Diploma,7,5,0,Middle,10.2,21,95.1
89,4.1,69.4,10,5.1,Yes,Yes,Diploma,5,2,1,High,15,20,88
99.8,4,93.8,8,6.1,No,Yes,Diploma,10,1,0,Middle,8.9,19,100
66.7,5.4,82.4,6,6.1,Yes,No,Bachelor,7,2,0,Low,0.5,18,94.5
81.6,4.4,55.1,5,5.7,Yes,No,High School,5,6,0,Middle,11.7,20,83.7
64.2,5.1,100,9,6.6,Yes,No,Bachelor,5,2,0,Middle,2.7,18,96.9
79.5,4.9,67.6,6,5.7,Yes,No,High School,8,1,1,Middle,1.6,20,90.1
79.3,6.5,85.4,9,6.8,Yes,No,High School,9,4,1,Low,3.1,19,100
88.9,5.7,51.8,8,7.3,Yes,No,Bachelor,8,5,0,Middle,0.5,18,99.2
82.5,4.8,34.4,8,6.1,Yes,No,High School,8,4,0,Low,9,18,86
88.9,7.2,48.3,8,7.5,No,Yes,Bachelor,5,5,0,Middle,4.8,18,97.8
89.7,5.3,30,8,5.5,Yes,No,High School,7,6,0,Low,1.3,19,90.8
100,6.8,97.6,7,5.8,Yes,No,Bachelor,6,5,0,High,19.9,18,100
78.5,5.6,71,6,6.9,Yes,No,Diploma,7,4,0,Middle,5.3,18,95.3
71.6,1.2,55.1,6,7.8,Yes,No,Bachelor,7,3,0,High,8.3,19,66.2
84.7,6.8,74.3,3,8,Yes,No,High School,6,6,0,High,15.8,21,95.5
73.2,4.7,70.7,7,8.8,No,Yes,High School,9,5,1,Middle,11.4,18,97.7
98.3,4.4,76.7,10,6.6,Yes,No,Bachelor,5,2,0,Middle,17.5,19,100
78.9,5,84.9,9,6.9,No,No,Diploma,4,7,0,High,4.5,19,100
75.8,3.9,63.9,8,5.9,Yes,No,Diploma,5,5,0,Middle,13.2,21,96.6
76.8,4.9,55.7,6,5.6,Yes,Yes,Diploma,9,5,1,Low,10.5,19,96
89.9,3.4,79.6,9,7.3,Yes,No,High School,8,3,0,Middle,13,19,100
80.3,6.8,79.2,7,6.1,No,No,Bachelor,3,6,0,Low,12.2,20,94.8
74.9,4.3,69.4,10,8.4,Yes,No,Master,8,1,1,Middle,4.1,19,100
100,3.8,98.5,6,5.4,Yes,Yes,Diploma,7,7,0,Low,22.1,21,100
72.6,2.8,61.9,6,7.5,Yes,No,Master,6,0,0,Low,0.5,19,77.6
82.4,5,55.4,6,5.9,Yes,Yes,Master,7,1,0,Middle,3.7,19,91.2
89.2,4.8,73.9,5,6.1,Yes,No,High School,4,5,1,Middle,11.4,19,93
64.1,5.2,58.6,6,7.6,Yes,Yes,High School,7,3,0,Middle,9.5,18,89.1
87.3,2.7,74.9,8,6.3,Yes,No,Diploma,4,3,1,Low,8.7,19,91.2
70.4,1.6,56.3,6,6.4,Yes,No,Bachelor,6,3,0,Middle,11.6,18,75
91.1,5.6,62.4,0,6.1,Yes,Yes,Diploma,6,2,0,Low,3.8,20,75.5
71.4,7.2,94.5,10,9,Yes,Yes,Diploma,9,5,0,Middle,12.2,21,100
89.6,2.7,62.3,4,6.3,Yes,Yes,Diploma,7,4,1,High,7.4,18,81.7
94.2,7.4,56.8,9,7.1,Yes,No,Bachelor,8,6,0,Low,15,18,100
91.5,5,84.4,8,6.8,Yes,No,High School,5,4,0,Low,6.5,19,97.3
84.8,4.5,53.3,10,7.2,Yes,No,Bachelor,7,3,0,Middle,10.3,19,96
79.5,3.8,58.3,9,6.3,Yes,No,Master,8,6,0,Middle,11.2,18,96.6
75.7,2,76.1,6,6.8,Yes,No,Bachelor,9,0,0,Middle,12.5,21,84
98.2,6.3,81.1,6,7.4,Yes,No,High School,5,0,0,Low,8.2,22,100
74.3,3.1,85.1,10,6.1,Yes,No,High School,5,1,0,Middle,6.6,21,97.1
70.6,3.1,57.5,5,8.2,Yes,Yes,Diploma,8,3,0,High,4.1,19,79.1
89.3,6.3,76.3,8,8.3,Yes,No,Master,10,5,0,High,10.4,18,100
73.2,1.1,61.5,7,7.7,Yes,Yes,Bachelor,8,0,0,Middle,0.5,19,72.6
71.5,1.8,59.5,7,7.1,Yes,No,Bachelor,5,4,0,High,9.5,19,80.5
66.1,4.5,84.8,8,4,Yes,Yes,High School,5,3,0,Low,9.9,18,87.3
76.7,5,60.3,8,7.5,Yes,Yes,Bachelor,7,4,0,Low,17.4,20,96.2
81.1,5.4,71.9,8,6.6,Yes,Yes,Bachelor,8,0,0,Middle,4.7,20,100
84.7,4,70.2,8,6.7,Yes,No,Master,7,9,0,Middle,8.9,19,100
92.5,9.1,53,8,4.9,Yes,Yes,Bachelor,5,4,1,High,8.8,19,100
87.8,4.1,81.5,8,7.5,Yes,No,Bachelor,9,2,0,Low,2.5,19,100
79.9,4.1,75.8,6,5.4,Yes,Yes,Bachelor,6,4,0,Low,8,19,100
79.8,3.1,40.2,8,7.1,Yes,Yes,Master,8,7,1,High,1.3,18,94.3
87.6,4.7,71.9,6,8,Yes,Yes,Bachelor,3,1,0,Middle,12.8,19,89.2
96,5.6,57.2,6,6.5,No,Yes,Diploma,9,1,1,Middle,11,19,96.5
83.4,6.7,83.4,7,8.3,Yes,Yes,Bachelor,6,4,0,Middle,10.2,18,100
76.8,1.8,47.8,7,6.2,Yes,Yes,Master,10,4,0,Low,4.8,19,86.8
71.1,4.1,63,8,7.7,Yes,Yes,Bachelor,8,5,0,Middle,15.1,19,97.6
66.1,5.3,73.1,9,5.6,Yes,Yes,Bachelor,4,7,0,Middle,2.6,21,97.8
89.3,5.6,68.8,7,8.1,Yes,Yes,Bachelor,7,6,0,Middle,8.3,19,95.6
88.4,4.5,78.7,8,8,Yes,No,Bachelor,10,1,0,High,2.2,19,100
88.4,5.5,46.7,8,7.5,No,Yes,High School,6,2,0,Low,7.1,18,91.1
80.6,3,91.1,6,6.6,Yes,Yes,Bachelor,10,2,0,Middle,14.4,22,98.8
97.5,7.3,75.4,8,5.5,Yes,Yes,Diploma,8,6,0,Middle,10.4,22,100
76.7,6.3,87,10,6.6,Yes,No,Master,10,5,1,Low,3.4,19,100
92.5,2.1,80.2,8,8.2,Yes,Yes,Master,7,7,0,Low,5.4,21,100
81.6,2.6,67.8,8,7.1,Yes,No,Diploma,7,5,0,Low,6.1,20,97.6
75.3,2.6,50,6,5.3,Yes,No,Master,10,3,0,Middle,3.8,20,83.9
88.5,5.7,60.1,10,5.8,Yes,Yes,Diploma,8,4,0,Middle,9.4,18,100
86.5,2.2,90.3,6,8.4,Yes,Yes,Bachelor,7,1,1,High,18.9,17,95
85.9,3.9,87.4,4,7.5,Yes,Yes,High School,8,5,0,Low,5.2,19,94.6
82.9,5.3,59.3,9,5.6,Yes,Yes,High School,6,3,0,Middle,17.6,18,96
81.6,4.4,30,7,5.1,Yes,Yes,Master,7,6,0,Low,8,21,75.5
100,5,65,7,6.3,Yes,No,Master,9,5,0,Low,9.6,21,100
95,2.6,64,6,5,Yes,No,Bachelor,7,8,1,Middle,9.3,20,88.8
90,5.6,64.5,10,6.8,Yes,Yes,Diploma,5,5,1,High,0.5,18,100
83.2,3.4,75.4,8,9.7,Yes,Yes,Diploma,5,5,0,Low,10.3,19,100
93.1,3.9,80.3,9,5.2,Yes,No,Master,7,4,0,Middle,0.5,18,100
87.7,4.9,81.9,8,6.8,Yes,Yes,High School,5,3,0,Low,9,21,95.4
82.3,4.7,74.2,8,8.4,Yes,Yes,Diploma,4,3,0,Middle,8.8,20,100
78.7,4.5,42.8,10,7.8,Yes,No,Bachelor,5,6,0,High,0.5,18,94.3
81.1,3.1,63.2,7,6.8,No,Yes,Master,9,1,0,Middle,8.3,19,98.2
47.1,4,100,5,6.8,Yes,No,High School,7,4,0,Middle,6.5,18,85.5
84.3,4.5,73.2,9,5.7,Yes,Yes,Bachelor,7,1,0,Middle,7.2,18,96.7
76.6,2,73.1,8,6.7,Yes,No,Bachelor,5,5,0,High,7.3,18,79.1
99.5,3.7,73,8,7.3,Yes,No,High School,6,3,0,Middle,5.1,21,100
82.2,5.2,73.8,8,8.2,Yes,Yes,Bachelor,6,5,0,Low,8.4,19,100
68.9,2.2,34.6,7,6.3,Yes,Yes,Bachelor,6,3,0,Low,12.3,19,66.6
81.5,6.6,64.6,8,6.8,Yes,Yes,High School,4,3,0,Middle,6.8,17,93.9
70.5,6.8,67.5,7,6,Yes,No,Bachelor,9,5,0,Middle,7.7,19,99.3
87.2,2.3,85.9,6,7.2,Yes,No,Bachelor,7,4,0,Middle,11.2,19,95.1
85.2,6.9,68.7,10,7.9,Yes,Yes,High School,7,7,0,Middle,19.3,19,100
92.5,4.2,44.9,5,7.7,Yes,No,Diploma,9,3,0,Middle,7,19,93.3
73.3,5.3,74,10,5.7,Yes,No,High School,9,3,0,Middle,0.5,18,99.7
82.4,3.6,56.7,9,7.2,No,No,Diploma,6,6,0,Middle,3.5,21,83
67,6.2,51,4,6.3,Yes,Yes,High School,8,3,0,High,11,18,82.3
89.7,5.2,56.3,7,8.1,Yes,No,Bachelor,8,3,0,Low,15.6,22,92.2
87.7,3,75.6,7,6.8,Yes,Yes,High School,8,5,1,Middle,3.3,19,89.4
87.5,2.4,85.6,8,5.3,Yes,No,Diploma,9,4,0,Low,7.8,21,99.9
82,1.9,74.8,6,6.8,Yes,Yes,Diploma,9,3,0,Low,8.1,19,79.1
86.6,4.8,76.8,8,7.5,Yes,Yes,Bachelor,8,3,0,High,4.2,21,100
99.6,5.5,74.6,7,7.3,Yes,No,Bachelor,10,7,0,Middle,15.7,17,100
78.9,5.7,69.4,6,6.4,Yes,No,High School,7,4,0,Middle,13.8,18,91.2
83.5,4.3,77.8,6,6.4,Yes,Yes,Master,7,3,0,Middle,9.7,19,91.3
70.1,2.4,34.1,9,5.9,Yes,No,Bachelor,9,3,0,Low,5.9,19,68.6
72.4,3.3,69.6,4,6.6,Yes,Yes,Bachelor,7,5,0,Middle,12.8,22,91.5
83.1,6.6,53.4,8,6.1,No,Yes,Diploma,8,7,0,Middle,10.6,19,99
94.1,3.6,84.3,9,8.1,Yes,Yes,High School,6,4,0,Middle,5.8,22,97.7
79.2,4.8,65.9,7,6,Yes,Yes,Master,2,2,0,Low,12.9,20,86.8
79.4,2.6,68.4,8,7.1,No,No,High School,8,8,0,Middle,9.8,21,93.5
77.5,5.1,46.9,10,7.1,Yes,Yes,Bachelor,4,4,0,Middle,0.5,19,100
76.1,3.7,82.2,6,8,Yes,Yes,Bachelor,6,4,0,High,3,18,96.8
85.2,6.4,76.8,6,8.2,Yes,No,Master,9,4,0,Middle,1.4,18,100
65.5,5.9,75.8,7,7.8,No,Yes,Diploma,9,2,0,Middle,13.2,20,95.5
96.1,3.6,56.6,10,7.4,Yes,No,Bachelor,9,4,0,Middle,4.5,22,95.2
74.7,4.3,57.2,10,5.8,Yes,No,Bachelor,3,6,1,Middle,11.1,18,91.4
89.9,3.5,71.1,5,5.8,No,Yes,High School,8,6,0,Middle,18.9,20,98.4
68,1.9,58.3,10,6.1,Yes,Yes,High School,6,3,0,Middle,12,19,87
89.4,3,74.1,9,7.8,Yes,No,High School,9,4,0,Middle,5.9,22,100
89.4,4.9,37.7,10,7.1,No,No,High School,10,6,0,Middle,4.3,21,100
86.2,5.1,61.2,8,8,Yes,No,High School,4,4,0,Low,6.5,18,95.2
71.1,4.8,93.2,7,8.1,Yes,No,Bachelor,7,5,0,Middle,2.9,20,100
84.7,4,74.2,10,6.2,Yes,No,Bachelor,9,5,0,Middle,2.3,20,98.3
69,6.2,70.3,9,7,Yes,Yes,Master,6,3,0,Middle,4,20,100
79.2,4.6,95.8,10,7,Yes,No,Diploma,10,2,0,Middle,10.7,18,100
93.3,5.8,35.3,9,6.6,Yes,Yes,Diploma,6,6,0,Middle,5.4,20,86.9
90.8,1.3,56.6,8,6.4,Yes,Yes,Master,6,0,0,Middle,6.9,18,75.1
82.2,0.5,62.4,5,8.3,Yes,Yes,Bachelor,5,3,0,Middle,10.3,19,76.7
71.3,5,80,6,7.1,Yes,Yes,Bachelor,7,1,1,Middle,11.6,18,84.2
89.1,1.9,80.3,5,7,Yes,No,Diploma,1,6,0,High,0.5,19,94.2
82.2,4.1,55.9,7,6.1,Yes,Yes,Master,7,7,0,Middle,0.5,21,87.2
56.5,4,82,9,7.7,Yes,Yes,High School,10,3,0,Middle,6.1,18,100
90.6,7.4,62.4,7,5.9,Yes,Yes,High School,4,10,0,High,2.4,21,100
81.7,5.2,85,10,7.5,Yes,Yes,Bachelor,4,7,0,Low,12.3,19,100
95.2,4.8,53.5,8,7.5,Yes,No,Bachelor,9,4,0,Middle,5.7,19,100
70,6,66.3,7,6.5,Yes,No,High School,10,7,0,Low,17,18,100
47.1,5.2,61.1,8,7.3,Yes,No,Bachelor,4,3,0,High,5.6,19,78.5
85.1,3.7,82.8,8,7.2,Yes,No,Bachelor,10,3,0,Middle,9.5,18,100
85.2,6.4,60.7,8,7,Yes,No,Bachelor,8,5,1,Middle,4.7,22,98.5
63.4,2.5,67.4,8,7,Yes,Yes,Diploma,9,3,0,Low,10.4,18,91.6
71.2,5.1,75.1,6,7.1,Yes,No,High School,5,1,0,Middle,10.5,19,92
100,1.7,75.6,7,7.1,Yes,Yes,Bachelor,10,2,0,Middle,12.4,19,92.8
78.6,4.9,80.4,10,7.1,Yes,No,Master,6,4,1,High,7.3,19,100
90,4.8,71,10,5.8,Yes,No,High School,6,5,0,Low,14.4,21,100
74.8,7.5,62.1,5,6.8,Yes,No,Diploma,8,3,1,Low,9.5,18,89.7
59,1.7,63.1,3,7.3,Yes,Yes,Diploma,6,1,1,High,4.8,20,68
80.1,3.4,68.4,8,7.1,Yes,Yes,High School,4,5,1,Middle,4.8,18,93.4
79.1,6,71.5,9,8,Yes,No,Master,7,7,0,Middle,11.6,18,100
77.6,5.1,65.9,6,7.7,Yes,No,High School,6,3,0,Middle,14.3,22,85.2
80.7,4.8,68.3,10,6,Yes,No,Bachelor,5,7,1,High,2.4,20,100
84.9,2.8,46.8,8,6.8,Yes,Yes,Diploma,9,6,0,Middle,11.8,20,98
80.3,3.4,77.3,7,6.7,Yes,No,Diploma,10,2,0,Middle,0.6,18,96.2
68.1,6.7,70.5,9,7,Yes,No,Master,5,3,0,Low,4.9,18,98.4
87.3,4.4,82,6,7,Yes,Yes,Bachelor,7,3,0,Middle,10.4,20,96.1
60.6,5.2,68,7,7.7,Yes,No,Bachelor,6,4,0,High,3.8,19,99.9
59.4,4.3,43.7,9,7.2,Yes,Yes,Bachelor,10,0,0,High,15.3,19,86.9
90.1,2.4,63,7,8.4,Yes,No,Diploma,8,2,0,High,11,19,89.4
87.6,6.2,65.2,10,7.3,Yes,No,Bachelor,9,3,0,Middle,2.1,21,100
81.4,5.4,78.4,9,6.1,Yes,No,Diploma,9,8,0,Middle,11.3,21,100
66.7,8.7,39,9,6.5,Yes,Yes,Bachelor,7,4,0,Middle,1.4,18,92.9
74.2,2.7,68.6,7,7.7,Yes,No,Bachelor,7,2,0,Middle,8,20,84.8
79.1,6,75.2,9,5.2,Yes,No,High School,10,3,0,High,12.4,18,100
64.4,2.1,58.7,7,5.5,Yes,No,Master,9,5,0,High,11.5,20,79.7
73.9,4.8,69,8,7,Yes,No,Bachelor,5,3,1,Low,7.6,18,96.6
89.2,6.3,59.2,6,8,Yes,Yes,Diploma,6,3,0,High,6.3,20,100
97.7,0.8,57.8,10,8.4,Yes,No,High School,6,3,0,High,2.2,19,85.2
77.4,4.1,62.3,8,6.8,Yes,Yes,Master,9,5,0,Middle,8.9,18,95.1
90.3,3.5,58.1,10,8.2,No,No,Master,10,1,0,High,12,20,91.8
60.9,3.2,77.6,10,7.1,Yes,Yes,Bachelor,10,2,0,Middle,18.3,18,97.1
89.3,5.2,57.7,9,5.3,No,Yes,Diploma,6,2,0,Middle,5.7,18,91.4
73.2,6.5,55.4,8,7,Yes,No,Diploma,7,2,0,Middle,12.2,19,86.6
85.4,4.3,92.8,6,6.3,Yes,Yes,Diploma,6,2,0,Middle,11.8,22,100
79.3,4.9,81.5,9,8,Yes,No,Bachelor,7,6,0,Low,5.6,21,100
96.5,4.7,41.9,8,7,Yes,Yes,High School,9,6,0,High,11.6,21,91.5
72.4,4.5,57.3,9,5.6,Yes,No,Master,7,5,0,High,3.9,21,100
88.9,2.5,71.4,10,5.4,Yes,No,High School,10,4,1,High,9.3,19,90.4
78.9,6.5,72.5,6,7,Yes,No,Bachelor,6,3,1,Low,6.9,19,99.1
80.3,5,47.1,6,4.3,Yes,Yes,Diploma,8,0,0,Middle,10.2,21,93.4
80,5.2,84.2,7,6.4,Yes,Yes,High School,6,4,0,Middle,10.6,18,100
72.7,3,79.6,9,7.3,Yes,Yes,Bachelor,3,5,0,High,5.4,22,95.8
81.8,3.7,74.7,9,5.8,Yes,No,Bachelor,5,3,0,Middle,8,19,96.2
81.3,4.2,87,6,8.1,No,No,Bachelor,7,2,0,Middle,7.4,19,100
84.7,1.7,74.3,9,8.3,Yes,No,High School,10,1,0,Middle,2.6,19,100
82.9,1.5,74.3,5,5.9,Yes,No,Diploma,6,4,0,Low,6.2,18,81.1
90.8,3.4,89.8,6,6.7,Yes,No,Master,7,4,0,Middle,5.1,20,100
92.2,5.4,83.4,7,8.1,Yes,Yes,Bachelor,8,6,0,Low,2.4,19,100
70.4,3.3,56.2,6,7,Yes,Yes,Bachelor,6,2,0,Low,4,19,78.6
91.6,2.7,76.9,9,5.5,Yes,No,Diploma,6,3,0,Middle,6.7,18,89.7
69,3,58.7,8,6.8,No,Yes,Bachelor,7,4,0,Middle,8.3,19,92
88.5,3.7,75.1,10,6.1,Yes,No,Diploma,6,3,0,Low,1.8,19,100
88.8,3.9,74.7,7,8.2,Yes,Yes,Diploma,3,6,0,Middle,14,19,100
61,8.4,48.6,7,7.7,Yes,Yes,Diploma,6,6,0,Low,11.1,17,100
83,6.4,66.3,10,6.7,Yes,No,High School,8,2,1,Middle,7.6,19,94.1
76.8,6.3,71.7,7,7.2,Yes,No,Diploma,8,3,0,Low,1.9,18,99.6
73.7,6.6,61.9,10,5.6,Yes,No,High School,10,7,0,Low,6.9,18,100
96.9,2.7,72.4,9,6.2,Yes,No,Diploma,10,5,0,Low,6.6,19,100
74.8,2.3,79.3,3,8.7,Yes,Yes,Bachelor,5,4,0,Middle,2.6,20,91.2
73.1,2.5,67.6,10,7.1,Yes,Yes,Master,6,5,0,Low,2.2,19,96.2
82.8,6.9,71.1,9,8,No,No,High School,6,5,0,Middle,11.8,20,95.5
89.5,3.5,87.4,9,7.3,Yes,No,Diploma,7,5,1,Middle,6.4,20,100
80.4,2.2,74.6,4,8.4,Yes,Yes,Diploma,6,4,0,High,12.4,18,93
94.8,3.7,70.8,6,4.8,Yes,No,High School,7,4,0,High,7.9,18,90.7
87.8,4.1,54.6,6,6.8,Yes,No,High School,5,7,1,High,11.8,17,86.7
58,5,77.4,6,8.8,No,Yes,Diploma,9,3,0,Middle,11.6,22,95.4
76.2,5,72.6,10,8.1,Yes,No,Bachelor,5,4,0,Middle,10.3,18,96.3
75.8,3,86,7,8.5,No,No,Bachelor,5,7,0,Middle,13.9,20,91.3
87.3,5.7,68.7,7,7,Yes,Yes,Master,8,5,0,Middle,8.5,20,100
53.1,3.3,42.6,9,6.4,Yes,No,Bachelor,8,4,0,Middle,0.5,20,78.4
100,4.2,44.2,9,5.9,Yes,No,High School,7,5,0,Middle,1.3,19,95.8
87.8,5.7,78.3,1,5.8,Yes,No,Bachelor,9,4,0,Middle,4.7,19,88.4
83.6,3.3,60,6,7.9,Yes,No,Bachelor,9,3,0,High,11.7,18,87.8
95,3.5,74.1,5,7.6,No,Yes,Diploma,10,4,2,High,6,18,98.4
100,5.6,69.6,8,6.9,Yes,Yes,Master,8,2,1,High,9,19,100
91.6,3,65.7,7,7.6,Yes,No,Bachelor,10,8,0,Low,10.7,21,100
92.4,3.8,66.7,8,7.2,Yes,No,Bachelor,7,4,0,High,8.8,19,100
83.4,5.5,55.9,3,8.1,Yes,Yes,High School,10,2,0,Middle,0.5,20,93.3
80.4,8.2,67.8,7,8,Yes,Yes,Master,10,3,0,Middle,2.1,21,100
76.8,5.6,59.8,10,5.8,Yes,No,Bachelor,7,6,0,Low,16.8,19,100
72.9,5.4,62.8,10,7.3,Yes,No,Diploma,6,2,0,Middle,9.6,19,89.7
74.4,5.5,63.5,9,5.2,Yes,Yes,Diploma,6,9,0,Middle,0.5,21,100
67.1,2.6,64.8,5,7.1,Yes,No,High School,8,1,0,Middle,8.3,18,79.2
81.2,4.7,80.9,10,7.7,Yes,Yes,High School,5,6,0,Low,17,17,99.8
63.5,4.4,66.2,9,5.6,Yes,Yes,Bachelor,6,3,0,Middle,9.4,18,92.8
84.1,5.1,82.3,7,6.5,Yes,Yes,High School,9,2,0,Middle,8.2,19,91.7
81.6,4.7,89.5,3,7,Yes,No,Master,8,5,0,Low,0.5,21,100
83.6,5.2,80,9,7.3,Yes,No,Bachelor,2,3,0,Middle,6.6,19,100
76.3,3.9,75.5,6,6.7,Yes,No,Diploma,4,7,0,Low,0.5,19,98.4
100,4.6,72.6,8,5.7,Yes,Yes,Diploma,10,1,0,Middle,1.9,19,100
97,2.3,80.1,8,6.9,Yes,No,Diploma,9,5,0,Middle,0.7,20,100
68.3,3.9,69.3,10,5.2,Yes,Yes,High School,6,3,0,High,16.7,20,92.1
84.6,7,81.8,7,6.7,Yes,No,High School,4,5,0,Low,11.6,19,94.7
75.3,5.1,76.6,7,6.5,Yes,No,Diploma,5,5,1,Middle,15,19,83.8
70.8,4.5,63,10,6.9,Yes,Yes,Master,8,1,1,Low,1.4,17,86
67.3,7.9,80.5,6,6.4,Yes,Yes,Master,10,4,0,Middle,9,20,100
86.8,2.1,69.3,9,5.3,Yes,No,Bachelor,10,6,1,Low,3,20,88.2
74.5,2.5,66.5,7,6.6,Yes,No,Bachelor,4,5,1,High,3.5,19,83.7
92.6,7.6,61.3,5,8,Yes,Yes,Master,6,3,0,Low,10.3,19,99.2
92.9,4.6,70.3,8,8.4,Yes,No,Bachelor,5,1,1,Middle,8.9,19,97.3
97.1,4.1,82,9,9.7,Yes,Yes,High School,7,5,2,Middle,9.4,20,100
72.6,2.3,80.4,10,8.9,Yes,Yes,Bachelor,4,8,0,Middle,1.7,19,100
87.2,5.3,72.9,10,5.7,Yes,No,Master,6,5,0,Middle,8.6,19,100
89,5.5,76.4,7,6.6,Yes,No,High School,5,6,0,Low,9.7,21,95.5
76.8,2.5,85.8,6,7,Yes,Yes,Diploma,8,6,0,Middle,4.6,19,100
73.5,4.2,65.9,7,6.9,Yes,Yes,Diploma,6,3,2,High,6.6,18,87
99.7,3.9,52.4,5,7.1,No,No,High School,6,4,0,High,0.5,21,92.6
84.5,5,86.2,7,9.6,No,No,High School,8,6,1,Middle,0.5,18,100
89,2.5,60.6,7,5.8,Yes,No,Diploma,10,1,0,Middle,18,22,73.6
73,6.8,58.3,9,6.2,Yes,No,Master,10,5,0,Low,9,21,100
68.6,6.1,42.9,3,8.8,Yes,No,Master,8,7,1,Middle,6.2,19,85.8
75.7,3.8,76,6,6.3,Yes,Yes,Master,7,4,1,Middle,12,20,98.5
80.6,4.1,45.3,6,7.4,Yes,No,High School,10,6,0,Low,3.6,18,91.4
70.3,4.3,57.5,10,8.1,Yes,Yes,High School,9,3,1,Middle,8.6,18,100
81.9,3.1,76.2,5,7.5,Yes,No,High School,9,4,1,Low,13.5,19,95.9
63.4,3.7,78.1,8,7.2,Yes,No,Master,4,3,1,Low,2.5,19,87.5
69.7,4,58.9,7,8,Yes,No,High School,9,5,0,Low,5.5,22,81.9
89.4,7.4,66.1,10,6,Yes,No,Bachelor,8,4,1,High,1.1,19,100
88.6,6.2,55.8,9,6.5,No,No,High School,5,1,0,High,12.2,20,87
77.7,6.2,60.3,8,7.6,No,No,High School,6,3,1,Middle,9,18,88.4
70.8,5.2,71.7,6,4.7,Yes,No,High School,8,8,0,Low,13.9,20,94.1
70.7,2.5,61,4,8.6,Yes,No,Bachelor,2,5,0,Middle,12.2,18,79
77.9,4.4,64.6,8,7.3,Yes,No,High School,7,0,1,Middle,6.7,20,94.3
89.1,6.2,47.5,9,7.2,Yes,Yes,High School,6,6,0,Low,10.1,21,94.1
92.2,2.2,83.9,4,5.2,No,No,Diploma,5,2,0,High,10.1,19,77.5
76.5,5.6,75.1,5,5.6,Yes,Yes,Bachelor,6,6,2,Middle,11.7,18,97.2
69.3,8.7,79.1,8,6.6,Yes,Yes,Diploma,4,7,0,High,15.3,19,100
84.9,6.4,86.1,8,7.9,Yes,No,Master,9,4,0,Middle,2.5,21,100
72.9,7,56.4,6,4.7,Yes,Yes,Diploma,3,2,0,Middle,0.5,20,92.8
76.3,4.9,63,6,7.9,Yes,Yes,High School,7,3,0,Middle,2.7,20,96.6
96.6,6.2,41.5,4,6.6,No,Yes,Bachelor,5,5,0,Low,10.4,20,77.8
91.1,3.2,100,10,6.8,Yes,Yes,Diploma,10,2,0,High,10.1,21,100
83.7,5.9,65.9,5,7.3,Yes,Yes,Bachelor,7,3,0,Middle,5.2,18,94.6
68,5.7,82.5,9,7.3,No,No,Master,3,5,0,Middle,6.6,21,100
84.3,5,50.7,7,6.2,Yes,No,Bachelor,8,3,1,Middle,3.8,20,91.7
93.7,6.9,81.9,10,7.7,Yes,Yes,Diploma,5,7,0,Middle,7.5,19,100
77.9,3.5,94,6,4.4,Yes,Yes,High School,9,2,0,Middle,4.5,19,93.2
96.9,4.2,67.2,8,6.5,No,No,Master,8,0,0,Middle,16.2,21,85.4
96.2,4.7,53.8,4,7.2,Yes,No,Diploma,10,2,0,High,14.6,20,95.6
100,2.6,66.1,4,6.6,No,No,Bachelor,7,5,0,High,11.6,22,92
85.4,4.9,36.8,9,5,Yes,Yes,Master,9,6,0,Middle,8.2,20,97.4
88.5,1.4,67.5,4,7.8,Yes,Yes,Bachelor,7,3,0,Middle,13.7,18,76.8
97.6,6.4,79.5,7,5.6,Yes,Yes,Diploma,6,3,0,Middle,8.5,18,100
86.9,4.6,67.5,10,6.9,Yes,No,Bachelor,9,4,1,Low,8.8,21,100
76.5,3.6,64,9,7.2,Yes,No,High School,5,7,0,Middle,0.5,20,91.9
77.1,3,75.4,6,7,No,No,Diploma,7,5,1,Middle,9.3,18,91
84.6,4.1,76.5,4,8.3,Yes,Yes,Diploma,6,3,0,Low,1.5,17,87.2
67.8,5.7,44.8,9,6.9,Yes,No,High School,9,8,1,High,6,18,95.6
80.4,5.5,69.2,10,7.5,Yes,No,Bachelor,5,4,0,Middle,8.8,18,100
94.1,3.2,100,6,6.9,Yes,No,Bachelor,6,0,0,Low,3.5,21,100
57.9,3,49.3,6,7.7,Yes,No,Bachelor,7,1,0,Low,10.4,21,77.1
98.9,5.7,66.8,6,8.5,No,No,Master,10,5,0,High,13.3,21,100
94.3,3.2,95.2,9,7.2,Yes,Yes,High School,6,0,0,Middle,3.6,18,100
76.9,4.6,83.5,10,7.9,Yes,Yes,Bachelor,6,5,0,High,8.6,18,100
88,4.7,60.8,5,8.6,Yes,No,Diploma,4,2,0,Middle,1.8,18,89.1
82,5.1,70.9,5,8.5,Yes,No,Bachelor,5,6,0,Low,2.2,18,93.8
95.5,6,68,10,6.6,Yes,No,Master,8,4,2,Middle,9.6,18,100
92.8,2.2,57.5,7,8.1,Yes,No,Diploma,7,1,0,Low,11.6,22,77.6
66.6,1.1,67,8,7.3,Yes,Yes,Bachelor,7,6,0,High,0.5,21,94.9
88.5,3.5,64.1,6,8.2,Yes,No,Diploma,10,7,0,Middle,18.2,18,100
79.7,7.7,69.6,8,7.6,No,No,Bachelor,4,1,0,High,5.5,18,98.4
82.9,8.1,57.5,9,7.3,Yes,Yes,Bachelor,10,2,0,Middle,9,18,100
74,7.8,50.1,8,7.5,Yes,Yes,Bachelor,9,5,0,Low,5.3,20,100
100,4.2,67.4,10,7.3,Yes,No,Diploma,6,5,0,Middle,6.6,20,97.6
93.4,1.3,92,7,7.3,Yes,Yes,Bachelor,8,9,0,Middle,15.6,20,100
73.9,0.5,69.2,7,6.8,Yes,Yes,Bachelor,6,6,0,High,15.5,21,85
67.3,3.4,63.4,8,6.7,Yes,Yes,Diploma,8,9,0,Middle,0.5,18,100
77.8,4.1,78.6,8,8.9,No,No,Diploma,10,4,0,Middle,5.2,18,100
86.8,6.8,65.8,8,7.5,No,No,Diploma,6,5,1,Low,22.8,18,98.8
84.6,6.1,94.2,5,6.4,Yes,No,High School,7,3,0,Low,5.8,18,97.5
95.8,4.9,67.9,8,6.7,Yes,Yes,High School,5,3,0,Middle,10.1,20,93.3
90.7,2.9,77.8,7,8.2,Yes,No,High School,6,4,1,Middle,13.7,18,100
92.7,2.8,57.4,6,6.2,No,Yes,Bachelor,6,3,0,Middle,12.3,19,81.7
85.6,5,75,8,5.4,Yes,Yes,Master,5,0,0,Middle,0.5,20,97.4
66.7,5.8,71.9,6,5.5,Yes,Yes,Bachelor,6,3,1,Middle,9.7,19,92.7
79.8,5.2,67.2,5,5.1,Yes,Yes,Bachelor,7,6,0,Middle,16.7,19,91.5
93.7,2.6,61,2,5.6,Yes,Yes,High School,6,4,1,Low,8.1,19,73.8
81.4,5.7,59.1,10,5.7,Yes,Yes,Diploma,2,4,0,Middle,2.8,19,86.3
87.5,5.3,72,9,8.5,Yes,Yes,Master,7,2,1,Low,2.9,21,96.9
78.5,2.6,76.8,7,6.9,Yes,No,Bachelor,7,5,0,Middle,7,19,98
70.7,3.1,66.2,6,6.6,Yes,Yes,High School,10,7,1,Low,11.4,18,86.4
80.6,5.7,72,2,5.4,Yes,No,Diploma,7,7,1,High,22.4,20,93
85.4,4.1,67.5,6,6.8,Yes,No,High School,9,5,0,Middle,6.6,18,87.3
74.8,7.4,69.4,9,5.1,Yes,Yes,Diploma,6,2,0,Middle,10.8,19,100
79.4,5.4,65.2,9,6.6,Yes,No,Diploma,10,8,0,High,0.5,19,100
71.7,3.6,68.3,9,9.3,Yes,No,Master,5,6,0,Low,0.5,18,91.1
94.3,4.5,100,8,7.7,Yes,Yes,Bachelor,8,1,0,Middle,5.5,22,100
78.8,4.6,72.4,10,6.8,No,Yes,Diploma,9,0,0,High,10.2,19,90.4
98,3.2,77,7,7.8,Yes,No,Diploma,8,1,2,Middle,7.6,18,98.8
98.8,2.9,74.1,10,6.4,Yes,No,Bachelor,10,3,0,Middle,8.3,19,100
81.1,5.8,64.3,7,6.1,Yes,No,Diploma,6,6,0,Middle,6.6,19,93.3
70.9,6,86.1,6,8.9,Yes,Yes,Bachelor,10,6,0,Middle,7.9,19,100
59.1,5.6,63.9,5,5.7,No,No,Diploma,9,5,0,Middle,6.5,19,90
65.8,7.2,82.8,5,6.6,Yes,No,Diploma,7,4,0,Low,1.3,20,100
66.9,3.5,63.3,9,7.3,Yes,No,High School,10,9,0,Middle,0.5,18,100
97.2,7.5,54.6,6,6,Yes,No,Master,7,4,2,Middle,14.8,19,94.4
83.3,2.9,73.1,5,7.7,Yes,Yes,High School,7,4,0,Middle,3.9,20,86.9
86.3,2.7,52.5,9,6.7,Yes,Yes,High School,7,3,0,Middle,6.8,18,86.9
57.6,1.3,75.5,8,7.7,Yes,Yes,Diploma,4,8,0,High,13.9,19,89.1
68.8,3.7,51.3,9,7.6,Yes,No,Bachelor,9,5,0,Middle,6.7,22,96.3
91.8,3.6,63.5,9,6.7,Yes,Yes,Bachelor,8,2,0,Middle,12.4,20,94.4
85.2,5.4,48,6,8.9,Yes,No,High School,7,2,1,Low,3.6,19,89
80.4,4.9,100,8,6.3,No,No,High School,10,1,0,Low,15.8,20,100
88.2,2.4,44.8,8,8.5,Yes,Yes,Bachelor,6,4,0,High,9.1,19,88.2
100,3.8,68.1,6,8.3,No,No,Bachelor,4,1,0,Middle,7.9,22,80.2
79.6,3.8,84,5,8.9,Yes,No,Bachelor,10,2,0,High,7.2,18,100
82.8,1.3,82.5,6,7.2,Yes,Yes,Bachelor,9,6,0,Middle,11.8,20,96.1
84.1,2.7,79.9,10,6.1,Yes,No,Bachelor,8,6,0,Middle,9.2,17,100
100,3.1,63.6,7,9.3,Yes,No,Diploma,6,7,0,Middle,0.5,18,93.2
58.9,7.1,86.9,10,6.6,Yes,Yes,Bachelor,8,1,1,Middle,5.8,20,100
89.5,4.8,80.8,7,6.1,Yes,No,Bachelor,4,2,1,Middle,9.6,20,91.9
80.7,5.7,71,9,6.8,Yes,No,High School,7,3,0,Low,3.2,18,100
88.2,1.8,71.4,9,5.9,Yes,No,Diploma,5,7,1,High,5.5,19,99
74.8,6.6,63.7,9,7.6,Yes,No,Bachelor,8,4,0,Middle,6.1,18,99.7
81.5,6.8,55.3,8,6.3,Yes,Yes,Bachelor,9,8,1,Middle,16,21,100
89.8,0.9,85.3,10,6.7,Yes,Yes,Bachelor,5,5,0,Low,11,19,97.6
100,3.2,86.4,8,8.1,Yes,No,Diploma,8,4,0,High,9.6,19,100
90.9,5.4,55.6,10,7.7,Yes,Yes,High School,7,5,0,High,2.2,21,100
72.7,5.7,65.8,4,7,No,No,High School,8,1,0,Middle,4.6,20,83.6
